order_id,order_date,customer_id,customer_name,age,gender,region,city,product_category,product_name,quantity,unit_price,discount_pct,sales_amount,profit,shipping_cost,payment_method,customer_satisfaction,return_flag,order_status,days_to_ship
ORD-04200,12/30/2024,CUST38440,Rohan Rao,22,Other,South,Bangalore,Furniture,Sofa,6,5868.58,0.29,27272.26,8506.96,61.17,Cash on Delivery,3,TRUE,Returned,5
ORD-04199,12/30/2024,CUST53723,Sunita Kumar,15,Male,North,Chandigarh,Beauty,Face Cream,9,1820.1,0.28,9661.83,5675.66,46.9,EMI,2,TRUE,Returned,3
ORD-04198,12/29/2024,CUST54617,Kavya Joshi,36,Other,East,Patna,Furniture,Chair,6,21398.46,0.34,75488.55,18648.21,99.52,EMI,4,FALSE,Delivered,1
ORD-04197,12/28/2024,CUST98908,Rohan Sharma,33,Female,West,Mumbai,Groceries,Sugar,1,51.21,0.14,42.95,2.98,49.87,EMI,4,FALSE,Pending,8
ORD-04196,12/28/2024,CUST70995,Rahul Gupta,40,Male,North,Ludhiana,Electronics,Headphones,5,8516.83,0.34,25126,3420.94,56.78,UPI,4,FALSE,Delivered,4
ORD-04195,12/28/2024,CUST13220,Ritu Gupta,36,Other,East,Bhubaneswar,Furniture,Desk,9,21875.15,0.01,161990.01,51700.42,87.08,Credit Card,4,FALSE,Delivered,10
ORD-04194,12/28/2024,CUST18508,Sunita Sharma,56,Male,North,Ludhiana,Books,Biography,2,709.51,0.08,1228.87,481.53,18.48,Net Banking,5,FALSE,Cancelled,5
ORD-04193,12/28/2024,CUST18192,Nikhil Bose,25,Female,East,Patna,Beauty,Perfume,5,724.63,0.1,3163.89,1918.69,48.49,Credit Card,5,FALSE,Delivered,6
ORD-04191,12/26/2024,CUST42768,Nisha Singh,4,Female,West,Surat,Sports,Cycle,8,1646.28,0.25,7889.98,1643.93,58.56,Cash on Delivery,4,FALSE,Delivered,10
ORD-04190,12/26/2024,CUST01943,Amit Reddy,21,Other,North,Ludhiana,Sports,Cricket Bat,6,5492.54,0.09,25243.43,6104.49,71.5,EMI,5,FALSE,Delivered,1
ORD-04189,12/26/2024,CUST28178,Sanjay Rao,32,Other,West,Mumbai,Electronics,Smartwatch,4,64608.94,0.17,191352.59,27372.68,79.41,Credit Card,4,TRUE,Returned,5
ORD-04186,12/25/2024,CUST56795,Meera Das,26,Other,North,Amritsar,Sports,Tennis Racket,1,5533.14,0.17,4162.69,628.33,62.44,EMI,4,FALSE,Cancelled,6
ORD-04185,12/25/2024,CUST09877,Nisha Mehta,11,Male,South,Bangalore,Clothing,Kurta,6,914.9,0.29,3583.35,1511.38,91.61,Credit Card,5,FALSE,Shipped,6
ORD-04184,12/24/2024,CUST57246,Shreya Patel,34,Male,East,Guwahati,Furniture,Chair,9,17949.6,0.08,129636.87,41301.73,79.91,UPI,5,FALSE,Delivered,3
ORD-04183,12/24/2024,CUST82683,Kavya Patel,60,Female,Central,Indore,Books,Biography,1,1309.19,0.23,976.81,529.27,64.44,Debit Card,2,FALSE,Delivered,7
ORD-04181,12/23/2024,CUST34843,Rohan Chatterjee,5,Male,South,Bangalore,Beauty,Sunscreen,4,270.17,0.27,766.64,297.01,54.45,UPI,2,FALSE,Pending,3
ORD-04180,12/22/2024,CUST01003,Priya Pillai,28,Female,Central,Bhopal,Groceries,Sugar,10,194.61,0.27,1329.87,143.25,23.86,EMI,2,FALSE,Delivered,5
ORD-04179,12/22/2024,CUST52695,Meera Mehta,47,Male,North,Chandigarh,Electronics,Laptop,10,56887.12,0.33,320072.27,41433.48,58.41,Net Banking,1,FALSE,Delivered,6
ORD-04178,12/22/2024,CUST11016,Amit Verma,53,Male,West,Mumbai,Beauty,Shampoo,3,855.83,0.14,2047.13,587.72,59.05,Net Banking,4,FALSE,Pending,6
ORD-04177,12/21/2024,CUST44560,Amit Verma,49,Female,South,Bangalore,Sports,Dumbbells,2,13057.02,0.35,14206.67,3578.76,69.31,Credit Card,5,FALSE,Delivered,10
ORD-04175,12/20/2024,CUST38221,Pooja Kapoor,48,Other,North,Ludhiana,Beauty,Lipstick,5,1283.61,0.36,3770.64,2025.41,50.14,Credit Card,4,FALSE,Delivered,8
ORD-04174,12/19/2024,CUST60428,Deepa Pillai,17,Other,South,Kochi,Furniture,Bed Frame,5,22094.81,0.05,95653.07,32975.78,89.18,Net Banking,3,FALSE,Delivered,3
ORD-04173,12/17/2024,CUST95025,Aditya Kapoor,18,Female,North,Ludhiana,Furniture,Sofa,6,29938.75,0.17,139138.9,44922.96,34.46,Cash on Delivery,1,FALSE,Delivered,9
ORD-04171,12/17/2024,CUST15084,Nikhil Mishra,43,Male,South,Kochi,Clothing,Jacket,5,3006.52,0.12,10622.32,4837.79,75.97,Credit Card,1,FALSE,Delivered,5
ORD-04167,12/15/2024,CUST06213,Kavya Patel,29,Other,East,Bhubaneswar,Furniture,Bed Frame,9,26558.96,0.12,191023.49,41485.81,110.49,Net Banking,3,TRUE,Returned,6
ORD-04166,12/15/2024,CUST73620,Rohan Reddy,18,Female,South,Bangalore,Clothing,T-Shirt,6,841.47,0.12,4321.42,1728.55,70.62,UPI,1,FALSE,Delivered,2
ORD-04164,12/14/2024,CUST96903,Deepa Kapoor,46,Other,North,Amritsar,Furniture,Chair,1,9449.94,0.15,7223.61,2224.51,32.57,UPI,1,TRUE,Returned,2
ORD-04162,12/11/2024,CUST14967,Kavya Kumar,15,Other,North,Delhi,Groceries,Sugar,10,273.14,0.28,1532.4,100.08,54.94,EMI,4,FALSE,Delivered,5
ORD-04161,12/11/2024,CUST28262,Aarav Patel,22,Male,South,Chennai,Groceries,Rice (5kg),3,55.73,0.25,132.26,9.16,67.07,Credit Card,4,TRUE,Returned,9
ORD-04160,12/11/2024,CUST91116,Rohan Patel,36,Male,South,Hyderabad,Books,Biography,7,609.79,0.25,2905.61,1079.08,68.86,UPI,3,FALSE,Delivered,7
ORD-04159,12/11/2024,CUST56892,Karan Gupta,19,Male,South,Bangalore,Electronics,Camera,10,19562.84,0.24,159763.82,22214.02,80.65,EMI,5,FALSE,Shipped,10
ORD-04158,12/10/2024,CUST75042,Pooja Verma,44,Female,Central,Nagpur,Books,Self-Help Book,7,612.7,0.22,3224.82,991.03,55.8,Credit Card,5,FALSE,Delivered,4
ORD-04157,12/10/2024,CUST48612,Nisha Bose,56,Male,South,Hyderabad,Furniture,Bookshelf,6,10501.71,0.38,35801.2,13056.43,75.18,Credit Card,1,FALSE,Cancelled,6
ORD-04156,12/9/2024,CUST37501,Rohan Bose,40,Other,Central,Raipur,Electronics,Tablet,4,23593.16,0.39,50867.37,6623.39,41.37,Net Banking,4,FALSE,Delivered,9
ORD-04155,12/9/2024,CUST98534,Rohan Bhat,49,Other,Central,Indore,Beauty,Lipstick,7,2138.83,0.26,10637.74,4567.68,39.39,Debit Card,2,FALSE,Cancelled,7
ORD-04154,12/9/2024,CUST34894,Nikhil Bose,18,Other,East,Bhubaneswar,Books,Cook Book,2,1034.18,0.33,1184.8,369.59,65.48,Credit Card,5,FALSE,Delivered,3
ORD-04153,8/12/2024,CUST73466,Aditya Pillai,24,Male,West,Pune,Groceries,Dal (1kg),10,390.96,0.37,2025.46,195.36,83.81,Credit Card,2,FALSE,Delivered,1
ORD-04152,12/7/2024,CUST27678,Kavya Kapoor,39,Other,South,Hyderabad,Groceries,Tea,6,199.94,0.07,1058.44,90.06,70.92,Credit Card,3,FALSE,Shipped,10
ORD-04151,12/7/2024,CUST43686,Nikhil Singh,23,Other,North,Delhi,Groceries,Rice (5kg),4,471.4,0.3,1216.57,70.68,52.55,EMI,4,FALSE,Delivered,9
ORD-04150,12/7/2024,CUST41606,Arjun Verma,26,Female,North,Ludhiana,Electronics,Headphones,2,51176.53,0.12,72400.09,8619.13,59.77,Cash on Delivery,2,FALSE,Delivered,3
ORD-04149,12/7/2024,CUST54782,Karan Verma,37,Female,Central,Indore,Books,Textbook,8,519.05,0.33,2627.87,1117.94,51.28,Debit Card,2,FALSE,Delivered,10
ORD-04148,12/7/2024,CUST97586,Ananya Mishra,33,Female,North,Ludhiana,Clothing,T-Shirt,5,614.15,0.17,2315.9,981.99,65.63,UPI,1,TRUE,Returned,8
ORD-04147,12/6/2024,CUST95344,Ananya Reddy,32,Other,West,Surat,Beauty,Lipstick,8,1064.92,0.37,5754.84,2941.97,55.05,Cash on Delivery,5,FALSE,Delivered,5
ORD-04146,12/6/2024,CUST52053,Nikhil Joshi,18,Male,South,Hyderabad,Beauty,Face Cream,2,1657.33,0.02,3020.21,1521.99,48.9,UPI,5,FALSE,Shipped,4
ORD-04145,12/5/2024,CUST52922,Vikram Shah,999,Male,East,Kolkata,Sports,Tennis Racket,7,13857.65,0.09,81878.9,20918.31,72.38,Debit Card,5,FALSE,Pending,8
ORD-04143,4/12/2024,CUST39988,Amit Chatterjee,20,Male,East,Guwahati,Furniture,Bed Frame,9,31889.55,0.03,231659.35,73647.32,82.21,Credit Card,4,FALSE,Delivered,3
ORD-04142,12/4/2024,CUST18673,Sanjay Joshi,19,Other,North,Ludhiana,Beauty,Face Cream,9,1593.35,0.06,10203.46,4094.58,42.17,Credit Card,3,FALSE,Delivered,2
ORD-04140,12/4/2024,CUST10076,Sanjay Iyer,47,Male,Central,Raipur,Beauty,Shampoo,9,173.38,0.35,967.63,355.07,33.17,Cash on Delivery,5,FALSE,Cancelled,10
ORD-04138,12/4/2024,CUST97139,Rohan Bhat,25,Male,Central,Nagpur,Books,Cook Book,1,395.88,0.05,323.03,152.9,52.45,Cash on Delivery,3,FALSE,Delivered,5
ORD-04137,12/4/2024,CUST62051,Ananya Pillai,5,Other,Central,Bhopal,Electronics,Tablet,4,51581.35,0.38,131067.26,15238.43,72.66,Net Banking,4,TRUE,Returned,8
ORD-04136,12/3/2024,CUST52875,Shreya Mishra,24,Female,Central,Bhopal,Books,Self-Help Book,2,585.2,0.28,801.85,375.39,29.42,Debit Card,1,FALSE,Cancelled,2
ORD-04135,12/2/2024,CUST23239,Vikram Mehta,53,Male,North,Delhi,Clothing,Kurta,9,3206.85,0.36,16832.81,7356.75,78.4,EMI,2,FALSE,Delivered,9
ORD-04134,12/2/2024,CUST52437,Rohan Kapoor,24,Female,East,Patna,Furniture,Wardrobe,5,14663.57,0.39,43871.43,8682.18,101.24,Credit Card,4,FALSE,Delivered,3
ORD-04133,12/2/2024,CUST61673,Kavya Joshi,42,Female,Central,Raipur,Sports,Tennis Racket,5,6804.29,0.19,29844.9,8007.3,38.07,EMI,5,FALSE,Delivered,6
ORD-04130,12/1/2024,CUST33881,Priya Gupta,39,Male,Central,Indore,Beauty,Sunscreen,8,1289.19,0.15,9301.95,4080.67,43.57,EMI,1,FALSE,Cancelled,2
ORD-04129,11/30/2024,CUST74208,Kavya Bose,12,Male,North,Delhi,Electronics,Laptop,2,20309.39,0.15,30407.42,3438.98,38.43,Debit Card,2,FALSE,Delivered,4
ORD-04127,11/30/2024,CUST07792,Priya Joshi,34,Male,West,Surat,Beauty,Lipstick,4,1854.35,0.04,6462.23,3552.01,32.77,Net Banking,5,FALSE,Delivered,2
ORD-04126,11/30/2024,CUST88649,Pooja Iyer,30,Female,South,Chennai,Books,Self-Help Book,10,1308.63,0.39,8038.79,3691.88,59.74,EMI,5,FALSE,Delivered,9
ORD-04125,11/29/2024,CUST69485,Pooja Verma,15,Male,East,Kolkata,Electronics,Tablet,5,60589.34,0,289044.77,32628.88,117.75,Cash on Delivery,1,FALSE,Delivered,6
ORD-04124,11/29/2024,CUST93821,Rahul Mehta,57,Other,South,Hyderabad,Clothing,Saree,7,2979.19,0.27,16150.97,6112.46,84.04,Cash on Delivery,1,FALSE,Delivered,7
ORD-04123,11/28/2024,CUST56868,Ananya Pillai,17,Other,East,Patna,Books,Comic Book,9,1408.86,0.16,10070.83,3795.39,79.06,EMI,4,FALSE,Delivered,2
ORD-04122,11/27/2024,CUST89767,Rahul Patel,21,Other,South,Kochi,Electronics,Camera,10,78416.65,0.19,598247.4,76981.5,47.97,UPI,3,FALSE,Cancelled,8
ORD-04121,11/27/2024,CUST46430,Arjun Iyer,42,Male,East,Guwahati,Electronics,Laptop,7,26719.46,0.32,125839.81,16743.79,87.4,Credit Card,1,FALSE,Delivered,9
ORD-04120,11/27/2024,CUST60757,Deepa Singh,20,Female,South,Bangalore,Clothing,Dress,1,335.42,0.23,247.75,88.1,73.88,Debit Card,3,FALSE,Delivered,3
ORD-04118,11/26/2024,CUST48264,Aarav Chatterjee,56,Other,North,Amritsar,Clothing,Saree,9,2252.16,0.09,17908.2,4417.35,42.65,Net Banking,5,FALSE,Shipped,5
ORD-04117,11/26/2024,CUST68421,Karan Reddy,43,Female,North,Chandigarh,Beauty,Shampoo,9,328.65,0.3,1975.97,543.25,41.68,Credit Card,4,FALSE,delivered,9
ORD-04116,11/26/2024,CUST40250,Karan Joshi,42,Female,Central,Indore,Beauty,Lipstick,4,2248.41,0.29,6511.18,3980.78,20.27,EMI,3,FALSE,Cancelled,1
ORD-04115,11/25/2024,CUST88970,Ritu Pillai,38,Other,East,Patna,Electronics,Smartwatch,9,76064.53,0.25,473255.79,56343.87,79.71,Cash on Delivery,3,FALSE,Delivered,1
ORD-04114,11/25/2024,CUST90879,Aarav Pillai,38,Other,West,Pune,Clothing,Jacket,8,2242.21,0.08,15849.85,5745.26,58.08,UPI,3,FALSE,cancelled,5
ORD-04113,11/22/2024,CUST10274,Arjun Gupta,13,Other,Central,Bhopal,Groceries,Rice (5kg),8,185.5,0.29,1001.02,79.89,48.43,Debit Card,5,FALSE,Pending,6
ORD-04112,11/22/2024,CUST28483,Pooja Gupta,23,Other,Central,Nagpur,Clothing,Jacket,8,3689.55,0.36,22365.27,6339.32,82.16,Debit Card,4,FALSE,Pending,4
ORD-04111,11/22/2024,CUST99588,Meera Kumar,57,Female,Central,Indore,Books,Comic Book,7,785.67,0.12,4582.79,2037.5,63.64,Credit Card,3,FALSE,Delivered,2
ORD-04110,11/20/2024,CUST48614,Sanjay Bose,31,Female,South,Bangalore,Groceries,Tea,1,281.65,0.11,268.27,27.01,73.96,UPI,1,TRUE,Returned,7
ORD-04109,11/20/2024,CUST36614,Shreya Pillai,27,Other,East,Guwahati,Books,Comic Book,9,1324.57,0.38,7683.45,2086.59,82.14,UPI,4,FALSE,Delivered,4
ORD-04108,11/18/2024,CUST02996,Sunita Mehta,42,Male,South,Chennai,Clothing,Jacket,-1,3079.53,0.11,2711.38,987.61,68.17,Credit Card,5,FALSE,Cancelled,1
ORD-04107,11/18/2024,CUST81738,Meera Verma,57,Female,North,Ludhiana,Sports,Cycle,6,8448.34,0.29,37263.52,8591.2,72.43,Cash on Delivery,5,FALSE,Delivered,10
ORD-04106,11/18/2024,CUST44096,Karan Mehta,24,Male,West,Ahmedabad,Clothing,Saree,6,3683.81,0.14,18294.23,6945.87,62.15,Credit Card,3,FALSE,Delivered,7
ORD-04105,11/17/2024,CUST23063,Rohan Rao,33,Other,East,Patna,Sports,Tennis Racket,8,10030.91,0.02,67222.6,15466.13,100.02,EMI,3,FALSE,Delivered,3
ORD-04103,11/16/2024,CUST86891,Sanjay Mehta,53,Female,North,Delhi,Sports,Tennis Racket,6,6418.63,0.12,31683.87,6743.34,60.52,Credit Card,3,FALSE,Delivered,5
ORD-04102,16/11/2024,CUST19687,Shreya Reddy,25,Other,East,Guwahati,Electronics,Headphones,6,76147.08,0.3,275656.14,33935.62,79.39,Net Banking,4,FALSE,Pending,5
ORD-04101,11/16/2024,CUST53114,Kavya Bose,35,Female,West,Pune,Electronics,Headphones,3,36271.47,0.08,106383.22,8562.92,64.31,Credit Card,2,TRUE,Returned,10
ORD-04100,15/11/2024,CUST32922,Nikhil Kumar,38,Other,North,Ludhiana,Groceries,Tea,4,328.95,0.08,1116.81,67.2,60.46,UPI,5,FALSE,pending,3
ORD-04098,11/15/2024,CUST64023,Karan Nair,23,Male,South,Hyderabad,Furniture,Desk,9,21959.46,0.26,157002.59,28723.82,58.03,Debit Card,1,FALSE,Delivered,3
ORD-04097,11/13/2024,CUST91716,Priya Reddy,38,Female,North,Chandigarh,Clothing,Kurta,4,485.84,0.21,1531.45,454.16,69.77,EMI,3,FALSE,Shipped,1
ORD-04093,11/10/2024,CUST78809,Priya Reddy,38,Female,West,Ahmedabad,Sports,Dumbbells,10,4613.71,0.17,37689.7,8096.33,57.21,Credit Card,1,FALSE,Delivered,8
ORD-04091,11/9/2024,CUST86939,Deepa Bose,6,Male,East,Kolkata,Electronics,Headphones,4,35242.41,0.19,119306.63,11262.26,105.94,Cash on Delivery,2,FALSE,Delivered,9
ORD-04090,11/9/2024,CUST31562,Rohan Shah,33,Male,East,Patna,Clothing,Jeans,4,1153.04,0.23,3508.11,1237.09,67.93,Credit Card,2,FALSE,Delivered,1
ORD-04089,11/9/2024,CUST65407,Kavya Joshi,49,Female,South,Bangalore,Books,Comic Book,5,733.86,0.28,2368.12,846.43,68.42,UPI,5,FALSE,Delivered,1
ORD-04088,11/8/2024,CUST96195,Amit Mishra,34,Other,East,Kolkata,Clothing,Saree,9,1665.92,0.18,11063,2273.36,91.64,Credit Card,3,FALSE,Delivered,1
ORD-04087,11/7/2024,CUST15824,Arjun Nair,8,Female,South,Kochi,Sports,Dumbbells,1,14972.12,0.02,14887.84,3707.49,63.98,EMI,5,FALSE,Shipped,7
ORD-04086,11/7/2024,CUST69304,Kavya Shah,57,Other,West,Ahmedabad,Electronics,Tablet,9,70570.87,0.27,436166.56,54481.93,66.68,Debit Card,2,FALSE,Delivered,3
ORD-04085,11/7/2024,CUST20306,Priya Sharma,43,Female,West,Mumbai,Furniture,Bed Frame,2,20043.88,0.36,23212.41,5160.18,25.71,Credit Card,3,FALSE,Delivered,10
ORD-04084,11/7/2024,CUST03465,Deepa Mehta,39,Female,West,Mumbai,Clothing,Dress,9,3359.16,0.06,30905.25,7947.77,64.84,UPI,5,FALSE,Delivered,6
ORD-04083,11/6/2024,CUST32744,Aditya Shah,37,Male,Central,Raipur,Furniture,Wardrobe,5,2536.86,0.36,7801.91,1900.47,68.13,Debit Card,2,FALSE,Cancelled,7
ORD-04082,11/5/2024,CUST72244,Aditya Patel,19,Female,East,Guwahati,Groceries,Cooking Oil,10,400.5,0.32,2696.95,174.53,55.61,EMI,4,FALSE,Delivered,9
ORD-04081,11/5/2024,CUST07666,Ananya Gupta,27,Other,East,Guwahati,Electronics,Camera,3,44959.14,0.09,118547.82,8051.31,75.4,Credit Card,1,FALSE,Delivered,6
ORD-04080,3/11/2024,CUST09163,Sunita Pillai,34,Other,East,Patna,Groceries,Cooking Oil,2,275.55,0.02,545.95,40.63,75.84,Debit Card,4,FALSE,Delivered,3
ORD-04079,11/3/2024,CUST85445,Vikram Verma,40,Male,South,Hyderabad,Furniture,Desk,4,25047.24,0.06,86856.88,33882.26,83.32,EMI,5,FALSE,Delivered,4
ORD-04078,11/3/2024,CUST54593,Arjun Sharma,32,Female,East,Patna,Books,Textbook,4,253.68,0.16,778.21,386.42,76.22,UPI,4,FALSE,Shipped,9
ORD-04077,11/3/2024,CUST21632,Aarav Sharma,31,Other,East,Guwahati,Furniture,Desk,8,29867.23,0.2,199689.27,42863.03,81.97,Credit Card,2,TRUE,Returned,6
ORD-04076,11/1/2024,CUST95354,Aarav Nair,57,Female,East,Bhubaneswar,Beauty,Lipstick,7,680.72,0.08,3896.02,1700.03,71.25,Net Banking,5,FALSE,Delivered,2
ORD-04075,11/1/2024,CUST56692,Vikram Chatterjee,14,Male,Central,Raipur,Groceries,Rice (5kg),8,109.34,0.02,835.1,59.29,46.15,UPI,4,FALSE,delivered,3
ORD-04074,10/31/2024,CUST06369,Arjun Reddy,31,Other,East,Guwahati,Sports,Dumbbells,9,9910.87,0.36,65829.48,17622.75,89.02,Debit Card,4,FALSE,Delivered,9
ORD-04072,30/10/2024,CUST26445,Priya Mishra,6,Female,South,Bangalore,Furniture,Bed Frame,0,16894.52,0.27,14763.33,5236.34,80.6,Cash on Delivery,5,FALSE,Cancelled,10
ORD-04071,10/30/2024,CUST56219,Ananya Pillai,68,Female,South,Kochi,Clothing,T-Shirt,6,974.77,0.36,4398.56,1906.51,61.51,UPI,2,FALSE,Delivered,10
ORD-04069,10/29/2024,CUST61722,Karan Joshi,54,Other,Central,Nagpur,Electronics,Smartwatch,2,11751.86,0.26,19687.8,2001.28,73.23,Net Banking,4,FALSE,Delivered,5
ORD-04068,10/29/2024,CUST38940,Aditya Kumar,35,Male,Central,Nagpur,Furniture,Desk,1,15458.12,0.11,13583.09,3718.13,49.57,EMI,2,TRUE,Returned,5
ORD-04067,10/29/2024,CUST49069,Ritu Iyer,43,Female,North,Amritsar,Clothing,Jacket,2,899.53,0.23,1788.88,523.65,68.44,Cash on Delivery,5,FALSE,Shipped,10
ORD-04066,10/28/2024,CUST43387,Rahul Das,19,Female,East,Guwahati,Beauty,Hair Oil,4,2333,0.37,6101.49,1874.65,119.62,Credit Card,3,FALSE,Delivered,3
ORD-04064,10/28/2024,CUST01728,Vikram Nair,38,Female,South,Bangalore,Groceries,Rice (5kg),10,86.55,0.27,746.03,63.53,71.97,Cash on Delivery,3,FALSE,Delivered,5
ORD-04063,10/28/2024,CUST86629,Priya Bhat,8,Female,South,Chennai,Furniture,Bed Frame,8,24455.4,0.02,218854.99,70450.23,72.02,EMI,2,FALSE,Delivered,5
ORD-04062,10/28/2024,CUST68176,Rahul Kapoor,39,Other,East,Bhubaneswar,Books,Self-Help Book,7,1034.14,0.16,6020,2601.05,80.96,Cash on Delivery,5,FALSE,Delivered,9
ORD-04061,10/27/2024,CUST83988,Arjun Bose,18,Female,North,Ludhiana,Furniture,Bed Frame,1,14589.01,0.2,13208.25,3174.45,52.97,Credit Card,3,FALSE,Delivered,1
ORD-04060,10/26/2024,CUST99521,Kavya Pillai,42,Other,West,Ahmedabad,Furniture,Sofa,4,10887.68,0.14,46926.73,14349.22,57.18,EMI,3,FALSE,Delivered,6
ORD-04059,10/26/2024,CUST50161,Priya Mishra,25,Female,South,Chennai,Groceries,Dal (1kg),7,352.63,0.25,1976.85,173.35,62.95,Net Banking,3,TRUE,Returned,5
ORD-04058,10/26/2024,CUST87657,Arjun Bhat,27,Male,West,Pune,Beauty,Shampoo,6,2486.23,0.11,13804.56,6763.76,65.88,Cash on Delivery,4,TRUE,Returned,8
ORD-04057,10/25/2024,CUST95307,Nisha Mehta,28,Female,Central,Raipur,Electronics,Headphones,3,9261.39,0.24,25255.17,3570.94,42.63,EMI,3,FALSE,Cancelled,4
ORD-04056,10/25/2024,CUST85837,Rohan Bhat,37,Female,North,Amritsar,Clothing,T-Shirt,3,1187.4,0.35,2772.19,1166.88,39.79,Cash on Delivery,5,FALSE,Delivered,7
ORD-04054,10/25/2024,CUST37273,Sanjay Verma,69,Other,West,Mumbai,Groceries,Sugar,4,226.36,0.27,801.8,89.81,59.7,Debit Card,2,FALSE,Shipped,5
ORD-04053,10/24/2024,CUST88893,Sunita Reddy,16,Male,Central,Indore,Groceries,Rice (5kg),5,127.17,0.13,579.76,51.77,79.36,Debit Card,5,FALSE,Cancelled,8
ORD-04052,10/24/2024,CUST70027,Sanjay Verma,58,Other,East,Patna,Books,Biography,5,1349.81,0.08,6739.7,3176.85,79.58,Net Banking,2,FALSE,Cancelled,10
ORD-04051,10/24/2024,CUST81236,Sunita Iyer,26,Male,Central,Nagpur,Groceries,Tea,6,358.44,0.33,1597.57,154.69,55.56,EMI,5,FALSE,Delivered,8
ORD-04050,10/23/2024,CUST03944,Meera Verma,32,Female,East,Patna,Electronics,Headphones,9,45487.77,0.17,355300.24,48057.8,81.01,Debit Card,5,FALSE,Delivered,10
ORD-04049,10/23/2024,CUST98496,Nisha Singh,27,Other,Central,Indore,Groceries,Flour,8,174.02,0.14,1362,107.89,40.35,Cash on Delivery,5,FALSE,Delivered,10
ORD-04047,10/23/2024,CUST94569,Nisha Singh,38,Male,West,Pune,Books,Biography,3,1455.69,0.31,3171.19,1460.04,68.99,Net Banking,1,FALSE,Delivered,1
ORD-04046,10/22/2024,CUST70308,Ananya Sharma,12,Female,West,Ahmedabad,Groceries,Dal (1kg),1,282.35,0.23,235.01,22.26,48.98,Debit Card,5,FALSE,Delivered,7
ORD-04045,10/22/2024,CUST10094,Rahul Sharma,26,Other,North,Amritsar,Electronics,Camera,3,68799.42,0.07,232621.97,36091.77,48.01,UPI,1,FALSE,delivered,7
ORD-04044,10/21/2024,CUST43452,Nisha Kapoor,46,Female,South,Kochi,Beauty,Sunscreen,1,882.32,0.25,860.81,531.18,92.13,Net Banking,5,FALSE,Cancelled,4
ORD-04043,10/20/2024,CUST23084,Vikram Patel,28,Other,North,Ludhiana,Books,Textbook,2,1282.63,0.29,1929.76,782.47,19.68,Debit Card,4,FALSE,Delivered,6
ORD-04040,10/19/2024,CUST65904,Aditya Reddy,24,Female,Central,Raipur,Beauty,Face Cream,1,1189.68,0.38,883.05,476.12,61.72,UPI,3,FALSE,Delivered,7
ORD-04039,10/18/2024,CUST38048,Nisha Bose,32,Male,Central,Nagpur,Sports,Cycle,1,13524.69,0.16,12066.97,2590.87,66.76,UPI,5,FALSE,Delivered,6
ORD-04038,10/17/2024,CUST48507,Deepa Mehta,7,Other,South,Chennai,Sports,Cycle,5,8321.61,0.29,32551.28,7415.49,82.48,EMI,2,FALSE,Delivered,2
ORD-04037,10/17/2024,CUST70226,Shreya Shah,34,Female,North,Ludhiana,Groceries,Rice (5kg),1,141.61,0.11,141.61,11.5,52.28,UPI,4,FALSE,Delivered,9
ORD-04035,10/16/2024,CUST10272,Sunita Das,20,Male,South,Kochi,Electronics,Smartwatch,1,78299.49,0.18,76494.58,10883.34,80.12,Credit Card,3,FALSE,Delivered,9
ORD-04034,16/10/2024,CUST75503,Vikram Bose,44,Other,East,Kolkata,Groceries,Rice (5kg),9,101.5,0.18,814.46,55.74,85.93,Credit Card,3,FALSE,Shipped,9
ORD-04033,10/16/2024,CUST01456,Ananya Singh,40,Other,Central,Bhopal,Furniture,Chair,2,8590.53,0.23,12705.04,3529.2,40.59,Credit Card,5,FALSE,Delivered,6
ORD-04032,10/16/2024,CUST20384,Shreya Das,34,Male,West,Mumbai,Beauty,Hair Oil,8,1325.92,0.36,7101.14,3668.15,75.44,Credit Card,2,FALSE,Delivered,10
ORD-04031,10/16/2024,CUST16901,Aarav Singh,36,Other,Central,Raipur,Sports,Cycle,4,10043.46,0.01,42595.96,8765.23,45.62,EMI,4,FALSE,Cancelled,2
ORD-04028,10/14/2024,CUST55623,Nikhil Mehta,72,Male,Central,Indore,Books,Biography,8,953.45,0.12,6937.28,3146.46,74.99,EMI,1,FALSE,Delivered,9
ORD-04027,10/14/2024,CUST22444,Meera Iyer,41,Female,North,Chandigarh,Clothing,Kurta,5,720.42,0.21,3357.38,988.15,51.08,UPI,1,TRUE,Returned,8
ORD-04026,10/14/2024,CUST78408,Ananya Singh,20,Male,North,Chandigarh,Groceries,Flour,10,171.99,0.18,1542.88,98.26,65.88,Debit Card,4,TRUE,Returned,3
ORD-04025,10/13/2024,CUST94922,Arjun Reddy,58,Other,Central,Indore,Beauty,Face Cream,10,1026.66,0.13,9081.45,4511.59,101.7,Debit Card,2,FALSE,Shipped,8
ORD-04024,10/12/2024,CUST40456,Karan Gupta,50,Female,Central,Indore,Electronics,Headphones,4,40360.7,0.05,182429.15,25030.4,36.28,Debit Card,1,FALSE,Delivered,10
ORD-04023,10/11/2024,CUST25803,Pooja Patel,30,Other,South,Chennai,Electronics,Headphones,9,59350.94,0.39,398128.01,49023.97,67.32,Credit Card,2,FALSE,Pending,3
ORD-04021,10/8/2024,CUST14904,Ritu Reddy,37,Male,South,Bangalore,Books,Self-Help Book,5,1217.44,0.33,4363.93,1440,66.03,Cash on Delivery,5,FALSE,Delivered,4
ORD-04020,10/7/2024,CUST94098,Deepa Iyer,43,Other,South,Hyderabad,Books,Self-Help Book,7,1255.05,0.06,10208.81,4389.61,46.86,Debit Card,5,FALSE,Cancelled,10
ORD-04018,10/6/2024,CUST05715,Shreya Kumar,30,Other,North,Ludhiana,Furniture,Desk,3,20526.57,0.39,39110.3,5636.16,58.12,EMI,5,FALSE,Delivered,5
ORD-04017,10/3/2024,CUST02198,Meera Singh,34,Male,East,Kolkata,Sports,Tennis Racket,2,2854.89,0.06,6360.16,1203.75,86.84,UPI,3,FALSE,Delivered,9
ORD-04016,10/2/2024,CUST07018,Sanjay Kumar,39,Male,Central,Bhopal,Electronics,Tablet,2,24384.77,0.4,33639.93,4904.58,40.95,Credit Card,3,FALSE,Delivered,9
ORD-04015,10/1/2024,CUST50530,Nikhil Patel,36,Male,North,Amritsar,Furniture,Bed Frame,5,16493.24,0.1,95102.09,29222.3,63.55,Cash on Delivery,5,FALSE,Delivered,-1
ORD-04014,9/30/2024,CUST71983,Vikram Chatterjee,21,Male,North,Ludhiana,Sports,Football,7,1420.89,0.01,14785.98,3969.68,38.84,Debit Card,2,FALSE,Delivered,7
ORD-04013,9/30/2024,CUST80488,Ananya Chatterjee,18,Male,South,Hyderabad,Groceries,Rice (5kg),4,497.25,0.32,1775.14,168.64,81.5,Credit Card,1,FALSE,Pending,3
ORD-04012,9/29/2024,CUST14684,Aditya Gupta,6,Other,Central,Nagpur,Sports,Tennis Racket,2,14686.72,0.25,30972.88,7672.73,59.7,Net Banking,2,FALSE,Delivered,8
ORD-04011,9/29/2024,CUST75729,Sunita Patel,31,Other,Central,Bhopal,Electronics,Tablet,8,31909.44,0.22,265931.19,40509.78,54.88,UPI,4,FALSE,Delivered,6
ORD-04010,9/29/2024,CUST04352,Amit Chatterjee,22,Female,West,Surat,Books,Biography,2,1099.72,0.22,2033.79,869.03,61.35,UPI,3,FALSE,Delivered,4
ORD-04008,9/27/2024,CUST62705,Aditya Nair,30,Male,Central,Bhopal,Electronics,Camera,8,62831.2,0.12,537551.85,74470.32,76.77,Credit Card,3,FALSE,Delivered,3
ORD-04007,9/27/2024,CUST26263,Arjun Singh,150,Male,South,Hyderabad,Books,Self-Help Book,4,1464.19,0.04,7046.17,3076.89,76.93,EMI,4,FALSE,Delivered,8
ORD-04006,9/26/2024,CUST54515,Sanjay Gupta,15,Male,South,Bangalore,Books,Biography,3,895.77,0.21,2973.34,895.93,71.18,Debit Card,4,FALSE,Delivered,8
ORD-04004,9/25/2024,CUST45019,Nikhil Mishra,27,Other,North,Amritsar,Clothing,Dress,1,2472.06,0.23,2559.11,756.36,57.21,Net Banking,5,FALSE,Delivered,10
ORD-04002,9/23/2024,CUST44623,Sunita Shah,31,Female,South,Kochi,Books,Fiction Novel,5,893.6,0.03,5604.17,1918.52,70.92,Debit Card,1,FALSE,Delivered,2
ORD-04001,9/23/2024,CUST65012,Sanjay Bose,39,Male,South,Kochi,Clothing,Dress,6,633.62,0.11,4634.74,1771.15,66.09,Debit Card,2,FALSE,Delivered,3
ORD-04000,9/23/2024,CUST53861,Nisha Kumar,32,Male,West,Surat,Beauty,Shampoo,7,1954.05,0.2,15069.06,8691.86,65.77,Cash on Delivery,4,TRUE,Returned,6
ORD-03999,9/23/2024,CUST81465,Rohan Pillai,38,Male,Central,Indore,Groceries,Flour,5,195.29,0.16,1055.1,81.38,32.28,Credit Card,3,FALSE,Cancelled,5
ORD-03997,9/22/2024,CUST57164,Karan Reddy,36,Male,East,Bhubaneswar,Beauty,Sunscreen,4,2333.1,0.22,11296.75,4828.37,72.08,UPI,3,TRUE,Returned,10
ORD-03996,9/21/2024,CUST21024,Karan Iyer,33,Other,West,Pune,Electronics,Camera,2,79639.72,0.34,134225.29,11600.84,87.92,Net Banking,3,FALSE,Delivered,4
ORD-03994,9/20/2024,CUST52703,Nisha Iyer,36,Other,East,Patna,Beauty,Sunscreen,3,1494.83,0.26,3664.34,2210.93,96.38,Net Banking,1,FALSE,Delivered,8
ORD-03993,9/20/2024,CUST65197,Rohan Chatterjee,38,Female,South,Chennai,Books,Fiction Novel,9,816.41,0.35,5054.28,2136.9,42.16,UPI,2,FALSE,Delivered,5
ORD-03992,9/20/2024,CUST28805,Rohan Singh,13,Female,South,Hyderabad,Clothing,Saree,2,3743.45,0.09,9311.22,3378.19,53.74,UPI,5,FALSE,Delivered,7
ORD-03991,9/19/2024,CUST26095,Aditya Reddy,31,Female,South,Chennai,Beauty,Face Cream,10,1064.73,0.23,9344.71,3730.48,58.78,Credit Card,2,FALSE,Cancelled,2
ORD-03989,9/17/2024,CUST67629,Shreya Kapoor,45,Male,Central,Indore,Groceries,Rice (5kg),2,233.21,0.33,470.15,27.24,48.63,EMI,2,FALSE,Delivered,7
ORD-03988,9/15/2024,CUST06985,Kavya Joshi,39,Male,South,Bangalore,Sports,Dumbbells,2,10400.51,0.39,16571.32,3945.31,79.88,EMI,2,FALSE,Delivered,5
ORD-03987,9/15/2024,CUST84905,Pooja Bhat,28,Male,East,Bhubaneswar,Groceries,Flour,10,394.18,0.11,4349.83,380.98,90.1,UPI,3,FALSE,Delivered,3
ORD-03986,9/15/2024,CUST02647,Rahul Pillai,63,Female,West,Surat,Furniture,Wardrobe,1,30262.77,0.22,35090.43,5627.29,62.47,EMI,1,FALSE,Delivered,10
ORD-03985,9/14/2024,CUST56825,Nisha Das,41,Other,South,Hyderabad,Electronics,Camera,1,39155.85,0.34,30626,4110.35,83.36,Credit Card,4,TRUE,Returned,9
ORD-03984,9/12/2024,CUST54260,Ananya Singh,10,Other,East,Patna,Sports,Football,9,2515.48,0.28,22131.2,4682.26,80.27,EMI,5,FALSE,Shipped,1
ORD-03982,9/12/2024,CUST97439,Karan Joshi,27,Female,North,Chandigarh,Furniture,Wardrobe,8,12647.54,0.19,102341.78,35160.81,69.62,Debit Card,5,FALSE,delivered,6
ORD-03981,9/12/2024,CUST77329,Sanjay Mehta,34,Female,Central,Indore,Groceries,Rice (5kg),8,383.85,0.39,2308.05,155.62,57.65,Cash on Delivery,1,FALSE,Delivered,10
ORD-03979,9/11/2024,CUST11949,Rohan Iyer,31,Female,Central,Bhopal,Books,Biography,10,1101.37,0.36,8920.66,4181.57,53.45,EMI,5,FALSE,Delivered,10
ORD-03978,9/11/2024,CUST67871,Meera Shah,42,Other,Central,Indore,Furniture,Wardrobe,10,28835.81,0.22,303195.22,85826.18,55.16,UPI,2,TRUE,Returned,3
ORD-03977,9/11/2024,CUST09103,Nisha Kapoor,30,Other,West,Ahmedabad,Clothing,Saree,5,1833.43,0.25,9194.56,2732.97,67.54,EMI,2,TRUE,Returned,2
ORD-03976,9/10/2024,CUST72202,Aarav Joshi,28,Male,West,Ahmedabad,Electronics,Headphones,1,40304.61,0.04,54475.55,5497.55,73.05,UPI,2,FALSE,Cancelled,5
ORD-03975,9/10/2024,CUST61274,Sunita Mishra,36,Other,East,Patna,Books,Biography,2,1250.65,0.19,2194.66,1031.95,96.46,EMI,5,FALSE,Delivered,3
ORD-03974,9/10/2024,CUST86540,Pooja Singh,38,Female,South,Hyderabad,Clothing,Saree,2,3110.73,0.31,5626.31,2678.85,48.57,Cash on Delivery,2,FALSE,Delivered,3
ORD-03973,9/9/2024,CUST60649,Rohan Verma,59,Male,West,Surat,Books,Biography,3,759.61,0.09,2679.11,696.15,32.82,Debit Card,5,FALSE,Delivered,6
ORD-03972,9/9/2024,CUST81553,Rohan Patel,49,Female,East,Kolkata,Beauty,Sunscreen,8,1184.54,0.21,9116.76,2742.19,101.81,UPI,2,FALSE,Delivered,8
ORD-03971,9/8/2024,CUST63045,Shreya Patel,35,Other,East,Kolkata,Beauty,Face Cream,2,1573.95,0.29,3007.27,1137.44,97.85,Cash on Delivery,5,FALSE,Delivered,3
ORD-03970,9/8/2024,CUST76992,Rohan Patel,20,Male,West,Pune,Groceries,Tea,3,339.07,0.26,997.35,101.3,52.75,Net Banking,2,FALSE,Delivered,2
ORD-03969,9/8/2024,CUST60604,Shreya Mehta,25,Female,South,Bangalore,Groceries,Sugar,3,449.53,0.2,1417.4,70.52,77.45,UPI,4,FALSE,Pending,10
ORD-03968,9/8/2024,CUST99406,Ritu Gupta,28,Other,West,Ahmedabad,Clothing,Jeans,1,3018.11,0,3776.1,922.32,65.86,Debit Card,3,FALSE,Cancelled,3
ORD-03967,8/9/2024,CUST37272,Rohan Chatterjee,52,Female,South,Hyderabad,Beauty,Face Cream,10,1414.73,0.32,12821.19,7374.35,58.56,UPI,2,FALSE,Delivered,5
ORD-03966,9/7/2024,CUST46541,Deepa Das,32,Other,East,Kolkata,Beauty,Perfume,3,1229.88,0.16,4385.27,2310.74,75.88,Credit Card,5,FALSE,Pending,4
ORD-03965,9/6/2024,CUST16673,Ritu Kapoor,18,Other,North,Chandigarh,Groceries,Flour,8,144.95,0.02,1586.94,135.23,33.74,Net Banking,5,FALSE,Delivered,2
ORD-03964,9/6/2024,CUST57453,Arjun Joshi,14,Other,West,Mumbai,Electronics,Headphones,2,41228.52,0.11,103175.92,12285.24,37.79,Debit Card,4,TRUE,Returned,8
ORD-03961,9/4/2024,CUST41469,Ananya Singh,28,Male,West,Mumbai,Electronics,Smartphone,3,57941.59,0.17,202708.19,27362.05,70.62,Credit Card,2,TRUE,Returned,5
ORD-03959,4/9/2024,CUST64416,Pooja Reddy,35,Other,West,Surat,Clothing,Jacket,10,1823.02,0.19,21680.07,11667.37,63.11,UPI,5,FALSE,Delivered,6
ORD-03958,9/4/2024,CUST05507,Kavya Das,41,Other,Central,Bhopal,Sports,Dumbbells,9,796.29,0.21,7659.05,1887.36,52.86,UPI,2,FALSE,Delivered,2
ORD-03957,9/3/2024,CUST42062,Pooja Joshi,33,Other,Central,Bhopal,Groceries,Flour,3,428.57,0.38,1124.8,97.77,52.97,EMI,4,FALSE,Cancelled,6
ORD-03956,9/3/2024,CUST78830,Ritu Singh,36,Female,West,Ahmedabad,Furniture,Sofa,10,3353.32,0.24,34535.76,8625.62,64.38,Credit Card,4,FALSE,Delivered,1
ORD-03954,2/9/2024,CUST17187,Vikram Iyer,29,Male,West,Surat,Books,Self-Help Book,2,949.5,0.22,2202.33,964.66,62.42,Cash on Delivery,2,TRUE,Returned,8
ORD-03952,9/1/2024,CUST83301,Ananya Gupta,-7,Female,West,Mumbai,Sports,Cricket Bat,1,14106.55,0.03,17029.82,4828.67,41.95,Debit Card,2,FALSE,Delivered,10
ORD-03950,8/31/2024,CUST58511,Ananya Pillai,59,Female,Central,Indore,Furniture,Wardrobe,10,4875.22,0.39,49256.25,15655.19,54.49,UPI,1,FALSE,Delivered,10
ORD-03949,8/31/2024,CUST95140,Pooja Verma,49,Female,West,Mumbai,Beauty,Face Cream,7,981.95,0.06,9774.56,4480.42,63.36,UPI,5,FALSE,Delivered,9
ORD-03948,8/31/2024,CUST69929,Nisha Bose,6,Other,South,Bangalore,Groceries,Dal (1kg),1,231.86,0.05,371.3,34.56,71.71,Cash on Delivery,2,FALSE,Shipped,7
ORD-03947,8/29/2024,CUST85906,Deepa Shah,35,Other,Central,Raipur,Groceries,Sugar,3,109.12,0.03,524.34,36.82,55.62,Cash on Delivery,4,FALSE,Delivered,9
ORD-03946,8/28/2024,CUST42531,Deepa Das,43,Male,West,Pune,Furniture,Bookshelf,5,10461.44,0.36,47377.21,9996.02,42.47,Debit Card,3,FALSE,Delivered,8
ORD-03945,8/28/2024,CUST92249,Nikhil Chatterjee,36,Female,South,Kochi,Groceries,Flour,2,483.36,0.14,1284.63,91.4,55.77,UPI,4,FALSE,Delivered,8
ORD-03944,8/28/2024,CUST94187,Shreya Iyer,43,Other,North,Delhi,Groceries,Rice (5kg),6,294,0.01,2476.75,189.51,46.01,Credit Card,3,FALSE,Delivered,10
ORD-03943,8/27/2024,CUST79156,Ritu Bhat,26,Female,South,Hyderabad,Groceries,Rice (5kg),5,228.28,0.29,1160.5,93.76,62.68,Net Banking,4,FALSE,Delivered,8
ORD-03942,8/27/2024,CUST76909,Arjun Bose,29,Male,South,Hyderabad,Sports,Yoga Mat,9,4499.21,0.06,57299.76,12249.26,66.59,Net Banking,2,FALSE,Delivered,4
ORD-03941,8/26/2024,CUST54628,Amit Das,51,Other,South,Kochi,Furniture,Desk,2,17035.15,0.2,43451.64,9088.3,103.64,Debit Card,1,FALSE,Delivered,3
ORD-03940,8/26/2024,CUST96355,Shreya Bose,35,Female,East,Bhubaneswar,Books,Comic Book,2,1157.89,0.35,2443.04,649.16,56.27,Debit Card,1,FALSE,Delivered,9
ORD-03938,8/26/2024,CUST11052,Rahul Gupta,42,Female,Central,Nagpur,Furniture,Wardrobe,4,16102.25,0.05,99545.13,31612.91,51.44,Net Banking,3,FALSE,Delivered,3
ORD-03937,8/26/2024,CUST26174,Sunita Mishra,26,Female,North,Ludhiana,Clothing,Dress,2,2273.43,0.19,6399.63,2166.56,65.89,Credit Card,1,FALSE,Delivered,5
ORD-03936,8/26/2024,CUST41339,Nikhil Reddy,34,Other,North,Amritsar,Beauty,Face Cream,10,1495.3,0.02,21442.1,8864.04,49.29,Net Banking,5,FALSE,Delivered,3
ORD-03935,8/25/2024,CUST84410,Ananya Pillai,37,Female,South,Kochi,Beauty,Sunscreen,3,1547.78,0.27,4796.68,2149.21,79.74,Debit Card,4,FALSE,Delivered,6
ORD-03934,8/25/2024,CUST52420,Pooja Patel,37,Male,Central,Nagpur,Books,Textbook,4,504.03,0.09,2819.84,1074.69,58.2,EMI,5,FALSE,Delivered,1
ORD-03932,8/25/2024,CUST12409,Sunita Iyer,45,Female,Central,Raipur,Furniture,Bookshelf,7,26483.31,0.19,218498.09,59352.07,51.56,Debit Card,2,FALSE,Delivered,8
ORD-03931,8/23/2024,CUST94914,Sunita Verma,31,Other,South,Chennai,Sports,Yoga Mat,6,9574.41,0.02,81951.13,15952.26,75.33,EMI,4,FALSE,Delivered,6
ORD-03929,8/23/2024,CUST39906,Sunita Iyer,33,Male,South,Chennai,Books,Fiction Novel,1,1473.01,0.35,1432.65,578.62,72.78,UPI,3,FALSE,Delivered,1
ORD-03927,8/22/2024,CUST77199,Karan Pillai,31,Male,Central,Raipur,Clothing,Jeans,3,2207.16,0.2,7894.09,2384.57,30.61,Credit Card,3,FALSE,Delivered,2
ORD-03926,8/22/2024,CUST32277,Priya Shah,14,Other,North,Ludhiana,Electronics,Tablet,7,56616.08,0.37,409146.2,52669.59,72.56,Net Banking,1,FALSE,Delivered,9
ORD-03924,8/20/2024,CUST08990,Karan Bhat,47,Male,North,Amritsar,Clothing,Dress,10,3414.65,0.11,46633.37,16823.06,54.44,Debit Card,1,FALSE,Delivered,4
ORD-03923,8/20/2024,CUST86711,Ritu Chatterjee,20,Female,West,Ahmedabad,Furniture,Bed Frame,7,14200.86,0.14,123743.08,37065.68,54.52,Debit Card,2,FALSE,Delivered,10
ORD-03922,8/20/2024,CUST63576,Vikram Nair,56,Male,South,Bangalore,Electronics,Smartphone,9,31920.16,0.01,440371.93,65871.22,59.99,Net Banking,3,FALSE,delivered,9
ORD-03921,8/20/2024,CUST65997,Rahul Chatterjee,41,Other,East,Guwahati,Groceries,Tea,3,392.38,0.12,1567.64,108.65,81.44,Cash on Delivery,4,FALSE,Pending,5
ORD-03918,8/20/2024,CUST09195,Ritu Singh,30,Male,Central,Raipur,Clothing,Jeans,5,1293.07,0.37,6223.33,2335.41,34.43,UPI,4,FALSE,Delivered,9
ORD-03917,8/20/2024,CUST40587,Shreya Mehta,11,Female,North,Amritsar,Furniture,Chair,9,27363.22,0.29,296392,50443.65,53.56,UPI,3,FALSE,Delivered,5
ORD-03916,8/19/2024,CUST33656,Ritu Rao,50,Male,East,Patna,Groceries,Cooking Oil,4,169.97,0.11,978.94,86.75,73.04,Debit Card,1,FALSE,Delivered,9
ORD-03915,8/19/2024,CUST79020,Priya Verma,35,Female,West,Ahmedabad,Clothing,Jacket,1,2372.34,0.22,2718.27,745.68,55.26,UPI,3,TRUE,Returned,3
ORD-03914,8/19/2024,CUST37605,Priya Gupta,41,Female,East,Bhubaneswar,Books,Self-Help Book,9,252.57,0.22,3014.3,1540.74,68.92,Net Banking,5,FALSE,Delivered,4
ORD-03913,8/17/2024,CUST83779,Nikhil Bhat,31,Other,West,Surat,Sports,Football,9,3000.32,0.21,29267.25,6330.95,68.5,UPI,4,FALSE,Delivered,9
ORD-03911,8/16/2024,CUST56239,Arjun Bose,51,Male,North,Amritsar,Sports,Dumbbells,10,786.71,0.03,11951.87,1750.05,48.55,Net Banking,1,FALSE,delivered,8
ORD-03908,8/16/2024,CUST32213,Amit Verma,44,Other,West,Mumbai,Electronics,Tablet,10,70999.96,0.37,619186.18,80911.12,58.51,EMI,5,FALSE,Shipped,6
ORD-03907,8/16/2024,CUST07299,Karan Reddy,46,Female,Central,Nagpur,Sports,Yoga Mat,9,3110.88,0.28,29090.53,4498.07,43.42,EMI,2,FALSE,Delivered,8
ORD-03906,8/15/2024,CUST36432,Kavya Kapoor,33,Male,South,Kochi,Books,Self-Help Book,8,1226.84,0.23,11994.58,3912.8,69.45,EMI,4,FALSE,Delivered,6
ORD-03905,8/15/2024,CUST19408,Rohan Mehta,37,Male,East,Guwahati,Groceries,Rice (5kg),9,239.9,0.31,2368.54,226.16,93.43,Cash on Delivery,5,FALSE,Delivered,1
ORD-03904,8/15/2024,CUST28988,Meera Das,29,Other,West,Mumbai,Groceries,Tea,6,212.91,0.28,1250.12,97.83,63.02,Debit Card,3,FALSE,Delivered,10
ORD-03902,8/14/2024,CUST28307,Nisha Bhat,48,Other,Central,Indore,Books,Self-Help Book,6,797.16,0.34,4735.21,1174.59,15.7,Cash on Delivery,4,FALSE,Shipped,2
ORD-03901,8/14/2024,CUST08531,Kavya Nair,52,Female,South,Bangalore,Furniture,Sofa,10,5838.04,0.07,82953.5,23848.22,71.75,Debit Card,4,TRUE,Returned,3
ORD-03900,8/14/2024,CUST14119,Vikram Verma,39,Female,West,Mumbai,Books,Fiction Novel,3,705.21,0.14,2873.31,1040.42,76.63,EMI,1,FALSE,Delivered,8
ORD-03899,8/14/2024,CUST68293,Deepa Singh,42,Other,East,Guwahati,Furniture,Desk,8,32976.81,0.11,345009.69,104290.26,89.17,Debit Card,4,TRUE,Returned,2
ORD-03898,8/14/2024,CUST55482,Ananya Bhat,19,Male,East,Patna,Books,Fiction Novel,9,1454.46,0.33,12482.39,4160.56,105.23,Debit Card,3,FALSE,Shipped,1
ORD-03897,8/14/2024,CUST40736,Deepa Sharma,34,Other,Central,Indore,Beauty,Sunscreen,3,720.8,0.24,2212.27,892.22,47.4,Cash on Delivery,1,FALSE,Delivered,2
ORD-03896,8/13/2024,CUST78041,Sunita Nair,29,Male,North,Chandigarh,Electronics,Laptop,10,53218.56,0.27,560937.53,68296.39,20.81,Cash on Delivery,3,FALSE,Delivered,6
ORD-03894,8/13/2024,CUST65883,Nisha Mishra,37,Male,Central,Bhopal,Beauty,Shampoo,2,1715.59,0.39,2886.91,1724.71,47.41,Cash on Delivery,2,FALSE,shipped,7
ORD-03892,8/12/2024,CUST28116,Pooja Bose,20,Other,West,Ahmedabad,Clothing,Jacket,10,1866.54,0.06,28793.88,10235.47,39.49,Credit Card,5,FALSE,Cancelled,7
ORD-03891,8/10/2024,CUST84613,Priya Kumar,23,Other,South,Bangalore,Furniture,Desk,1,17279.95,0.36,15219.05,4268.25,69.91,EMI,4,FALSE,Cancelled,4
ORD-03890,8/10/2024,CUST03009,Rahul Rao,34,Other,West,Surat,Furniture,Chair,10,2485.94,0.21,31724.99,8743.05,48.62,UPI,4,FALSE,Delivered,10
ORD-03889,8/10/2024,CUST81355,Rahul Singh,25,Male,West,Pune,Clothing,Kurta,3,2244.17,0.28,8279.04,2388.36,62.4,Credit Card,2,FALSE,Delivered,3
ORD-03887,8/10/2024,CUST50038,Kavya Reddy,32,Male,East,Patna,Beauty,Face Cream,6,1237.08,0.08,10495.02,5178.08,78.37,EMI,3,FALSE,Delivered,10
ORD-03886,8/9/2024,CUST37843,Rahul Iyer,22,Other,West,Mumbai,Books,Cook Book,10,742.8,0.27,7769.9,2273.34,49.53,Cash on Delivery,5,FALSE,Delivered,2
ORD-03885,8/9/2024,CUST10547,Vikram Shah,36,Other,Central,Raipur,Groceries,Cooking Oil,5,230.1,0.23,1261.38,74.15,44.66,Debit Card,5,FALSE,Delivered,1
ORD-03884,8/9/2024,CUST63006,Karan Bose,36,Other,Central,Indore,Groceries,Flour,2,66.77,0.01,216.47,11.57,50.95,Cash on Delivery,3,FALSE,Delivered,8
ORD-03883,8/9/2024,CUST62193,Aarav Kumar,45,Female,Central,Raipur,Electronics,Smartwatch,9,15767.46,0.02,198910.86,22958.1,44.62,Credit Card,3,TRUE,Returned,6
ORD-03882,8/9/2024,CUST84457,Sanjay Singh,30,Female,Central,Raipur,Electronics,Camera,1,8508.27,0.12,10874.57,1416.52,82.74,UPI,3,FALSE,Pending,1
ORD-03881,8/9/2024,CUST11708,Arjun Sharma,37,Other,North,Amritsar,Sports,Football,9,6043.66,0.35,50068.82,12593.51,35.57,Debit Card,2,FALSE,Cancelled,1
ORD-03879,8/9/2024,CUST22795,Nikhil Kumar,18,Male,South,Chennai,Clothing,Jeans,9,892.19,0.29,6933.33,3107.54,67.17,EMI,2,FALSE,Delivered,10
ORD-03878,8/8/2024,CUST09035,Priya Mehta,35,Male,North,Chandigarh,Furniture,Desk,3,19778.53,0.22,67218.58,15015.41,30.24,UPI,3,FALSE,Delivered,5
ORD-03877,8/8/2024,CUST87297,Sanjay Rao,44,Other,Central,Indore,Electronics,Smartwatch,3,21470.45,0.02,92585,5457.16,77.05,Credit Card,5,FALSE,Delivered,9
ORD-03876,8/8/2024,CUST87444,Karan Kumar,32,Female,East,Guwahati,Electronics,Laptop,0,60299.29,0.07,91325.87,12487.67,49.76,UPI,1,FALSE,Delivered,4
ORD-03875,8/8/2024,CUST84781,Vikram Nair,27,Female,South,Hyderabad,Electronics,Camera,2,22369.95,0.35,42121.15,3831.16,69.95,Credit Card,5,FALSE,Delivered,7
ORD-03872,8/6/2024,CUST05197,Deepa Rao,31,Other,East,Kolkata,Electronics,Smartwatch,1,32097.99,0.19,38771.85,5312.93,86.5,Net Banking,5,FALSE,Delivered,10
ORD-03871,8/6/2024,CUST30080,Nisha Rao,40,Male,South,Hyderabad,Furniture,Sofa,8,29325.03,0.33,238669.42,54334.41,57.12,Cash on Delivery,5,FALSE,Delivered,2
ORD-03870,6/8/2024,CUST69875,Sanjay Mehta,43,Male,Central,Raipur,Clothing,Dress,3,1773.46,0.35,5117.18,1728.27,68.9,UPI,4,FALSE,Cancelled,3
ORD-03869,8/5/2024,CUST15668,Nisha Bhat,17,Male,East,Kolkata,Beauty,Hair Oil,3,1163.57,0.3,3576.96,1296.23,79.7,Credit Card,1,FALSE,Delivered,7
ORD-03867,8/5/2024,CUST39793,Shreya Mishra,48,Male,South,Kochi,Electronics,Laptop,8,50411.34,0.17,538833.63,74291.94,56.86,UPI,2,FALSE,Delivered,7
ORD-03866,8/5/2024,CUST04103,Aditya Verma,24,Female,Central,Raipur,Sports,Tennis Racket,1,3037.55,0.19,3582.58,700.96,40.82,Credit Card,4,FALSE,Delivered,3
ORD-03865,8/5/2024,CUST15771,Ananya Sharma,30,Male,North,Amritsar,Clothing,Jacket,8,621.6,0.38,4928.83,1949.33,65.22,Debit Card,5,FALSE,Delivered,3
ORD-03864,8/5/2024,CUST15933,Aarav Verma,41,Other,East,Bhubaneswar,Electronics,Smartphone,5,64468.92,0.2,374699.96,48329.91,79.41,Net Banking,1,FALSE,Shipped,10
ORD-03862,8/4/2024,CUST25303,Arjun Bose,37,Female,West,Mumbai,Groceries,Dal (1kg),4,315.04,0.14,1725.71,108.93,49.89,Credit Card,3,FALSE,Delivered,10
ORD-03860,8/4/2024,CUST32006,Priya Bose,16,Male,North,Chandigarh,Groceries,Dal (1kg),5,390.62,0.13,2661.75,149.41,72.2,UPI,5,FALSE,Delivered,5
ORD-03857,8/3/2024,CUST13391,Shreya Sharma,53,Female,West,Mumbai,Furniture,Chair,8,26914.41,0.11,255026.97,79719.78,50.27,Credit Card,5,FALSE,Delivered,4
ORD-03855,8/1/2024,CUST83631,Meera Reddy,49,Other,North,Chandigarh,Sports,Dumbbells,9,2947.21,0.21,31412.17,5480.32,42.11,Net Banking,3,FALSE,Delivered,7
ORD-03854,8/1/2024,CUST17266,Aarav Rao,24,Male,East,Patna,Books,Textbook,5,303.28,0.24,1696.93,651.04,68.98,Credit Card,5,FALSE,Delivered,6
ORD-03853,7/31/2024,CUST55701,Shreya Das,59,Other,North,Delhi,Clothing,Kurta,8,3536.11,0.38,33772.34,8415.78,42.65,UPI,1,FALSE,Delivered,1
ORD-03852,7/31/2024,CUST08935,Aarav Gupta,45,Male,Central,Raipur,Clothing,Jacket,6,1428.03,0.39,8541.87,3565.98,50.49,Cash on Delivery,2,FALSE,Cancelled,9
ORD-03851,7/30/2024,CUST24550,Amit Nair,19,Other,West,Pune,Clothing,Kurta,4,2461.65,0.33,9963.87,2386.31,85.19,Net Banking,4,FALSE,Delivered,1
ORD-03850,7/29/2024,CUST65624,Arjun Das,38,Female,East,Patna,Sports,Yoga Mat,3,6269.53,0.24,23681.14,4768.11,85.33,Net Banking,4,FALSE,Delivered,9
ORD-03849,7/29/2024,CUST29433,Priya Chatterjee,25,Male,West,Surat,Beauty,Shampoo,8,142.19,0.04,1840.58,820.61,75.73,EMI,3,FALSE,Delivered,5
ORD-03848,7/29/2024,CUST92309,Aditya Shah,35,Male,South,Bangalore,Beauty,Perfume,2,423.08,0.25,1086.7,513.6,65.64,Cash on Delivery,5,FALSE,Delivered,6
ORD-03847,7/29/2024,CUST01197,Karan Iyer,21,Other,North,Delhi,Furniture,Wardrobe,6,16429.02,0.27,133325.05,40765.64,32.5,EMI,4,FALSE,Delivered,5
ORD-03846,7/29/2024,CUST69930,Vikram Kapoor,58,Male,South,Bangalore,Sports,Football,3,14603.58,0.26,55450.77,10463.09,56.67,Credit Card,2,FALSE,Delivered,7
ORD-03845,29/07/2024,CUST16479,Priya Verma,21,Male,Central,Raipur,Sports,Football,5,12528.36,0.21,80527.42,9443.81,90.11,EMI,2,FALSE,Delivered,7
ORD-03842,7/27/2024,CUST75870,Meera Mishra,20,Other,East,Patna,Groceries,Cooking Oil,7,75.8,0.05,782.05,70.98,62.63,Net Banking,4,FALSE,Delivered,8
ORD-03841,7/27/2024,CUST55175,Pooja Verma,36,Female,North,Ludhiana,Sports,Cycle,4,4702.62,0.3,23223.7,3762.63,66.86,Net Banking,2,FALSE,Delivered,5
ORD-03839,7/26/2024,CUST67708,Aarav Pillai,29,Male,South,Hyderabad,Beauty,Sunscreen,9,2362.56,0.24,27141.72,10738.54,78.73,Net Banking,4,FALSE,Delivered,2
ORD-03837,7/26/2024,CUST54910,Rahul Bhat,29,Female,East,Patna,Sports,Tennis Racket,1,14799.57,0.31,18615.04,2577.83,93.94,Net Banking,1,FALSE,Cancelled,4
ORD-03836,7/25/2024,CUST17574,Ananya Bhat,37,Male,East,Guwahati,Clothing,Jeans,6,3101.95,0.35,20358.13,7357.07,89.04,Credit Card,3,TRUE,Returned,7
ORD-03835,7/25/2024,CUST19222,Nikhil Reddy,59,Other,Central,Indore,Beauty,Sunscreen,4,575.06,0.02,3788.19,1608.33,74.42,Debit Card,2,FALSE,cancelled,7
ORD-03834,7/24/2024,CUST62488,Sanjay Bose,31,Other,East,Kolkata,Groceries,Sugar,5,335.32,0.33,1937.67,171.12,88.98,Cash on Delivery,1,TRUE,Returned,2
ORD-03833,7/24/2024,CUST19407,Shreya Kapoor,39,Other,West,Surat,Sports,Dumbbells,9,7643.25,0.12,102057.62,26038.27,62.54,Debit Card,3,FALSE,Delivered,7
ORD-03832,7/24/2024,CUST67339,Vikram Bhat,31,Other,North,Delhi,Books,Fiction Novel,9,592.57,0.31,5565.17,2593.15,60.15,Net Banking,4,TRUE,Returned,10
ORD-03831,7/23/2024,CUST20981,Pooja Gupta,37,Male,West,Ahmedabad,Sports,Cricket Bat,1,9065.16,0.15,13700.29,2690,73.71,Net Banking,4,FALSE,Delivered,4
ORD-03830,7/23/2024,CUST01634,Sunita Kumar,-2,Male,West,Mumbai,Books,Textbook,4,1110.24,0.37,4630.24,2178.27,50.74,Debit Card,3,FALSE,Shipped,4
ORD-03829,7/23/2024,CUST62705,Sunita Rao,12,Other,South,Kochi,Books,Textbook,9,1016.4,0.28,11448.61,5111.04,85.13,EMI,2,FALSE,Delivered,5
ORD-03828,7/22/2024,CUST16772,Ritu Mehta,35,Other,Central,Indore,Electronics,Smartwatch,3,45894.21,0.11,191499.56,29426.2,51.2,UPI,2,FALSE,Delivered,3
ORD-03827,7/22/2024,CUST03364,Arjun Gupta,44,Male,North,Amritsar,Beauty,Shampoo,4,467.13,0.35,2125.39,857.43,18.28,UPI,4,FALSE,Shipped,3
ORD-03826,7/22/2024,CUST11947,Priya Chatterjee,34,Male,North,Chandigarh,Furniture,Wardrobe,8,26461.22,0.33,222317.82,66500.31,67.8,Debit Card,3,FALSE,Delivered,7
ORD-03825,7/21/2024,CUST88226,Aditya Verma,47,Male,West,Surat,Groceries,Tea,7,488.22,0.38,2672.94,163.37,60.37,EMI,1,TRUE,Returned,8
ORD-03824,7/21/2024,CUST13500,Amit Patel,26,Other,North,Chandigarh,Groceries,Flour,6,112.85,0.13,1196.11,116.49,40.89,Cash on Delivery,5,TRUE,Returned,8
ORD-03823,7/21/2024,CUST65889,Priya Verma,52,Female,Central,Indore,Groceries,Sugar,6,462.8,0.2,3702.45,265.28,81.01,Cash on Delivery,4,FALSE,Delivered,7
ORD-03822,7/20/2024,CUST66429,Ritu Iyer,20,Female,West,Ahmedabad,Books,Fiction Novel,9,872.17,0.28,9875.31,3131.98,23.1,Cash on Delivery,2,FALSE,Delivered,4
ORD-03821,7/19/2024,CUST35476,Aarav Joshi,54,Female,Central,Indore,Books,Fiction Novel,2,588.67,0.24,1452.74,631.41,78.55,Credit Card,2,FALSE,Delivered,4
ORD-03820,7/19/2024,CUST00780,Sanjay Nair,42,Male,Central,Raipur,Books,Self-Help Book,1,329.58,0.11,558.63,235.62,62.65,Net Banking,1,FALSE,Delivered,10
ORD-03819,7/19/2024,CUST71900,Amit Kapoor,48,Male,East,Kolkata,Furniture,Chair,3,10939.89,0.37,35018.76,7992.14,99.95,Cash on Delivery,1,FALSE,Delivered,9
ORD-03817,7/19/2024,CUST73190,Ananya Rao,55,Male,West,Mumbai,Electronics,Tablet,3,56831.24,0.19,238477.33,35537.62,65.07,Net Banking,1,FALSE,Delivered,6
ORD-03816,7/18/2024,CUST84507,Aditya Rao,43,Female,West,Surat,Clothing,Jeans,4,2908.06,0.14,14896.36,4991.17,65.75,Cash on Delivery,5,FALSE,Delivered,8
ORD-03815,7/18/2024,CUST41610,Ritu Mishra,28,Male,West,Mumbai,Furniture,Desk,9,10925.91,0.33,95157.91,21495.8,38.47,Net Banking,4,FALSE,Delivered,9
ORD-03814,7/18/2024,CUST84704,Nikhil Kumar,60,Other,South,Kochi,Books,Biography,9,1373,0.06,17944.78,4726.75,32.78,Cash on Delivery,5,FALSE,Delivered,8
ORD-03812,7/16/2024,CUST84668,Aditya Kumar,15,Other,West,Mumbai,Beauty,Shampoo,5,162.51,0.02,1292.81,494.7,66.88,EMI,3,FALSE,Delivered,8
ORD-03810,7/14/2024,CUST08609,Arjun Rao,23,Female,West,Mumbai,Electronics,Smartphone,10,57591.46,0.13,797146.87,88464.11,76.68,EMI,2,TRUE,Returned,6
ORD-03809,7/14/2024,CUST76945,Rohan Sharma,40,Male,West,Mumbai,Books,Comic Book,8,526.69,0.25,5310.11,1871.66,54.87,EMI,3,TRUE,Returned,7
ORD-03808,7/13/2024,CUST03800,Rahul Mishra,36,Other,South,Bangalore,Clothing,Kurta,4,3455.27,0,20334.29,8527.59,73.07,EMI,2,FALSE,Delivered,9
ORD-03807,7/13/2024,CUST40435,Aditya Singh,34,Male,East,Guwahati,Groceries,Cooking Oil,10,263.05,0.28,3446.63,252.71,60.29,Net Banking,4,FALSE,Delivered,9
ORD-03806,7/12/2024,CUST73502,Meera Gupta,34,Male,West,Mumbai,Clothing,Kurta,9,1781.89,0.21,20730.43,4832,54.08,EMI,2,TRUE,Returned,5
ORD-03805,7/12/2024,CUST88017,Aditya Shah,28,Female,East,Guwahati,Clothing,T-Shirt,9,2080.99,0.16,29349.38,8715.61,71.25,Net Banking,4,FALSE,Delivered,10
ORD-03804,7/12/2024,CUST42902,Rahul Kumar,50,Other,South,Hyderabad,Groceries,Sugar,-1,84.21,0.13,125.78,8.9,47.91,Cash on Delivery,4,FALSE,Delivered,2
ORD-03803,7/11/2024,CUST18219,Pooja Singh,40,Other,South,Kochi,Electronics,Smartwatch,5,14932.93,0.35,77317.66,5613.46,85.87,UPI,2,FALSE,Delivered,9
ORD-03802,11/7/2024,CUST44356,Pooja Mehta,54,Other,East,Guwahati,Furniture,Bed Frame,4,34537.46,0.05,208628.7,50381.67,76.14,EMI,3,FALSE,Delivered,8
ORD-03801,7/11/2024,CUST68786,Rahul Sharma,38,Other,West,Mumbai,Sports,Football,2,13574.46,0.31,32632.91,9812.3,49.47,Net Banking,3,FALSE,Delivered,7
ORD-03800,7/10/2024,CUST91283,Ananya Verma,27,Female,South,Hyderabad,Sports,Yoga Mat,10,9793.3,0.26,101289.99,21064.94,62.81,Cash on Delivery,2,FALSE,Delivered,9
ORD-03799,7/10/2024,CUST47925,Shreya Bose,32,Other,South,Chennai,Electronics,Laptop,6,33794.81,0.2,278998.42,47680.83,53.59,Credit Card,5,FALSE,Delivered,6
ORD-03797,7/9/2024,CUST19882,Sanjay Gupta,30,Male,North,Chandigarh,Electronics,Headphones,3,39483.93,0.01,188221.16,17116.65,68.56,UPI,3,TRUE,Returned,2
ORD-03796,7/7/2024,CUST82853,Sanjay Chatterjee,18,Other,Central,Raipur,Clothing,Dress,10,1784.51,0.18,22208.97,11474.7,69.08,Cash on Delivery,4,FALSE,Delivered,8
ORD-03795,7/7/2024,CUST28954,Nikhil Bose,35,Female,Central,Bhopal,Clothing,T-Shirt,2,735.25,0.03,2477.72,795.65,74.95,UPI,5,FALSE,Delivered,8
ORD-03793,7/6/2024,CUST34536,Priya Nair,27,Female,South,Hyderabad,Beauty,Sunscreen,7,1042.17,0.38,7279.6,3363.37,71.04,EMI,5,FALSE,Pending,5
ORD-03792,7/6/2024,CUST55522,Rohan Mehta,25,Male,South,Bangalore,Electronics,Headphones,10,63505.68,0.16,1033433.55,141319.32,64.82,Debit Card,3,FALSE,Delivered,5
ORD-03790,7/5/2024,CUST81850,Karan Das,7,Other,East,Guwahati,Beauty,Lipstick,3,1906.13,0.35,5546.63,2206.08,75.13,UPI,5,FALSE,Delivered,6
ORD-03789,7/4/2024,CUST30468,Shreya Patel,42,Other,Central,Bhopal,Clothing,T-Shirt,4,766.4,0.12,4071.69,1156.28,41.96,Net Banking,3,FALSE,Delivered,10
ORD-03787,7/4/2024,CUST66442,Rohan Pillai,26,Other,East,Guwahati,Electronics,Tablet,1,47324.8,0.16,68357.31,9570.12,90.13,Credit Card,5,TRUE,Returned,9
ORD-03786,7/4/2024,CUST30148,Vikram Patel,29,Male,West,Ahmedabad,Clothing,T-Shirt,7,3302.83,0.07,35762.76,10582.26,67.27,Debit Card,2,FALSE,Shipped,3
ORD-03785,7/4/2024,CUST16284,Ananya Iyer,40,Female,East,Bhubaneswar,Groceries,Dal (1kg),3,316.44,0.33,1181.33,72.84,95.3,Debit Card,3,FALSE,Delivered,1
ORD-03784,7/4/2024,CUST30184,Meera Bhat,36,Other,West,Pune,Clothing,Jacket,6,3443.27,0.34,23314.01,6106.27,43.69,EMI,3,FALSE,Delivered,4
ORD-03782,7/3/2024,CUST04568,Rohan Joshi,43,Other,West,Surat,Beauty,Shampoo,4,1596.7,0.35,6225.11,2976.56,47.58,Cash on Delivery,2,FALSE,Delivered,8
ORD-03779,7/2/2024,CUST68889,Vikram Chatterjee,56,Other,North,Ludhiana,Books,Fiction Novel,2,493.07,0.4,1034.25,466.16,79.96,Net Banking,5,FALSE,Delivered,5
ORD-03778,7/2/2024,CUST84717,Amit Reddy,25,Other,South,Hyderabad,Furniture,Sofa,4,28275.08,0.24,147352.35,53042.72,97.32,Cash on Delivery,2,FALSE,Delivered,2
ORD-03776,7/1/2024,CUST73430,Sanjay Nair,33,Female,South,Hyderabad,Electronics,Laptop,7,51364.38,0.29,439744.01,43544.12,63.03,Credit Card,4,TRUE,Returned,5
ORD-03775,7/1/2024,CUST11643,Aditya Verma,20,Male,North,Chandigarh,Books,Textbook,2,646.61,0.22,1668.69,631.7,49.01,Credit Card,2,FALSE,delivered,3
ORD-03774,6/30/2024,CUST67934,Shreya Verma,13,Male,South,Kochi,Electronics,Smartphone,7,65719.06,0.19,568045.49,73500.33,74.03,Cash on Delivery,4,FALSE,delivered,5
ORD-03773,6/30/2024,CUST34644,Ananya Patel,27,Male,South,Bangalore,Clothing,Jeans,3,1621.83,0.4,4851.55,1799.06,67.23,Credit Card,2,FALSE,Delivered,4
ORD-03772,6/30/2024,CUST20093,Arjun Pillai,38,Female,East,Kolkata,Clothing,Jeans,1,940.26,0.15,1246.04,538.04,74.32,Debit Card,5,FALSE,Delivered,4
ORD-03771,6/29/2024,CUST79702,Priya Sharma,38,Female,South,Hyderabad,Clothing,Jacket,6,3840.34,0.23,33201.77,12918.61,69.58,Cash on Delivery,3,FALSE,Pending,1
ORD-03770,6/28/2024,CUST96876,Nikhil Sharma,35,Other,South,Bangalore,Electronics,Smartwatch,-1,21887.79,0.34,27456.59,3466.29,71.52,Debit Card,5,FALSE,Delivered,9
ORD-03769,6/28/2024,CUST52834,Priya Shah,43,Other,West,Mumbai,Furniture,Bed Frame,3,20889.94,0.28,70530.85,15914.76,86.28,UPI,5,FALSE,delivered,2
ORD-03768,6/28/2024,CUST05494,Rahul Kumar,42,Female,West,Pune,Clothing,Saree,9,419.53,0.09,6597.21,2226.42,55.39,EMI,1,FALSE,Delivered,6
ORD-03767,27/06/2024,CUST10979,Pooja Kapoor,41,Female,East,Guwahati,Furniture,Sofa,1,31109.85,0.22,44220.44,11000.78,97.57,Debit Card,3,FALSE,Delivered,3
ORD-03766,6/27/2024,CUST36068,Aarav Singh,30,Other,East,Bhubaneswar,Clothing,Jeans,-1,3154.09,0.01,4594.66,1520,69.59,UPI,3,FALSE,Delivered,9
ORD-03764,6/27/2024,CUST98746,Deepa Bhat,8,Female,South,Hyderabad,Electronics,Smartwatch,7,76987.29,0.37,593268.71,84490.85,41.74,Net Banking,1,FALSE,Delivered,1
ORD-03763,6/26/2024,CUST66505,Vikram Verma,49,Male,Central,Nagpur,Sports,Cricket Bat,3,10144.06,0.02,54236.12,10158.3,72.68,Debit Card,1,TRUE,Returned,1
ORD-03762,6/26/2024,CUST95973,Nikhil Singh,36,Male,East,Bhubaneswar,Beauty,Face Cream,5,506.32,0.23,3615.35,1883.1,101.92,Cash on Delivery,3,FALSE,Pending,8
ORD-03761,6/25/2024,CUST71732,Ritu Gupta,27,Female,South,Bangalore,Groceries,Cooking Oil,1,389.09,0.33,384.54,33.54,93.62,Credit Card,5,FALSE,Delivered,3
ORD-03760,6/24/2024,CUST08262,Sanjay Nair,33,Other,Central,Bhopal,Beauty,Face Cream,4,1104.29,0.03,7265.19,2641.46,62.74,Debit Card,5,FALSE,Shipped,2
ORD-03759,6/24/2024,CUST16441,Nisha Bose,18,Female,East,Guwahati,Sports,Tennis Racket,4,6805.31,0.01,48326.79,11120.45,101.73,EMI,2,TRUE,Returned,3
ORD-03757,6/24/2024,CUST96410,Priya Shah,51,Male,South,Chennai,Books,Cook Book,5,961.89,0.01,7627.11,3502.92,70.62,Credit Card,4,FALSE,Delivered,3
ORD-03756,6/24/2024,CUST46771,Karan Verma,46,Other,East,Kolkata,Sports,Dumbbells,2,4339.24,0.04,15428.64,2162.54,103.91,Credit Card,5,FALSE,Delivered,2
ORD-03755,6/23/2024,CUST69679,Aarav Kumar,18,Male,West,Surat,Furniture,Sofa,3,34248.61,0.02,172473.24,48852.27,59.95,Debit Card,3,FALSE,Delivered,4
ORD-03754,6/23/2024,CUST83515,Amit Shah,33,Male,East,Patna,Groceries,Dal (1kg),9,298.83,0.1,4084.65,279.53,55.65,EMI,1,TRUE,Returned,1
ORD-03753,6/23/2024,CUST16098,Priya Sharma,41,Female,South,Hyderabad,Books,Textbook,10,1271.11,0.24,14356.97,5996.1,47.57,Net Banking,5,FALSE,Delivered,1
ORD-03752,6/22/2024,CUST35687,Deepa Nair,42,Other,West,Surat,Books,Comic Book,1,787.78,0.15,1146.29,520.99,47.1,Credit Card,2,FALSE,Delivered,9
ORD-03751,6/21/2024,CUST80011,Rahul Chatterjee,35,Male,Central,Raipur,Electronics,Smartphone,8,67283.39,0.11,832824.46,136279.91,61.27,Credit Card,4,FALSE,Delivered,4
ORD-03750,6/21/2024,CUST58867,Meera Das,47,Other,Central,Raipur,Beauty,Sunscreen,9,2060.87,0.1,28144,10192.2,37.8,Cash on Delivery,4,FALSE,Pending,4
ORD-03749,6/21/2024,CUST71536,Amit Bose,49,Male,North,Ludhiana,Books,Fiction Novel,6,587.3,0.23,4643.97,1923.83,52.24,Net Banking,5,FALSE,Delivered,5
ORD-03748,6/21/2024,CUST36188,Amit Joshi,9,Other,West,Pune,Electronics,Headphones,5,21665.65,0.39,111295.68,16051.87,62.8,Net Banking,2,FALSE,Pending,9
ORD-03747,6/21/2024,CUST30878,Karan Kumar,42,Male,East,Bhubaneswar,Electronics,Smartphone,6,72110.58,0.37,450289.54,65004.31,70.74,Cash on Delivery,3,FALSE,Pending,9
ORD-03746,6/20/2024,CUST06683,Ananya Mishra,19,Female,South,Hyderabad,Groceries,Dal (1kg),9,293.41,0.09,4375.33,353.37,78.57,EMI,5,FALSE,Delivered,8
ORD-03745,6/20/2024,CUST90657,Nisha Rao,3,Male,East,Kolkata,Books,Self-Help Book,7,1488.69,0.23,14606.35,5456.52,50.25,Cash on Delivery,5,FALSE,Shipped,8
ORD-03744,6/19/2024,CUST99332,Priya Shah,31,Male,West,Ahmedabad,Sports,Football,10,2344.7,0.37,24013.4,8412.79,44.13,Debit Card,3,FALSE,Delivered,1
ORD-03742,6/19/2024,CUST49165,Ananya Rao,39,Male,East,Kolkata,Sports,Tennis Racket,5,5213.22,0.05,34214.43,5897.04,85.1,Cash on Delivery,3,FALSE,delivered,2
ORD-03741,6/19/2024,CUST11870,Arjun Iyer,28,Other,East,Kolkata,Clothing,Jacket,4,2577.39,0.11,15407.9,5412.09,58.52,UPI,2,FALSE,Delivered,1
ORD-03739,6/18/2024,CUST32885,Deepa Iyer,36,Other,East,Guwahati,Clothing,Saree,2,419.29,0.4,977.42,372.17,91.04,Debit Card,4,FALSE,Delivered,6
ORD-03738,6/18/2024,CUST81515,Shreya Reddy,44,Female,West,Ahmedabad,Clothing,Saree,8,318.72,0.2,3315.64,1361.66,66.35,Cash on Delivery,3,FALSE,Delivered,6
ORD-03737,6/17/2024,CUST37666,Ananya Shah,39,Other,West,Pune,Beauty,Perfume,1,1139.19,0.02,2138.54,958.64,47.9,EMI,2,FALSE,Delivered,6
ORD-03736,6/17/2024,CUST82654,Deepa Verma,28,Other,Central,Nagpur,Groceries,Dal (1kg),5,303.44,0.06,2686.06,221.12,32.81,UPI,4,FALSE,Delivered,9
ORD-03735,6/16/2024,CUST24467,Aditya Mishra,46,Male,North,Delhi,Beauty,Face Cream,3,2171.12,0.37,6476.71,2737.34,57.34,Net Banking,4,TRUE,Returned,2
ORD-03733,6/16/2024,CUST26791,Vikram Pillai,34,Female,East,Bhubaneswar,Groceries,Dal (1kg),8,164.21,0.25,1864.61,136.75,81.6,Debit Card,4,FALSE,Shipped,10
ORD-03732,6/15/2024,CUST93241,Nikhil Patel,31,Female,North,Chandigarh,Clothing,Jeans,10,1828.09,0.4,18651.13,4543.72,54.66,UPI,5,FALSE,Delivered,10
ORD-03731,6/15/2024,CUST46976,Nikhil Sharma,11,Male,East,Patna,Electronics,Tablet,3,48747.69,0.29,172382.02,22319.7,42.24,Net Banking,5,FALSE,Delivered,6
ORD-03730,6/15/2024,CUST49008,Kavya Reddy,24,Male,East,Bhubaneswar,Electronics,Tablet,4,56393.82,0.37,238585.21,36073.62,49.73,UPI,2,FALSE,Delivered,10
ORD-03728,6/13/2024,CUST36060,Aditya Bose,48,Female,South,Bangalore,Beauty,Face Cream,3,1059.55,0.29,3720.84,1778.64,88.2,Credit Card,4,FALSE,Shipped,6
ORD-03726,6/13/2024,CUST30497,Aarav Rao,47,Other,South,Chennai,Beauty,Face Cream,4,1180.84,0.39,5917.92,3098.15,55.9,EMI,3,FALSE,Delivered,6
ORD-03725,6/13/2024,CUST34762,Aditya Sharma,51,Male,East,Guwahati,Electronics,Headphones,3,45977.54,0.4,157351.1,16766.5,89.69,Cash on Delivery,5,FALSE,Delivered,9
ORD-03724,6/13/2024,CUST07562,Aditya Verma,29,Male,East,Patna,Furniture,Bookshelf,4,29351.23,0.19,174388.71,36069.54,82.28,Net Banking,4,FALSE,Delivered,9
ORD-03723,6/12/2024,CUST40746,Meera Nair,33,Other,North,Ludhiana,Furniture,Desk,8,24394.07,0.35,188753.55,52364.3,37.42,Cash on Delivery,1,FALSE,Delivered,2
ORD-03722,6/12/2024,CUST72927,Amit Bhat,48,Female,West,Ahmedabad,Sports,Tennis Racket,6,701.76,0.12,6443.54,1409.13,70.25,Net Banking,4,FALSE,Delivered,7
ORD-03721,6/10/2024,CUST98311,Aarav Mishra,58,Other,East,Patna,Clothing,Kurta,5,1827.87,0.17,14497.49,4727.66,91.8,Credit Card,5,FALSE,Delivered,5
ORD-03719,6/10/2024,CUST03355,Arjun Kapoor,43,Male,South,Hyderabad,Sports,Cricket Bat,2,3506.29,0.29,9018.03,1718.02,58.97,UPI,5,FALSE,Shipped,4
ORD-03718,6/9/2024,CUST79815,Nisha Kumar,44,Female,West,Pune,Clothing,T-Shirt,6,3390.52,0.34,23183.14,7689.47,53.24,EMI,1,FALSE,Delivered,6
ORD-03717,6/9/2024,CUST54594,Ritu Verma,37,Male,South,Hyderabad,Sports,Football,4,969.54,0.1,6002.74,476.57,59.53,Net Banking,4,FALSE,Delivered,5
ORD-03714,6/7/2024,CUST48600,Kavya Reddy,23,Female,East,Kolkata,Clothing,Saree,6,3566.25,0.19,31426.55,12874.37,94.51,EMI,5,FALSE,Delivered,2
ORD-03713,7/6/2024,CUST56250,Shreya Shah,26,Female,South,Bangalore,Clothing,T-Shirt,8,3182.92,0.17,35409.06,17485.08,81.77,UPI,5,FALSE,Delivered,9
ORD-03711,6/5/2024,CUST44263,Meera Sharma,3,Male,West,Mumbai,Books,Comic Book,7,753.13,0.03,8678.5,4965.83,51.61,EMI,1,FALSE,Delivered,4
ORD-03710,6/5/2024,CUST62728,Amit Rao,39,Male,South,Hyderabad,Beauty,Perfume,1,2092.15,0.37,1997.2,949.86,60.48,UPI,2,TRUE,Returned,8
ORD-03709,6/3/2024,CUST34494,Rahul Mehta,40,Other,South,Chennai,Electronics,Laptop,9,62118.25,0.27,741493.84,88815.59,64.34,EMI,1,FALSE,Shipped,6
ORD-03708,6/2/2024,CUST22717,Pooja Das,44,Female,East,Kolkata,Clothing,Kurta,2,843.73,0.32,1839.05,660.61,92.53,UPI,5,FALSE,Delivered,10
ORD-03707,6/1/2024,CUST19426,Ananya Bhat,19,Male,North,Chandigarh,Clothing,T-Shirt,4,2911.82,0.11,17929.64,6962.57,69.31,Net Banking,4,TRUE,Returned,7
ORD-03706,5/30/2024,CUST22929,Ananya Singh,29,Other,North,Chandigarh,Clothing,Dress,8,2994.98,0.2,31403.77,11180.42,45.43,Net Banking,5,FALSE,Delivered,5
ORD-03705,5/28/2024,CUST12809,Ritu Reddy,17,Male,North,Delhi,Beauty,Perfume,6,1898.74,0.34,10406.29,5251.12,29.46,Credit Card,3,FALSE,Delivered,10
ORD-03704,5/28/2024,CUST39978,Sunita Kapoor,6,Female,Central,Raipur,Beauty,Shampoo,4,1243.93,0.34,5427.21,1521.9,44.57,Debit Card,1,FALSE,delivered,6
ORD-03703,5/27/2024,CUST91203,Arjun Verma,32,Other,West,Mumbai,Beauty,Sunscreen,4,722.47,0.19,4358.73,1526.73,71.99,EMI,1,FALSE,Cancelled,7
ORD-03702,5/26/2024,CUST35943,Nisha Mehta,44,Other,North,Amritsar,Beauty,Face Cream,5,678.22,0.34,3655.87,1361.71,56.46,EMI,2,FALSE,Shipped,3
ORD-03701,5/26/2024,CUST18957,Ritu Shah,-1,Male,Central,Indore,Groceries,Rice (5kg),7,314.01,0.22,2725.99,279.75,47.43,UPI,1,TRUE,Returned,5
ORD-03700,5/26/2024,CUST90578,Amit Reddy,30,Male,East,Patna,Furniture,Sofa,9,10404.8,0.35,103669.31,24976.75,83.45,Credit Card,1,FALSE,Delivered,6
ORD-03697,5/24/2024,CUST35363,Amit Das,43,Other,Central,Nagpur,Books,Textbook,8,734.35,0.3,6592.36,2327.04,53.13,UPI,3,FALSE,Delivered,1
ORD-03696,5/24/2024,CUST19992,Kavya Reddy,22,Other,North,Amritsar,Furniture,Desk,1,24499.78,0.05,38719.41,9078.79,41.62,Cash on Delivery,3,FALSE,delivered,8
ORD-03695,5/23/2024,CUST26394,Priya Bose,27,Other,South,Kochi,Groceries,Cooking Oil,9,399.43,0.06,5735.84,223.77,65.8,EMI,1,FALSE,Delivered,4
ORD-03693,5/22/2024,CUST04664,Shreya Mehta,45,Male,South,Bangalore,Books,Fiction Novel,4,1444.05,0.31,6939.46,2386.88,95.97,UPI,3,FALSE,Delivered,3
ORD-03690,5/22/2024,CUST65586,Aditya Rao,42,Other,Central,Bhopal,Electronics,Camera,1,44361.97,0.28,54397.95,6985.15,30.74,Credit Card,4,FALSE,Delivered,2
ORD-03688,5/21/2024,CUST87861,Sanjay Mishra,18,Other,East,Patna,Furniture,Sofa,3,27654.89,0.07,139972.33,47884.94,88.4,UPI,3,FALSE,Delivered,7
ORD-03687,5/20/2024,CUST45246,Priya Verma,30,Other,South,Chennai,Clothing,Jeans,2,511.88,0.33,1034.06,311.79,75.89,Net Banking,1,FALSE,Delivered,7
ORD-03686,5/19/2024,CUST39920,Rahul Pillai,45,Male,Central,Indore,Sports,Dumbbells,1,9074.17,0.08,12971.64,3182.4,43.12,EMI,4,FALSE,Delivered,9
ORD-03685,5/19/2024,CUST54368,Rahul Bhat,26,Other,East,Kolkata,Beauty,Lipstick,4,1340.35,0.28,6161.42,2285.21,75.46,Net Banking,2,FALSE,Delivered,7
ORD-03683,5/18/2024,CUST23854,Karan Nair,42,Female,North,Delhi,Sports,Dumbbells,1,9307.03,0.19,13905.79,3331.01,47.05,EMI,2,FALSE,Delivered,1
ORD-03681,5/17/2024,CUST54460,Karan Mishra,35,Other,South,Bangalore,Clothing,Jacket,2,2532.85,0.05,6919.55,2112.78,67.93,UPI,5,FALSE,Delivered,2
ORD-03680,5/16/2024,CUST34978,Arjun Mishra,19,Female,North,Chandigarh,Groceries,Sugar,4,237.91,0.2,1123.61,104.78,61.7,Credit Card,5,TRUE,Returned,4
ORD-03679,5/16/2024,CUST33255,Priya Mishra,38,Other,North,Amritsar,Furniture,Desk,5,25978.76,0.11,222707.41,45655.25,40.23,Debit Card,1,FALSE,Delivered,4
ORD-03678,5/16/2024,CUST45890,Ritu Patel,16,Male,West,Mumbai,Electronics,Camera,4,20489.54,0.01,161033.98,22669.85,73.53,Cash on Delivery,1,FALSE,Pending,4
ORD-03677,5/16/2024,CUST13845,Pooja Joshi,24,Female,West,Pune,Books,Self-Help Book,5,386.11,0.05,3102.98,740.13,71.81,Cash on Delivery,3,FALSE,Shipped,7
ORD-03674,5/15/2024,CUST71549,Ritu Das,37,Female,East,Kolkata,Furniture,Chair,3,16806.93,0.37,52202.49,17999.97,90.53,Credit Card,4,FALSE,Delivered,2
ORD-03673,5/15/2024,CUST42403,Shreya Gupta,27,Other,North,Amritsar,Clothing,Saree,1,2208.92,0.2,2768.11,796.01,73.64,Net Banking,5,FALSE,Delivered,1
ORD-03672,5/14/2024,CUST50417,Ananya Pillai,31,Female,West,Surat,Groceries,Dal (1kg),9,452.08,0.37,4593.7,347.56,25.04,EMI,3,TRUE,Returned,8
ORD-03671,5/14/2024,CUST25446,Meera Joshi,40,Other,North,Amritsar,Beauty,Perfume,9,1744.29,0.18,21619.82,8141.08,64.2,Debit Card,5,FALSE,Cancelled,4
ORD-03668,5/13/2024,CUST73443,Vikram Pillai,21,Female,East,Patna,Furniture,Wardrobe,6,17147.62,0.11,182249.65,41080.8,87.27,Credit Card,1,FALSE,Delivered,4
ORD-03667,5/13/2024,CUST95748,Arjun Kapoor,61,Female,East,Kolkata,Electronics,Tablet,1,42744.12,0.29,49034.56,5764.27,81.41,Debit Card,4,FALSE,Delivered,8
ORD-03666,5/13/2024,CUST44030,Aditya Sharma,19,Female,North,Amritsar,Clothing,Dress,1,1396.08,0.02,2286.71,826.31,32.4,Credit Card,2,FALSE,Delivered,4
ORD-03665,5/13/2024,CUST12838,Sanjay Pillai,30,Male,East,Bhubaneswar,Clothing,Saree,2,358,0.38,728.66,256.4,63.9,EMI,1,FALSE,Delivered,6
ORD-03664,5/13/2024,CUST92119,Amit Singh,39,Male,South,Kochi,Groceries,Cooking Oil,9,188.1,0.08,2301.06,192.79,67.95,EMI,2,TRUE,Returned,9
ORD-03662,5/11/2024,CUST72198,Ritu Shah,22,Female,West,Ahmedabad,Books,Self-Help Book,1,824.98,0.04,1484.35,718.2,58.06,EMI,5,FALSE,Delivered,3
ORD-03659,5/9/2024,CUST21485,Priya Shah,35,Female,West,Ahmedabad,Beauty,Sunscreen,8,1212.69,0.21,13771.38,6491.12,40.26,Credit Card,3,FALSE,Delivered,8
ORD-03657,5/8/2024,CUST04582,Kavya Kumar,43,Female,East,Bhubaneswar,Furniture,Chair,7,16570.92,0.33,122079.93,40801.29,111.73,Net Banking,1,FALSE,Shipped,9
ORD-03656,7/5/2024,CUST68462,Arjun Verma,22,Male,North,Ludhiana,Groceries,Sugar,7,113.61,0.03,1502.19,129.15,65.96,Debit Card,5,FALSE,Delivered,4
ORD-03655,5/7/2024,CUST44723,Ritu Singh,42,Male,West,Ahmedabad,Furniture,Sofa,10,15954.1,0.05,267926.31,76735.56,54.78,Debit Card,1,FALSE,Delivered,1
ORD-03654,5/6/2024,CUST00096,Ritu Bose,41,Male,Central,Raipur,Groceries,Flour,1,429.16,0.06,614.69,40.82,38.15,Cash on Delivery,2,FALSE,Delivered,7
ORD-03652,5/6/2024,CUST85147,Aditya Singh,35,Female,South,Hyderabad,Clothing,Kurta,2,1717.4,0.17,4468.98,1161.98,84.39,Credit Card,5,TRUE,Returned,5
ORD-03651,5/5/2024,CUST95089,Amit Verma,40,Female,Central,Nagpur,Beauty,Sunscreen,8,1207.93,0.26,11716.75,4482.22,60.34,EMI,5,FALSE,Delivered,4
ORD-03650,5/4/2024,CUST58829,Sanjay Kapoor,57,Female,Central,Bhopal,Books,Fiction Novel,8,1190.92,0.22,14021.08,5817.67,76.18,UPI,3,TRUE,Returned,1
ORD-03648,5/4/2024,CUST67942,Rohan Bhat,28,Male,West,Ahmedabad,Electronics,Tablet,2,32171.04,0.1,95994.28,9495.02,70.88,Debit Card,3,TRUE,Returned,7
ORD-03647,5/4/2024,CUST04161,Ritu Kapoor,30,Other,West,Surat,Beauty,Sunscreen,4,1294.1,0.26,5791.59,2481.74,34.77,Cash on Delivery,1,FALSE,Delivered,6
ORD-03646,5/4/2024,CUST63505,Karan Bose,52,Female,South,Kochi,Clothing,Jeans,3,2490.42,0.12,9565,4135.15,56.66,Debit Card,5,FALSE,Cancelled,8
ORD-03645,5/4/2024,CUST40711,Rohan Kapoor,33,Other,Central,Bhopal,Groceries,Cooking Oil,4,413.23,0.16,2226.94,97.94,29.46,EMI,4,FALSE,Delivered,9
ORD-03644,5/3/2024,CUST85909,Aditya Mehta,26,Female,East,Patna,Beauty,Face Cream,10,2273.9,0.21,30023.01,13458.53,83.41,EMI,1,FALSE,Delivered,10
ORD-03643,5/3/2024,CUST93078,Rohan Nair,47,Female,West,Surat,Books,Fiction Novel,7,377,0.23,3325.2,1638.79,55.63,EMI,5,FALSE,Delivered,7
ORD-03641,5/2/2024,CUST69845,Ananya Nair,25,Female,North,Chandigarh,Beauty,Face Cream,4,867.46,0.22,4462.82,2376.05,52.4,Debit Card,2,FALSE,Delivered,7
ORD-03640,5/1/2024,CUST31568,Ananya Shah,12,Other,East,Kolkata,Beauty,Sunscreen,5,1989.16,0.24,12820.21,5988.44,79.5,Net Banking,4,FALSE,Delivered,5
ORD-03639,4/30/2024,CUST46406,Ananya Das,44,Male,West,Mumbai,Beauty,Shampoo,1,1276.89,0.14,1679.21,753.07,91.51,UPI,2,FALSE,Delivered,1
ORD-03638,4/30/2024,CUST06952,Deepa Pillai,42,Other,South,Bangalore,Furniture,Bookshelf,4,15880.17,0.08,96311.3,34839.09,69.26,Debit Card,4,FALSE,Delivered,4
ORD-03637,30/04/2024,CUST91185,Karan Rao,19,Other,Central,Nagpur,Beauty,Face Cream,3,2213,0.1,9293.85,4453.78,86.73,EMI,4,FALSE,Delivered,10
ORD-03636,4/30/2024,CUST94587,Vikram Singh,5,Male,South,Chennai,Electronics,Laptop,8,29438.87,0.27,265801.33,17629.48,66.34,EMI,2,FALSE,Delivered,10
ORD-03635,4/29/2024,CUST69253,Aditya Bose,31,Male,North,Chandigarh,Clothing,Jacket,1,2333.82,0.3,2311.26,857.57,31.53,Debit Card,2,TRUE,Returned,10
ORD-03634,4/28/2024,CUST10137,Nikhil Kapoor,32,Male,South,Bangalore,Beauty,Sunscreen,1,2169.87,0.38,1926.55,458.88,52.43,Cash on Delivery,5,FALSE,Pending,3
ORD-03633,4/28/2024,CUST94304,Amit Reddy,35,Other,Central,Raipur,Books,Self-Help Book,9,499.65,0.02,7343.37,2521.34,39.04,Credit Card,2,FALSE,Delivered,2
ORD-03632,4/28/2024,CUST07289,Priya Gupta,26,Female,East,Patna,Groceries,Flour,2,180.86,0.04,487.22,40.04,88.04,Credit Card,4,FALSE,Delivered,5
ORD-03631,4/28/2024,CUST36710,Nisha Patel,31,Male,South,Kochi,Beauty,Hair Oil,6,1419.67,0.01,11838.84,7704.41,81.85,Credit Card,5,FALSE,Delivered,10
ORD-03630,4/28/2024,CUST62637,Aditya Gupta,27,Male,East,Kolkata,Groceries,Sugar,1,373.86,0.25,400.65,34.77,90.23,Net Banking,4,FALSE,Shipped,1
ORD-03629,4/28/2024,CUST18225,Ritu Kumar,11,Female,East,Bhubaneswar,Electronics,Tablet,2,73369.4,0.04,252848.3,40757.28,78.31,EMI,5,FALSE,Delivered,3
ORD-03628,4/26/2024,CUST29710,Aarav Mehta,30,Male,North,Chandigarh,Furniture,Desk,7,3546.07,0.36,24765.72,7503.38,51.04,Debit Card,4,FALSE,delivered,9
ORD-03627,4/26/2024,CUST14544,Karan Bose,15,Male,North,Chandigarh,Beauty,Face Cream,6,2053.53,0.02,18060.12,7506.82,54.84,Debit Card,4,TRUE,Returned,9
ORD-03626,4/26/2024,CUST12779,Vikram Shah,25,Female,East,Bhubaneswar,Electronics,Camera,2,36881.48,0.01,101185.85,16236.72,67.63,EMI,4,FALSE,Delivered,8
ORD-03625,26/04/2024,CUST51053,Kavya Kumar,37,Male,East,Guwahati,Clothing,T-Shirt,2,336.81,0.23,928.67,222.36,105.46,Credit Card,4,FALSE,Delivered,8
ORD-03623,4/24/2024,CUST36037,Sanjay Kumar,39,Male,East,Guwahati,Clothing,Saree,6,805.73,0.39,4220,2273.25,96.9,Credit Card,1,FALSE,Delivered,9
ORD-03622,4/24/2024,CUST32129,Sunita Iyer,39,Other,South,Hyderabad,Electronics,Smartwatch,7,45364.52,0.08,465179.21,56612.46,59.16,EMI,1,TRUE,Returned,8
ORD-03621,4/23/2024,CUST65858,Karan Nair,24,Female,East,Kolkata,Clothing,Kurta,10,3066.81,0.02,47758.51,19208.34,77.64,Net Banking,2,FALSE,Delivered,9
ORD-03618,4/23/2024,CUST86304,Shreya Sharma,42,Male,Central,Nagpur,Clothing,Jeans,8,1645.72,0.24,16304.49,5514.74,71.7,Debit Card,2,FALSE,Shipped,5
ORD-03617,4/22/2024,CUST82513,Meera Nair,29,Male,North,Ludhiana,Electronics,Headphones,10,74580.77,0.23,804932.74,82687.35,42.09,Debit Card,3,FALSE,Delivered,10
ORD-03616,4/22/2024,CUST58545,Pooja Das,33,Other,East,Kolkata,Furniture,Desk,9,14817.04,0,202150.56,62640.08,83.25,UPI,2,FALSE,Delivered,2
ORD-03615,4/22/2024,CUST74717,Amit Joshi,34,Other,Central,Raipur,Books,Fiction Novel,2,1290.19,0.11,3480.18,1141.88,63.68,Debit Card,1,FALSE,Delivered,6
ORD-03614,4/22/2024,CUST04682,Vikram Patel,38,Female,South,Chennai,Clothing,T-Shirt,3,1489.86,0.2,4679.31,2296.34,74.38,Cash on Delivery,1,FALSE,Cancelled,10
ORD-03613,4/22/2024,CUST46029,Shreya Sharma,24,Other,East,Bhubaneswar,Beauty,Lipstick,10,1772.45,0.25,19172.07,8733.22,67.29,UPI,5,FALSE,Delivered,5
ORD-03612,4/21/2024,CUST81078,Shreya Mishra,46,Female,North,Delhi,Books,Fiction Novel,9,518.93,0.18,6095.48,2092.32,33.55,Net Banking,3,FALSE,Delivered,3
ORD-03611,4/20/2024,CUST86007,Amit Joshi,20,Male,South,Kochi,Furniture,Chair,4,16418.71,0.03,100198.09,29085.63,81.66,Net Banking,2,FALSE,Delivered,5
ORD-03610,4/20/2024,CUST71966,Deepa Kumar,31,Female,West,Pune,Beauty,Perfume,8,1737.06,0.05,21586.69,9320.24,48.1,EMI,4,FALSE,Delivered,9
ORD-03609,4/20/2024,CUST45693,Aditya Singh,45,Male,North,Amritsar,Books,Comic Book,5,224.92,0.24,1230.66,529.42,65.16,UPI,5,FALSE,Delivered,2
ORD-03608,4/20/2024,CUST01140,Rohan Sharma,39,Male,Central,Raipur,Beauty,Perfume,8,722.26,0.33,6687.01,4477.03,42.31,Net Banking,3,TRUE,Returned,1
ORD-03607,4/19/2024,CUST69333,Pooja Iyer,31,Female,South,Bangalore,Beauty,Perfume,6,1423.12,0.11,10606.52,4315.91,75.2,Cash on Delivery,4,TRUE,Returned,4
ORD-03606,4/19/2024,CUST74320,Amit Reddy,26,Female,South,Hyderabad,Beauty,Perfume,9,1545.52,0.19,17885.64,11381.04,81,EMI,1,FALSE,Shipped,9
ORD-03605,4/19/2024,CUST13355,Aarav Rao,31,Other,West,Surat,Electronics,Headphones,5,48881.01,0.29,271257.62,14499.23,74.54,UPI,4,FALSE,shipped,2
ORD-03603,4/17/2024,CUST16934,Nisha Das,26,Other,Central,Indore,Clothing,Jeans,5,3541.45,0.23,19925.91,8625.62,58,Cash on Delivery,3,FALSE,Pending,9
ORD-03602,4/16/2024,CUST90978,Meera Chatterjee,45,Male,Central,Nagpur,Furniture,Desk,4,28347.28,0.03,180991,31963.08,74.83,Cash on Delivery,5,FALSE,Delivered,4
ORD-03600,4/15/2024,CUST20450,Shreya Shah,31,Female,Central,Nagpur,Sports,Cricket Bat,4,713.59,0.08,3859.57,957,84.62,Cash on Delivery,5,FALSE,Delivered,8
ORD-03598,4/14/2024,CUST37246,Aarav Mehta,22,Female,East,Patna,Books,Biography,1,675.6,0.09,960.99,301.26,94.17,Net Banking,5,FALSE,Shipped,5
ORD-03597,4/13/2024,CUST83582,Aditya Shah,32,Other,West,Ahmedabad,Sports,Cricket Bat,2,10269.18,0.09,24486.71,5686.61,76.3,Cash on Delivery,3,FALSE,Delivered,10
ORD-03596,4/12/2024,CUST47686,Ritu Das,49,Male,East,Kolkata,Electronics,Smartphone,9,64870.17,0.04,931056.13,126890.46,83.98,Cash on Delivery,4,FALSE,Pending,8
ORD-03595,4/11/2024,CUST20736,Kavya Das,41,Female,West,Mumbai,Sports,Cricket Bat,8,13545.22,0.22,148811.09,34910.45,49.35,Credit Card,5,FALSE,Delivered,1
ORD-03594,4/11/2024,CUST78597,Sanjay Kumar,13,Other,South,Kochi,Electronics,Headphones,6,70873,0.37,359836.7,42189.66,83.88,UPI,3,FALSE,Delivered,4
ORD-03593,4/11/2024,CUST55992,Aarav Mehta,26,Other,Central,Raipur,Groceries,Cooking Oil,2,426.88,0.22,1081.17,85.91,71.23,Cash on Delivery,3,FALSE,Delivered,8
ORD-03591,4/10/2024,CUST08962,Vikram Pillai,48,Other,North,Ludhiana,Groceries,Cooking Oil,4,266.5,0.2,1241.25,67.67,73.91,Net Banking,4,TRUE,Returned,8
ORD-03590,4/10/2024,CUST88984,Aditya Shah,34,Female,West,Mumbai,Beauty,Sunscreen,10,1620.62,0.23,21174.44,5674.7,44.36,Debit Card,1,TRUE,Returned,8
ORD-03589,4/10/2024,CUST32659,Meera Pillai,23,Female,South,Bangalore,Clothing,Kurta,10,2503.17,0.04,37794.25,12461.38,67.3,UPI,4,FALSE,Delivered,3
ORD-03588,4/9/2024,CUST83899,Pooja Bhat,37,Female,South,Chennai,Beauty,Shampoo,7,410.6,0.05,4158.82,1647.62,74.28,Credit Card,3,FALSE,Delivered,7
ORD-03587,4/9/2024,CUST49861,Rahul Bhat,36,Female,South,Chennai,Beauty,Sunscreen,10,1227.43,0.31,12426.65,6994.21,88.5,Debit Card,5,FALSE,Delivered,3
ORD-03584,4/9/2024,CUST44948,Meera Bose,29,Female,West,Mumbai,Books,Self-Help Book,8,807.8,0.01,10104.81,3435.69,55.12,Net Banking,5,TRUE,Returned,10
ORD-03582,4/5/2024,CUST09968,Nisha Kapoor,51,Male,East,Bhubaneswar,Electronics,Headphones,3,15320.14,0.14,58711.83,5168.1,65.67,Cash on Delivery,4,FALSE,Delivered,5
ORD-03581,4/5/2024,CUST67732,Ananya Bhat,32,Male,Central,Raipur,Beauty,Perfume,5,1353.73,0.34,6179.59,3104.88,47.49,Cash on Delivery,1,FALSE,Delivered,6
ORD-03580,4/4/2024,CUST38004,Aarav Nair,27,Other,South,Kochi,Clothing,Saree,9,2254.39,0.32,17631.01,5765.83,101.76,Debit Card,4,TRUE,Returned,8
ORD-03579,4/4/2024,CUST20050,Rohan Sharma,31,Male,North,Amritsar,Electronics,Laptop,3,40441.12,0.06,167514.18,15922.46,37.81,Credit Card,3,FALSE,Shipped,3
ORD-03576,4/3/2024,CUST88667,Meera Chatterjee,26,Female,East,Patna,Electronics,Camera,4,14036.02,0.13,75324.35,9113.01,97.91,Debit Card,4,FALSE,Delivered,3
ORD-03575,4/2/2024,CUST61605,Kavya Reddy,46,Female,East,Guwahati,Sports,Yoga Mat,7,13076.37,0.06,136693.89,34072.35,89.88,Credit Card,5,FALSE,Delivered,8
ORD-03574,4/1/2024,CUST89268,Sanjay Bose,30,Other,North,Ludhiana,Furniture,Wardrobe,6,17399.76,0.22,137113.34,33401.93,68.4,UPI,4,FALSE,Delivered,6
ORD-03573,4/1/2024,CUST13424,Kavya Mishra,16,Other,Central,Nagpur,Furniture,Chair,8,21200.54,0.25,198759.57,52379.78,30.82,Credit Card,5,FALSE,Delivered,9
ORD-03572,3/30/2024,CUST95134,Aarav Kumar,32,Other,West,Surat,Sports,Cricket Bat,5,10965.5,0.17,60476.18,10094.56,67.11,Debit Card,3,FALSE,Delivered,3
ORD-03571,3/30/2024,CUST52512,Nisha Sharma,25,Other,North,Chandigarh,Clothing,Jacket,4,2828.85,0.3,10952.86,3943.46,76.1,Debit Card,3,FALSE,Cancelled,3
ORD-03569,3/29/2024,CUST54474,Nisha Das,38,Male,South,Kochi,Electronics,Camera,3,12872.17,0.07,43511.94,5535.12,64.47,Debit Card,2,TRUE,Returned,1
ORD-03568,3/29/2024,CUST25934,Ananya Patel,23,Other,North,Chandigarh,Beauty,Hair Oil,1,1431.02,0.25,1421.67,657.95,43.1,Debit Card,2,FALSE,Cancelled,7
ORD-03567,3/29/2024,CUST78044,Sanjay Mehta,44,Other,South,Chennai,Electronics,Smartwatch,3,66697.68,0.14,252177.93,18032.17,80.02,Cash on Delivery,4,FALSE,Delivered,7
ORD-03566,3/29/2024,CUST08471,Sanjay Rao,41,Male,East,Patna,Beauty,Hair Oil,9,1290.81,0.38,10137.87,4065.85,94.19,EMI,2,TRUE,Returned,8
ORD-03565,3/28/2024,CUST40074,Kavya Patel,59,Male,West,Mumbai,Groceries,Rice (5kg),9,158.32,0.22,1561.49,114.52,64.86,EMI,3,FALSE,Delivered,10
ORD-03564,3/28/2024,CUST37631,Karan Singh,12,Other,West,Ahmedabad,Clothing,Jacket,6,3699.24,0.33,17538.68,6519.53,44.19,Net Banking,2,FALSE,Delivered,6
ORD-03563,3/28/2024,CUST46277,Karan Singh,30,Other,West,Pune,Furniture,Chair,8,32965.83,0.21,300897.35,94953.31,68.39,Debit Card,5,FALSE,Delivered,10
ORD-03562,3/27/2024,CUST05923,Shreya Mishra,51,Male,Central,Bhopal,Electronics,Laptop,5,11709.91,0.31,50072.11,6899.28,59.01,Debit Card,4,FALSE,Cancelled,3
ORD-03561,3/27/2024,CUST09606,Karan Kapoor,26,Female,West,Pune,Sports,Tennis Racket,1,13730.08,0.33,11658.53,2595.3,49.66,UPI,2,TRUE,Returned,5
ORD-03560,3/27/2024,CUST76119,Kavya Mehta,14,Female,East,Kolkata,Groceries,Tea,7,422.63,0.39,2225.48,251.22,58.49,UPI,1,FALSE,Delivered,3
ORD-03559,3/27/2024,CUST69010,Aditya Bose,42,Female,West,Surat,Books,Self-Help Book,4,335.65,0.2,1393.82,425.54,35.66,Credit Card,3,FALSE,Delivered,6
ORD-03557,3/26/2024,CUST80826,Pooja Chatterjee,48,Female,Central,Nagpur,Sports,Dumbbells,4,1266.64,0.09,6923.51,754.21,67.58,Net Banking,3,FALSE,Delivered,3
ORD-03556,3/25/2024,CUST47056,Nisha Gupta,49,Female,West,Ahmedabad,Books,Cook Book,1,1034.06,0.1,1187.77,456.36,69.43,Net Banking,1,FALSE,Delivered,6
ORD-03555,3/24/2024,CUST21921,Vikram Verma,44,Female,Central,Indore,Clothing,Dress,8,825.43,0.3,6590.81,2481.12,48.12,Net Banking,1,FALSE,Delivered,2
ORD-03554,3/23/2024,CUST02299,Nisha Patel,51,Female,South,Kochi,Sports,Dumbbells,9,560.77,0.19,4861.13,1118.77,78.58,Credit Card,2,FALSE,Delivered,1
ORD-03553,3/23/2024,CUST14583,Arjun Joshi,38,Female,West,Mumbai,Electronics,Tablet,2,50847.56,0.29,99290.01,11766.04,62.35,Debit Card,5,FALSE,Delivered,3
ORD-03552,3/23/2024,CUST47390,Ananya Das,22,Other,West,Ahmedabad,Electronics,Laptop,10,58117.48,0.32,569729.38,56329.27,66.82,Debit Card,1,FALSE,Delivered,3
ORD-03551,3/22/2024,CUST00900,Nikhil Patel,43,Male,Central,Raipur,Books,Self-Help Book,3,520.52,0.27,1527.32,542.48,45.42,UPI,1,FALSE,delivered,5
ORD-03550,3/22/2024,CUST71158,Ananya Bose,10,Other,North,Amritsar,Books,Textbook,4,306.02,0.39,1006.23,419.1,74.93,Debit Card,3,FALSE,Delivered,9
ORD-03549,3/22/2024,CUST48871,Arjun Patel,42,Other,West,Pune,Furniture,Sofa,8,8470.42,0.29,55529.13,17657.48,72.33,UPI,4,FALSE,Delivered,2
ORD-03548,3/21/2024,CUST66417,Vikram Rao,21,Other,East,Patna,Clothing,T-Shirt,8,894.69,0.02,9349.02,1742.56,62.56,Cash on Delivery,5,FALSE,Delivered,6
ORD-03547,3/20/2024,CUST38738,Vikram Gupta,48,Female,Central,Bhopal,Beauty,Face Cream,7,2483.1,0.23,19141.88,9979.84,55.38,Net Banking,3,FALSE,Delivered,10
ORD-03546,3/20/2024,CUST33381,Deepa Kumar,30,Other,East,Guwahati,Electronics,Tablet,6,68505.67,0.28,367164.54,51349.21,111.8,EMI,1,FALSE,Delivered,1
ORD-03545,3/20/2024,CUST48258,Deepa Patel,41,Female,South,Hyderabad,Groceries,Cooking Oil,7,439.78,0.11,3962.93,320.83,64,UPI,1,FALSE,Pending,9
ORD-03544,3/20/2024,CUST29796,Sanjay Bose,39,Male,North,Ludhiana,Sports,Cricket Bat,4,14899.55,0.09,60345.97,12084.3,21.44,Cash on Delivery,4,FALSE,Delivered,7
ORD-03543,3/20/2024,CUST14777,Aarav Shah,60,Other,Central,Nagpur,Furniture,Bed Frame,7,28445.23,0.28,189614.18,42435.49,18.04,UPI,2,FALSE,Cancelled,10
ORD-03542,3/19/2024,CUST99848,Nisha Chatterjee,15,Other,North,Delhi,Books,Fiction Novel,1,886.23,0.09,1242.55,479.18,71.07,Credit Card,2,FALSE,Delivered,2
ORD-03541,3/19/2024,CUST20196,Nikhil Patel,39,Female,Central,Raipur,Beauty,Sunscreen,5,2034.91,0.36,7446.29,2266.42,51.38,Cash on Delivery,3,FALSE,delivered,7
ORD-03540,3/18/2024,CUST79303,Amit Patel,46,Female,North,Delhi,Sports,Yoga Mat,2,7756.42,0.38,13122.27,2871.65,33.58,Credit Card,5,FALSE,Delivered,7
ORD-03538,3/17/2024,CUST92378,Amit Shah,43,Female,West,Pune,Electronics,Camera,10,37177.59,0.24,380113.28,54735.8,107.23,Cash on Delivery,1,FALSE,Delivered,3
ORD-03537,3/16/2024,CUST44168,Sunita Shah,27,Male,North,Ludhiana,Sports,Football,3,7222.19,0.14,26770.77,4462.69,53.66,UPI,4,TRUE,Returned,10
ORD-03536,3/16/2024,CUST42326,Sunita Gupta,24,Other,North,Amritsar,Clothing,Saree,3,2335.6,0.24,6639.76,2659.96,53.79,EMI,5,FALSE,Delivered,8
ORD-03534,3/15/2024,CUST18961,Meera Kumar,40,Male,East,Kolkata,Electronics,Laptop,4,12580.65,0.34,45132.09,5873.56,101.02,Net Banking,5,FALSE,Delivered,2
ORD-03533,3/15/2024,CUST80821,Nisha Pillai,27,Other,South,Hyderabad,Beauty,Lipstick,3,1642.41,0.08,5813.31,2075.45,71.2,UPI,3,TRUE,Returned,5
ORD-03532,3/14/2024,CUST84608,Rahul Shah,49,Female,West,Mumbai,Groceries,Flour,10,360.93,0.14,4159.76,343.41,73.41,Credit Card,1,FALSE,Delivered,5
ORD-03531,3/14/2024,CUST79922,Arjun Joshi,25,Other,Central,Raipur,Beauty,Shampoo,7,140.28,0.09,1117.68,498.94,53.41,Debit Card,1,FALSE,Shipped,3
ORD-03529,3/13/2024,CUST50939,Sunita Kapoor,40,Male,North,Delhi,Sports,Cycle,5,11392.54,0.06,68387.61,13710.8,63.48,Net Banking,5,FALSE,Cancelled,4
ORD-03527,3/11/2024,CUST89020,Meera Patel,11,Male,East,Guwahati,Clothing,T-Shirt,2,1543.23,0.26,3196.43,1291.1,71.02,UPI,5,FALSE,Delivered,6
ORD-03525,3/11/2024,CUST05396,Rahul Mehta,42,Other,South,Hyderabad,Groceries,Flour,2,389.26,0.24,771.78,80.46,71.53,Debit Card,4,FALSE,delivered,3
ORD-03523,3/10/2024,CUST64913,Deepa Shah,25,Male,East,Bhubaneswar,Beauty,Lipstick,8,2047.88,0.33,14345.76,7218,91.61,UPI,4,FALSE,Delivered,7
ORD-03520,3/9/2024,CUST13260,Karan Gupta,26,Male,North,Amritsar,Electronics,Smartwatch,7,27748.1,0.17,209289.38,28699.09,42.72,Debit Card,1,TRUE,Returned,8
ORD-03519,3/9/2024,CUST89317,Vikram Singh,28,Other,North,Ludhiana,Electronics,Laptop,5,35958.57,0.23,180888.8,18318.66,45.69,UPI,1,FALSE,Delivered,6
ORD-03518,9/3/2024,CUST03875,Aarav Joshi,44,Male,South,Chennai,Electronics,Camera,5,20577.01,0.23,93594.28,9112.05,88.2,UPI,2,FALSE,Delivered,6
ORD-03517,3/9/2024,CUST27360,Meera Gupta,30,Male,North,Amritsar,Electronics,Camera,9,16973.28,0.05,208512.34,29073.1,35,Cash on Delivery,4,FALSE,Cancelled,4
ORD-03516,3/9/2024,CUST15414,Sanjay Gupta,42,Female,Central,Nagpur,Furniture,Bookshelf,9,17413.69,0.05,193913.96,54048.53,50.26,UPI,2,FALSE,Delivered,1
ORD-03514,3/8/2024,CUST77487,Priya Gupta,32,Female,West,Pune,Groceries,Tea,3,248.9,0,937.24,91.65,73.94,Credit Card,4,FALSE,Delivered,6
ORD-03513,3/8/2024,CUST75619,Rahul Joshi,45,Other,East,Guwahati,Electronics,Smartwatch,7,70949.08,0.21,539413.9,58300.98,79.98,Cash on Delivery,4,FALSE,Shipped,4
ORD-03512,3/7/2024,CUST61863,Shreya Nair,41,Female,East,Kolkata,Clothing,Jeans,10,1320.43,0.25,13732.16,5671.18,74.31,Debit Card,2,FALSE,Shipped,6
ORD-03511,3/6/2024,CUST39314,Sanjay Rao,31,Female,West,Pune,Furniture,Wardrobe,4,27844.67,0.32,87292.37,18841.85,74.4,Credit Card,1,FALSE,Delivered,7
ORD-03510,3/5/2024,CUST79584,Meera Bhat,52,Female,North,Amritsar,Groceries,Flour,10,414.16,0.03,4932.93,345.9,47.29,Cash on Delivery,5,TRUE,Returned,8
ORD-03509,3/4/2024,CUST87841,Aditya Mehta,34,Male,West,Ahmedabad,Electronics,Smartwatch,7,34398.85,0.32,211978.75,22144.21,71.38,Cash on Delivery,1,TRUE,Returned,5
ORD-03508,3/4/2024,CUST35702,Shreya Mehta,31,Female,West,Surat,Clothing,Dress,4,1975.33,0.05,9791.75,3033.4,27.67,Net Banking,1,FALSE,Delivered,6
ORD-03507,3/4/2024,CUST15344,Deepa Singh,53,Male,West,Surat,Clothing,Dress,7,2771.26,0.15,21782.06,8460.21,35.65,Credit Card,5,FALSE,Delivered,7
ORD-03505,3/3/2024,CUST59852,Nikhil Das,25,Male,Central,Indore,Groceries,Tea,7,126.08,0.08,1012.38,81.39,55.37,Credit Card,2,FALSE,Delivered,9
ORD-03504,3/3/2024,CUST34451,Nikhil Iyer,31,Other,West,Mumbai,Sports,Dumbbells,7,1704.58,0.39,10255.26,3143.81,60.24,Cash on Delivery,1,FALSE,Delivered,4
ORD-03501,3/1/2024,CUST99295,Pooja Shah,61,Male,South,Chennai,Beauty,Hair Oil,2,2459.27,0.22,4998.52,2550.26,90.29,Credit Card,5,FALSE,Delivered,2
ORD-03500,3/1/2024,CUST22955,Sanjay Mishra,24,Male,Central,Raipur,Furniture,Bookshelf,5,25732.89,0.37,110264.78,26314.49,67.41,Cash on Delivery,2,FALSE,Delivered,2
ORD-03499,2/29/2024,CUST16184,Rahul Kumar,39,Female,West,Surat,Electronics,Tablet,8,22744.84,0.03,181169.01,15125.76,75.81,EMI,1,FALSE,Shipped,3
ORD-03498,2/29/2024,CUST03536,Karan Das,55,Male,West,Pune,Beauty,Face Cream,1,356.08,0.16,293.48,113.23,49.34,UPI,3,FALSE,Delivered,8
ORD-03496,2/29/2024,CUST72195,Rohan Kapoor,26,Female,West,Ahmedabad,Clothing,Dress,3,1849.16,0.24,4817.35,2118.33,38.42,Net Banking,2,FALSE,Delivered,4
ORD-03495,2/28/2024,CUST83702,Meera Chatterjee,57,Other,North,Chandigarh,Furniture,Wardrobe,10,7864.24,0.07,79635.39,26334.69,41.39,UPI,3,FALSE,Delivered,8
ORD-03494,2/27/2024,CUST06002,Nisha Gupta,41,Other,South,Kochi,Books,Fiction Novel,6,1461.81,0.04,9112.71,3389.16,67.03,Debit Card,3,FALSE,Delivered,4
ORD-03493,2/27/2024,CUST44061,Kavya Rao,29,Female,West,Ahmedabad,Beauty,Lipstick,1,848.25,0.04,894.07,422.93,74.23,Cash on Delivery,5,FALSE,Delivered,9
ORD-03491,2/26/2024,CUST43868,Aarav Bhat,37,Male,South,Chennai,Groceries,Cooking Oil,10,150.97,0.35,1192.31,113.82,61.55,UPI,2,FALSE,Delivered,7
ORD-03490,2/26/2024,CUST29539,Pooja Patel,50,Other,East,Kolkata,Electronics,Headphones,3,60157.14,0.06,169372.37,28219.11,69.5,Cash on Delivery,4,FALSE,Delivered,7
ORD-03489,2/25/2024,CUST45144,Deepa Rao,4,Male,Central,Raipur,Furniture,Bed Frame,6,25605.89,0.22,136801.63,32672.46,59.3,UPI,4,TRUE,Returned,2
ORD-03488,2/25/2024,CUST31348,Pooja Gupta,30,Female,Central,Indore,Electronics,Smartphone,1,7202.38,0.21,6816.92,552.15,67.34,Net Banking,2,TRUE,Returned,4
ORD-03486,2/24/2024,CUST56798,Meera Pillai,28,Female,East,Guwahati,Clothing,Saree,5,3018.53,0.26,13152.75,5208.94,73.33,Credit Card,1,FALSE,Shipped,4
ORD-03485,2/23/2024,CUST71463,Kavya Rao,7,Other,East,Bhubaneswar,Clothing,Jeans,2,3938.35,0.27,6459.25,2710.16,80.77,Credit Card,4,FALSE,Delivered,2
ORD-03484,2/23/2024,CUST42985,Rohan Chatterjee,35,Female,Central,Nagpur,Electronics,Camera,9,70923.4,0.34,506257.71,52952.38,42.34,UPI,2,FALSE,Delivered,3
ORD-03483,2/23/2024,CUST88764,Sunita Nair,42,Other,East,Guwahati,Clothing,Dress,1,619.66,0.06,677.46,198.49,90.84,EMI,2,FALSE,Delivered,1
ORD-03481,2/22/2024,CUST77456,Priya Mishra,44,Female,Central,Raipur,Groceries,Rice (5kg),3,74.2,0.24,203.22,12.54,53.05,EMI,2,FALSE,Delivered,10
ORD-03479,2/21/2024,CUST39897,Sunita Singh,30,Other,South,Chennai,Electronics,Headphones,3,50121.13,0.25,130268.18,18524,68.49,Debit Card,5,FALSE,cancelled,4
ORD-03478,2/20/2024,CUST86909,Amit Reddy,44,Female,Central,Nagpur,Groceries,Rice (5kg),7,447.52,0.3,2656.34,182.91,47.41,Cash on Delivery,3,FALSE,delivered,5
ORD-03477,2/18/2024,CUST49962,Priya Chatterjee,35,Other,North,Ludhiana,Electronics,Tablet,5,54916.9,0.4,177362.61,24965.38,46.27,Credit Card,5,FALSE,Shipped,8
ORD-03476,2/17/2024,CUST72336,Priya Nair,43,Male,North,Ludhiana,Books,Textbook,1,649.08,0.07,649.52,331.12,65.5,UPI,4,FALSE,Pending,1
ORD-03475,2/17/2024,CUST36492,Arjun Chatterjee,51,Other,Central,Nagpur,Electronics,Camera,3,18251.7,0.04,57280.67,7183.26,47.7,EMI,3,FALSE,delivered,10
ORD-03474,2/17/2024,CUST68381,Deepa Joshi,36,Male,South,Chennai,Sports,Cricket Bat,8,10455.97,0.38,58029.61,11501.7,55.15,Credit Card,2,FALSE,Delivered,10
ORD-03472,2/15/2024,CUST99763,Meera Kumar,14,Female,South,Kochi,Beauty,Sunscreen,6,2380.95,0.37,9957.12,3205.02,104.41,UPI,5,FALSE,Cancelled,8
ORD-03471,2/15/2024,CUST34890,Sanjay Kapoor,64,Other,South,Kochi,Clothing,Saree,10,649.39,0.08,6250.27,1461.59,89.12,Net Banking,5,FALSE,Delivered,1
ORD-03470,2/14/2024,CUST49992,Ritu Pillai,47,Female,East,Guwahati,Electronics,Laptop,7,27099.44,0.32,138104.33,17338.53,53.54,UPI,4,TRUE,Returned,4
ORD-03469,2/14/2024,CUST84032,Aditya Bose,33,Female,South,Bangalore,Clothing,Jacket,5,3983.26,0.19,18870.57,7723.98,90.81,Debit Card,1,FALSE,Delivered,2
ORD-03468,2/13/2024,CUST47776,Arjun Das,38,Female,South,Kochi,Groceries,Cooking Oil,9,121.9,0.27,818.88,88.91,66.37,Debit Card,5,FALSE,Delivered,9
ORD-03467,2/13/2024,CUST83168,Nisha Kapoor,30,Female,North,Chandigarh,Furniture,Wardrobe,1,34040.99,0.35,24095.35,6731.99,44,EMI,2,FALSE,Cancelled,7
ORD-03466,2/10/2024,CUST49074,Rohan Kumar,27,Male,South,Chennai,Clothing,Dress,5,1140.39,0.08,5942.91,2945.59,66.62,Debit Card,1,TRUE,Returned,2
ORD-03465,2/9/2024,CUST56248,Aarav Bhat,42,Female,Central,Indore,Groceries,Cooking Oil,7,359.97,0.04,2544.36,337.93,52.95,UPI,5,FALSE,Cancelled,5
ORD-03463,2/9/2024,CUST64065,Deepa Rao,16,Male,East,Kolkata,Groceries,Dal (1kg),1,65.16,0.07,72.22,7.37,93.34,EMI,3,FALSE,Delivered,3
ORD-03462,9/2/2024,CUST54484,Sanjay Joshi,24,Other,Central,Bhopal,Furniture,Chair,8,6926.63,0.2,48142.68,9087.93,44.2,Net Banking,5,FALSE,Delivered,6
ORD-03461,2/9/2024,CUST10511,Priya Das,52,Other,East,Guwahati,Groceries,Tea,8,465.1,0.31,2873.98,258.85,68.06,Debit Card,4,FALSE,Delivered,6
ORD-03460,2/9/2024,CUST25321,Rahul Pillai,32,Other,Central,Indore,Clothing,Kurta,7,1122.22,0.17,7195.72,2557.08,47.28,Cash on Delivery,5,FALSE,Delivered,8
ORD-03459,2/8/2024,CUST64884,Meera Bose,5,Male,East,Bhubaneswar,Electronics,Camera,9,43024.67,0.36,271258.64,27942.75,62.42,Debit Card,2,FALSE,Delivered,8
ORD-03458,2/8/2024,CUST09746,Karan Pillai,25,Male,South,Chennai,Clothing,Kurta,7,3147.97,0.13,22125.94,10153.44,38.76,EMI,2,FALSE,Cancelled,2
ORD-03457,2/8/2024,CUST62784,Ananya Patel,27,Male,East,Kolkata,Books,Cook Book,5,219.86,0.26,937.39,344.23,95.23,Cash on Delivery,1,FALSE,Delivered,10
ORD-03456,2/8/2024,CUST58295,Sunita Iyer,38,Male,East,Kolkata,Electronics,Smartwatch,4,15346.11,0.06,67060.7,9998.89,93.55,Cash on Delivery,2,FALSE,Delivered,6
ORD-03455,2/7/2024,CUST85337,Nisha Patel,37,Male,North,Chandigarh,Clothing,Kurta,3,497.57,0.15,1277.03,481.63,64.84,Cash on Delivery,5,FALSE,Delivered,8
ORD-03454,2/6/2024,CUST89953,Karan Rao,46,Female,West,Ahmedabad,Furniture,Bookshelf,10,16254.1,0.26,125959.07,37227.54,70.22,UPI,3,FALSE,Delivered,1
ORD-03453,2/6/2024,CUST73572,Ananya Verma,18,Male,West,Surat,Furniture,Bed Frame,8,31388.84,0.39,135556.47,45198.52,57.54,UPI,4,FALSE,Delivered,4
ORD-03451,2/5/2024,CUST41962,Meera Verma,25,Other,West,Ahmedabad,Electronics,Headphones,6,29123.87,0.27,151990.83,18816.93,65.28,Credit Card,1,TRUE,Returned,3
ORD-03450,2/5/2024,CUST80072,Ritu Kapoor,37,Other,West,Pune,Clothing,Jacket,9,1826.63,0.07,16207.04,6487.83,57.55,EMI,5,FALSE,Delivered,9
ORD-03449,2/4/2024,CUST23951,Karan Kapoor,40,Female,Central,Raipur,Furniture,Desk,1,12690.08,0.16,13573.95,3348.35,78.84,Net Banking,4,FALSE,Delivered,2
ORD-03447,2/4/2024,CUST05925,Aditya Kapoor,53,Female,North,Amritsar,Clothing,Kurta,9,1260.16,0.29,9260.74,1885.34,43.16,Debit Card,3,FALSE,Delivered,3
ORD-03446,2/3/2024,CUST54039,Vikram Shah,48,Male,North,Ludhiana,Furniture,Desk,7,34101.69,0.16,221777.76,50413.18,63.76,Credit Card,1,FALSE,Delivered,5
ORD-03445,2/3/2024,CUST68712,Sunita Kapoor,10,Other,Central,Nagpur,Beauty,Sunscreen,4,2410.81,0.23,8079.65,4194.49,53.44,Cash on Delivery,4,FALSE,Delivered,5
ORD-03444,2/2/2024,CUST31786,Pooja Verma,23,Other,North,Delhi,Furniture,Sofa,1,18541.2,0.28,14966.05,4220.82,26.45,Cash on Delivery,5,FALSE,Delivered,9
ORD-03443,2/1/2024,CUST29477,Arjun Iyer,51,Female,South,Bangalore,Sports,Cycle,6,5856.01,0.18,26851.31,8697.76,63.02,Debit Card,3,FALSE,Delivered,2
ORD-03442,2/1/2024,CUST90404,Pooja Das,38,Male,South,Chennai,Furniture,Chair,3,23851.04,0.2,59295.25,20111.35,64.77,Cash on Delivery,5,FALSE,Delivered,4
ORD-03441,2/1/2024,CUST02308,Rahul Sharma,21,Female,South,Hyderabad,Electronics,Smartwatch,6,71178.54,0.11,482509.98,50570.5,74.9,UPI,3,FALSE,Delivered,2
ORD-03440,2/1/2024,CUST60633,Priya Mehta,28,Male,East,Kolkata,Clothing,Dress,6,604.18,0.2,2790.47,661.77,84.73,Debit Card,5,FALSE,Delivered,2
ORD-03439,1/30/2024,CUST18731,Rohan Kumar,23,Other,South,Hyderabad,Electronics,Laptop,2,59225.94,0.08,111005.02,9990.22,76.36,Credit Card,3,FALSE,Delivered,10
ORD-03438,1/30/2024,CUST66705,Sunita Shah,51,Other,West,Pune,Books,Self-Help Book,4,523,0.26,1458.67,432,42.17,UPI,4,FALSE,Delivered,5
ORD-03437,1/30/2024,CUST14095,Kavya Shah,24,Female,East,Guwahati,Beauty,Sunscreen,8,1335.64,0.27,7442.31,2973.2,94.12,Net Banking,1,FALSE,Shipped,6
ORD-03434,1/29/2024,CUST36372,Vikram Gupta,26,Other,North,Amritsar,Beauty,Sunscreen,4,1120.04,0,4784.7,1051.2,70.2,Credit Card,5,FALSE,Delivered,6
ORD-03433,1/29/2024,CUST02072,Aarav Mehta,11,Male,Central,Indore,Beauty,Face Cream,10,2362.67,0.37,14507.61,7104.13,24.77,Net Banking,5,TRUE,Returned,2
ORD-03432,1/26/2024,CUST93500,Kavya Gupta,35,Male,West,Ahmedabad,Books,Textbook,6,589.56,0.33,2123.41,728.31,73.88,Cash on Delivery,2,TRUE,Returned,3
ORD-03431,1/26/2024,CUST60027,Sunita Kapoor,20,Female,North,Chandigarh,Groceries,Rice (5kg),5,293.8,0.38,1025.8,60.61,39.26,Net Banking,2,FALSE,Delivered,1
ORD-03430,1/26/2024,CUST08360,Nisha Singh,24,Other,South,Bangalore,Books,Cook Book,2,1002.73,0,2026.66,998.39,69.02,Cash on Delivery,5,FALSE,Cancelled,8
ORD-03429,1/26/2024,CUST09088,Rohan Rao,36,Female,West,Ahmedabad,Beauty,Sunscreen,10,1843.94,0.31,13547.2,6188.12,63.02,EMI,3,FALSE,Delivered,10
ORD-03428,1/25/2024,CUST34376,Ritu Reddy,13,Male,East,Patna,Books,Biography,2,1074.9,0.35,1255.85,228.05,68.34,Debit Card,2,FALSE,Delivered,9
ORD-03426,1/25/2024,CUST99964,Vikram Iyer,40,Male,East,Kolkata,Beauty,Shampoo,9,432.41,0.37,2362.96,1178.26,86.75,Net Banking,5,FALSE,Shipped,10
ORD-03424,24/01/2024,CUST78421,Arjun Mishra,46,Female,North,Chandigarh,Beauty,Face Cream,2,1022.14,0.23,1560.83,580.86,51.54,UPI,5,TRUE,Returned,4
ORD-03422,1/23/2024,CUST58923,Deepa Pillai,20,Male,East,Guwahati,Electronics,Headphones,3,64874.09,0.02,177754.39,20320.94,79.56,UPI,1,FALSE,Delivered,7
ORD-03421,1/22/2024,CUST55778,Nisha Gupta,44,Male,West,Surat,Sports,Cricket Bat,9,2259.11,0.31,14997.8,3849.42,64.99,Debit Card,1,FALSE,Delivered,5
ORD-03420,1/22/2024,CUST83939,Priya Bose,49,Male,Central,Indore,Sports,Tennis Racket,2,11637.71,0.03,20228.5,3894.99,49.76,EMI,4,TRUE,Returned,6
ORD-03419,1/22/2024,CUST03566,Pooja Joshi,37,Other,South,Chennai,Sports,Cricket Bat,6,548.7,0.13,2818.03,795.42,59.32,EMI,3,FALSE,delivered,2
ORD-03418,1/22/2024,CUST18997,Arjun Verma,47,Other,South,Chennai,Groceries,Dal (1kg),7,317.18,0.04,2340.06,216.78,80.19,Cash on Delivery,4,FALSE,Delivered,9
ORD-03416,1/21/2024,CUST98563,Ananya Pillai,27,Female,West,Ahmedabad,Groceries,Dal (1kg),10,406.98,0.13,3726.88,185.43,17.51,Net Banking,3,FALSE,Cancelled,1
ORD-03414,1/18/2024,CUST92259,Pooja Verma,28,Female,East,Guwahati,Beauty,Shampoo,10,103.75,0.26,763.63,473.48,78.5,Credit Card,1,FALSE,Cancelled,7
ORD-03413,1/18/2024,CUST01012,Rahul Sharma,29,Male,North,Delhi,Furniture,Chair,4,30995.42,0.28,93700.04,18542.88,39.88,Net Banking,5,FALSE,Delivered,7
ORD-03411,1/18/2024,CUST62485,Deepa Kapoor,29,Other,East,Patna,Groceries,Flour,3,472.46,0.38,844.99,75.78,90.06,Credit Card,2,FALSE,Cancelled,9
ORD-03410,1/17/2024,CUST69094,Kavya Chatterjee,41,Male,East,Kolkata,Clothing,Jeans,2,3049.88,0.02,5433.3,1313.05,83.88,EMI,4,FALSE,Pending,6
ORD-03409,1/17/2024,CUST78204,Meera Patel,52,Female,Central,Nagpur,Electronics,Smartphone,10,9943.85,0.05,93726.28,11320.82,33.45,UPI,4,TRUE,Returned,6
ORD-03408,1/16/2024,CUST53254,Rahul Nair,35,Other,South,Kochi,Clothing,Jeans,2,2942.34,0.26,4536.48,1703.86,54.7,Debit Card,5,TRUE,Returned,7
ORD-03407,16/01/2024,CUST97699,Nisha Shah,40,Female,West,Ahmedabad,Groceries,Cooking Oil,7,173.44,0.05,1132.82,55.67,58.19,EMI,3,FALSE,Delivered,9
ORD-03406,1/15/2024,CUST62905,Vikram Iyer,41,Other,Central,Raipur,Clothing,Saree,6,3871.22,0.33,16031.48,5072.13,43.12,Debit Card,4,FALSE,Delivered,3
ORD-03405,1/14/2024,CUST34808,Ritu Shah,36,Male,North,Chandigarh,Electronics,Smartwatch,1,16829.03,0.04,16558.81,2537.33,43.96,Credit Card,1,TRUE,Returned,9
ORD-03404,1/13/2024,CUST89207,Pooja Nair,30,Other,North,Chandigarh,Groceries,Cooking Oil,4,252.07,0.15,798.95,72.2,40.96,Debit Card,2,FALSE,Delivered,1
ORD-03403,1/13/2024,CUST49423,Ananya Rao,43,Male,North,Ludhiana,Furniture,Bed Frame,4,10877.51,0.4,25389.56,5507.59,72.07,Net Banking,5,FALSE,Delivered,9
ORD-03401,1/13/2024,CUST97545,Ritu Bose,25,Other,Central,Raipur,Books,Cook Book,2,365.34,0.09,599.16,276.46,52.27,UPI,2,FALSE,Delivered,4
ORD-03400,1/13/2024,CUST16290,Shreya Gupta,34,Female,West,Ahmedabad,Beauty,Shampoo,4,1042.68,0.12,3735.87,1923.69,43.55,Net Banking,4,FALSE,Delivered,4
ORD-03399,1/12/2024,CUST76705,Meera Das,42,Male,South,Chennai,Beauty,Sunscreen,1,2339.83,0.03,2319.17,1351.82,88.12,Net Banking,3,FALSE,Delivered,10
ORD-03398,1/12/2024,CUST65122,Rahul Mehta,27,Other,West,Mumbai,Groceries,Tea,8,381.64,0.15,2926.92,195.11,61.1,Net Banking,1,FALSE,Shipped,1
ORD-03397,1/11/2024,CUST80323,Rahul Chatterjee,23,Male,South,Bangalore,Groceries,Cooking Oil,6,69.63,0.33,256.35,21.2,103.66,EMI,1,TRUE,Returned,1
ORD-03396,1/10/2024,CUST18308,Priya Mehta,31,Male,Central,Raipur,Beauty,Sunscreen,10,412.64,0.28,2849.95,1648.72,35.19,Credit Card,5,FALSE,Delivered,6
ORD-03395,1/9/2024,CUST22022,Priya Verma,15,Female,West,Pune,Electronics,Headphones,5,26868.19,0.1,122902.72,15109.15,47.85,Credit Card,2,FALSE,Delivered,7
ORD-03394,1/9/2024,CUST94721,Nisha Reddy,26,Male,North,Ludhiana,Electronics,Smartwatch,4,13215.16,0.15,41177.25,3874.92,36.17,Net Banking,2,FALSE,Delivered,3
ORD-03393,1/8/2024,CUST78516,Ritu Shah,53,Male,East,Kolkata,Groceries,Flour,8,300.87,0.35,1616.03,134.52,86.63,Debit Card,2,FALSE,Cancelled,10
ORD-03392,1/6/2024,CUST98375,Nikhil Kapoor,43,Male,East,Patna,Electronics,Smartwatch,10,61190.11,0.19,507797.13,61885.87,74.94,Debit Card,1,TRUE,Returned,1
ORD-03391,1/6/2024,CUST82012,Amit Chatterjee,12,Male,Central,Indore,Furniture,Sofa,1,17054.15,0.05,19278.17,5809.8,62.17,Cash on Delivery,3,FALSE,delivered,2
ORD-03390,1/6/2024,CUST51656,Kavya Singh,20,Other,West,Pune,Electronics,Laptop,3,42514.99,0.06,111205.03,13533.76,59.07,EMI,5,FALSE,Cancelled,5
ORD-03389,1/5/2024,CUST12949,Ananya Bhat,34,Other,Central,Nagpur,Clothing,Jeans,3,2014.35,0.34,3745.45,1521.68,55.01,UPI,2,FALSE,Delivered,2
ORD-03387,1/4/2024,CUST28149,Sunita Kapoor,30,Female,West,Surat,Furniture,Bookshelf,6,20348.09,0.27,89448.76,23773.69,74.42,EMI,2,FALSE,Cancelled,1
ORD-03386,1/4/2024,CUST80775,Ritu Kumar,63,Female,Central,Nagpur,Beauty,Sunscreen,4,2223.64,0.15,6525.42,3524.54,33.24,EMI,2,FALSE,Delivered,9
ORD-03385,1/4/2024,CUST57537,Meera Reddy,23,Male,East,Guwahati,Books,Textbook,9,1151.99,0.36,5781.66,2458.52,80.27,EMI,5,FALSE,Delivered,6
ORD-03384,1/3/2024,CUST17189,Pooja Chatterjee,37,Male,Central,Bhopal,Sports,Dumbbells,8,14903.83,0.21,89199.08,18401.75,76.17,EMI,4,FALSE,Delivered,10
ORD-03383,1/3/2024,CUST88781,Meera Iyer,22,Male,North,Amritsar,Electronics,Smartphone,7,65406.74,0.23,311838.93,30172.94,56.16,Cash on Delivery,4,FALSE,Delivered,9
ORD-03382,1/3/2024,CUST08459,Nikhil Mishra,35,Male,West,Ahmedabad,Sports,Tennis Racket,8,13871.72,0.03,104587.68,20681.46,87.71,UPI,5,FALSE,Shipped,8
ORD-03381,1/2/2024,CUST00337,Aditya Mishra,44,Other,South,Kochi,Sports,Cycle,2,2101.38,0.37,2358.43,543.2,90.14,Credit Card,1,TRUE,Returned,6
ORD-03380,1/2/2024,CUST31806,Sanjay Bose,35,Other,East,Kolkata,Electronics,Smartphone,2,12932.65,0.1,23560.5,2257.37,92.17,EMI,3,TRUE,Returned,2
ORD-03379,12/31/2023,CUST97050,Nisha Iyer,47,Female,South,Kochi,Sports,Yoga Mat,3,2123.23,0.11,4790.25,1126.66,78.63,Net Banking,1,FALSE,delivered,10
ORD-03378,12/31/2023,CUST54270,Arjun Sharma,40,Male,South,Hyderabad,Furniture,Wardrobe,9,13849.98,0.25,72465.97,23060.68,47.19,UPI,2,FALSE,Delivered,5
ORD-03377,12/31/2023,CUST63612,Rohan Iyer,49,Male,South,Hyderabad,Electronics,Camera,9,15045.24,0.38,72139.33,9548.15,70.61,Debit Card,1,FALSE,Delivered,6
ORD-03376,12/31/2023,CUST86469,Aarav Mehta,43,Other,South,Hyderabad,Beauty,Lipstick,7,1828.2,0.21,9118.63,3919.89,72.63,Credit Card,4,FALSE,Delivered,1
ORD-03375,12/31/2023,CUST69853,Deepa Chatterjee,26,Other,East,Patna,Electronics,Camera,1,39921.4,0.23,29027.34,4657.8,79.95,Credit Card,5,FALSE,Delivered,1
ORD-03374,30/12/2023,CUST19728,Meera Singh,35,Male,Central,Raipur,Clothing,Jeans,6,2039.2,0.25,9153.05,5063.52,61.17,EMI,4,FALSE,Delivered,6
ORD-03372,12/30/2023,CUST23507,Kavya Bhat,44,Female,Central,Bhopal,Books,Self-Help Book,4,746.29,0.3,1990.92,758.46,47.79,Credit Card,1,FALSE,Delivered,7
ORD-03371,12/30/2023,CUST02058,Rohan Bose,36,Other,Central,Bhopal,Groceries,Tea,8,60.17,0.13,389.42,26.13,33.6,Debit Card,2,FALSE,Delivered,6
ORD-03370,12/30/2023,CUST29187,Vikram Bhat,38,Female,South,Kochi,Groceries,Sugar,4,447.49,0.26,1195.23,126.56,87.92,Credit Card,5,FALSE,Shipped,3
ORD-03369,12/29/2023,CUST12624,Sunita Chatterjee,25,Male,North,Delhi,Furniture,Sofa,10,26482.96,0.39,159573.04,39420.71,31.73,Cash on Delivery,1,FALSE,Delivered,9
ORD-03368,12/29/2023,CUST21747,Kavya Shah,19,Female,South,Kochi,Books,Cook Book,8,221.14,0.38,1030.55,527.82,92,Net Banking,4,FALSE,delivered,8
ORD-03367,12/29/2023,CUST44669,Sunita Mishra,33,Other,Central,Bhopal,Electronics,Smartphone,4,76576.24,0.36,154095.36,19680.31,60.02,Net Banking,5,FALSE,Delivered,2
ORD-03364,12/28/2023,CUST81812,Pooja Chatterjee,20,Female,North,Chandigarh,Clothing,T-Shirt,3,2696.4,0.19,5511.95,1848.17,57.33,Credit Card,5,FALSE,delivered,10
ORD-03363,12/26/2023,CUST98456,Nikhil Bose,40,Female,South,Chennai,Furniture,Desk,1,8061.02,0.24,5002.7,1155.06,108.12,Credit Card,4,FALSE,Cancelled,6
ORD-03362,12/26/2023,CUST63701,Aditya Kumar,31,Female,North,Amritsar,Clothing,Jeans,8,3109.43,0.34,13768.79,4682.29,78.43,UPI,2,FALSE,Delivered,1
ORD-03361,12/25/2023,CUST86557,Rahul Patel,42,Male,South,Hyderabad,Clothing,Dress,9,498.04,0.17,3156.27,846.9,66.24,EMI,2,FALSE,Cancelled,9
ORD-03360,12/25/2023,CUST69375,Pooja Verma,37,Male,East,Kolkata,Electronics,Headphones,3,24262.65,0.02,65587.56,9960.87,61.25,Net Banking,2,FALSE,Delivered,10
ORD-03359,12/24/2023,CUST32879,Deepa Shah,49,Male,East,Guwahati,Beauty,Face Cream,10,1236.98,0.08,8816.24,3251.41,62.69,UPI,2,FALSE,Cancelled,9
ORD-03357,12/23/2023,CUST53286,Kavya Verma,34,Male,East,Patna,Beauty,Face Cream,5,2497.1,0.37,6596.23,2649.2,61.27,Cash on Delivery,1,FALSE,Shipped,5
ORD-03355,12/22/2023,CUST79039,Nikhil Kumar,35,Male,West,Ahmedabad,Electronics,Tablet,5,28716,0.06,118670.05,13016.92,60.44,Net Banking,5,FALSE,Delivered,10
ORD-03354,12/21/2023,CUST67353,Sunita Nair,40,Other,West,Mumbai,Groceries,Dal (1kg),8,133.54,0.25,700.62,48.03,54.62,Cash on Delivery,2,FALSE,Delivered,7
ORD-03353,12/21/2023,CUST13354,Sanjay Nair,29,Male,East,Patna,Groceries,Rice (5kg),9,344.79,0.33,2084.9,132.76,57.21,UPI,2,FALSE,Cancelled,10
ORD-03352,12/20/2023,CUST97209,Karan Iyer,36,Female,South,Bangalore,Sports,Cricket Bat,5,11277.04,0.03,47607.55,14946.09,96.43,EMI,2,FALSE,Shipped,8
ORD-03350,12/20/2023,CUST53832,Rahul Mehta,14,Female,North,Ludhiana,Clothing,Jeans,5,645.04,0.13,2174.45,643.44,51.85,Credit Card,5,FALSE,Delivered,8
ORD-03349,12/20/2023,CUST44606,Nisha Mehta,59,Other,East,Kolkata,Beauty,Face Cream,4,1670.09,0.39,3402.85,1861.74,94.95,UPI,1,TRUE,Returned,6
ORD-03348,12/19/2023,CUST22988,Rahul Shah,55,Other,Central,Nagpur,Groceries,Rice (5kg),10,135.28,0.11,1099.56,117.16,52.31,Cash on Delivery,4,FALSE,Cancelled,8
ORD-03345,12/18/2023,CUST37057,Kavya Kapoor,53,Female,North,Amritsar,Electronics,Headphones,1,23254.63,0.01,20122.42,2165.17,35.38,Debit Card,5,FALSE,Delivered,7
ORD-03344,12/18/2023,CUST66556,Ananya Nair,42,Male,North,Chandigarh,Sports,Yoga Mat,0,935.36,0.06,727.57,161.08,50.09,UPI,1,TRUE,Returned,3
ORD-03343,12/17/2023,CUST67045,Amit Kapoor,54,Male,Central,Indore,Electronics,Tablet,5,39863.48,0.33,99121.04,11921.37,75.46,Cash on Delivery,4,FALSE,Cancelled,10
ORD-03342,12/16/2023,CUST26677,Rahul Chatterjee,45,Female,Central,Raipur,Groceries,Tea,9,312.53,0.35,1437,155.73,48.28,Cash on Delivery,4,FALSE,Shipped,5
ORD-03341,12/16/2023,CUST62991,Meera Pillai,25,Female,North,Chandigarh,Electronics,Smartwatch,3,32029.32,0.02,75119.27,11139.42,73.87,UPI,2,FALSE,Delivered,3
ORD-03340,12/16/2023,CUST00381,Pooja Kumar,15,Female,South,Chennai,Beauty,Perfume,8,1831.18,0.37,8593.6,2469.88,52.31,EMI,4,FALSE,Delivered,5
ORD-03339,12/16/2023,CUST29727,Amit Kumar,29,Male,South,Chennai,Furniture,Desk,9,14900.48,0.2,103163.26,31355.08,45.89,Debit Card,4,FALSE,Delivered,9
ORD-03338,12/14/2023,CUST84437,Karan Chatterjee,34,Male,South,Bangalore,Clothing,T-Shirt,5,416.65,0.01,1999.94,825.09,59.89,EMI,5,FALSE,Delivered,5
ORD-03337,12/14/2023,CUST12631,Aditya Bose,26,Other,West,Pune,Clothing,T-Shirt,9,3755.73,0.11,27923.07,12762.99,89.92,Debit Card,1,FALSE,Delivered,3
ORD-03336,12/14/2023,CUST95363,Aditya Gupta,35,Other,East,Patna,Groceries,Sugar,3,362.51,0.05,803.64,58,84.62,Debit Card,3,FALSE,Cancelled,10
ORD-03335,12/13/2023,CUST09205,Aarav Singh,38,Other,South,Hyderabad,Groceries,Rice (5kg),8,117.19,0.18,525.6,50.27,74.25,EMI,5,FALSE,Delivered,8
ORD-03334,12/13/2023,CUST68810,Karan Bose,37,Male,North,Ludhiana,Books,Comic Book,2,478.86,0.24,581.38,256.04,27.77,Credit Card,5,TRUE,Returned,2
ORD-03333,12/12/2023,CUST27128,Karan Verma,36,Other,East,Patna,Groceries,Tea,8,244.23,0.21,1268.84,127.92,76.52,Debit Card,3,FALSE,Delivered,6
ORD-03331,12/12/2023,CUST97882,Aarav Singh,12,Other,West,Mumbai,Electronics,Smartwatch,5,67132.79,0.13,259751.74,31688.42,67.6,Cash on Delivery,5,FALSE,Delivered,3
ORD-03329,12/11/2023,CUST84812,Amit Singh,29,Male,North,Amritsar,Beauty,Hair Oil,7,1649.29,0.18,7846.93,3544.75,37.21,Net Banking,2,FALSE,delivered,2
ORD-03328,12/11/2023,CUST92130,Nisha Pillai,19,Other,North,Ludhiana,Clothing,Jacket,2,350.76,0.26,437.15,113.04,72.77,Credit Card,2,FALSE,Cancelled,9
ORD-03327,10/12/2023,CUST05689,Ananya Bhat,30,Male,North,Ludhiana,Groceries,Cooking Oil,9,407.05,0.3,1997.66,139.6,72.88,Net Banking,4,FALSE,Cancelled,6
ORD-03326,12/10/2023,CUST35382,Ritu Singh,46,Other,West,Surat,Clothing,Jeans,5,1679.82,0.29,5932.93,2439.71,61.89,Net Banking,2,FALSE,Cancelled,3
ORD-03324,12/10/2023,CUST12209,Aditya Rao,36,Male,Central,Indore,Books,Comic Book,5,1477.84,0.14,6011.52,2592.23,63.2,Net Banking,3,FALSE,Delivered,1
ORD-03323,12/9/2023,CUST01601,Sanjay Singh,43,Other,North,Amritsar,Books,Biography,6,816.54,0.12,3736.19,1793.27,39.88,Net Banking,2,FALSE,Pending,7
ORD-03322,12/9/2023,CUST90480,Nisha Patel,31,Other,East,Kolkata,Groceries,Rice (5kg),8,314.32,0.03,2055.55,180.84,99.45,Debit Card,1,FALSE,Cancelled,2
ORD-03321,12/9/2023,CUST48101,Sanjay Kumar,38,Male,East,Patna,Clothing,Jacket,7,2311.75,0.14,11373.42,4064.18,93.86,Net Banking,4,FALSE,Delivered,10
ORD-03320,12/8/2023,CUST53965,Sanjay Mehta,32,Female,North,Amritsar,Electronics,Camera,1,74269.77,0.15,58489.45,8517.07,41.46,Net Banking,5,FALSE,Pending,1
ORD-03319,12/8/2023,CUST70804,Ritu Singh,44,Other,East,Guwahati,Groceries,Flour,7,327.26,0.09,1655.16,157.97,83.19,Net Banking,1,FALSE,Delivered,2
ORD-03316,12/5/2023,CUST71283,Aditya Shah,12,Other,East,Patna,Sports,Football,3,2813.63,0.22,5526.04,1360.97,71.86,EMI,2,FALSE,delivered,9
ORD-03315,12/5/2023,CUST93902,Amit Sharma,27,Other,South,Chennai,Beauty,Hair Oil,3,752.34,0.25,1312.85,600.66,65.3,Net Banking,5,FALSE,Delivered,1
ORD-03314,4/12/2023,CUST74780,Rahul Bhat,13,Male,West,Pune,Books,Comic Book,10,1096,0.31,6190.12,1824.11,82.85,Credit Card,5,FALSE,Delivered,7
ORD-03312,12/3/2023,CUST71934,Arjun Gupta,28,Male,West,Ahmedabad,Electronics,Tablet,4,61847.14,0.28,158246.41,21536.45,70.33,Debit Card,4,TRUE,Returned,5
ORD-03311,12/2/2023,CUST69847,Nikhil Rao,53,Female,East,Guwahati,Furniture,Bookshelf,7,17240.23,0.18,93169.87,29154.44,70.02,UPI,2,FALSE,Delivered,10
ORD-03308,12/1/2023,CUST41593,Sanjay Bose,24,Other,Central,Raipur,Furniture,Chair,10,23621.89,0.03,192313.69,56375.97,73.91,UPI,2,FALSE,Delivered,2
ORD-03307,12/1/2023,CUST74033,Vikram Mehta,46,Male,North,Amritsar,Beauty,Shampoo,1,2427.7,0.11,1734.31,605.52,48.85,Credit Card,2,FALSE,Delivered,1
ORD-03304,11/29/2023,CUST38933,Sunita Reddy,45,Other,Central,Indore,Beauty,Hair Oil,7,2195.91,0.28,8503.47,3907.75,63.07,UPI,1,TRUE,Returned,6
ORD-03302,11/29/2023,CUST00808,Arjun Reddy,31,Female,West,Mumbai,Electronics,Smartwatch,5,5934.23,0.35,18050.43,1851.85,76.64,UPI,3,FALSE,Shipped,2
ORD-03301,11/29/2023,CUST23165,Rohan Kumar,35,Female,West,Pune,Furniture,Chair,6,9674.09,0.13,45840.04,10521.95,82.91,Credit Card,5,FALSE,Delivered,4
ORD-03300,11/27/2023,CUST46539,Shreya Verma,29,Other,South,Bangalore,Groceries,Sugar,9,56.27,0.15,407.16,20.82,82.79,UPI,5,FALSE,Delivered,2
ORD-03298,11/26/2023,CUST82100,Pooja Kapoor,-5,Female,West,Surat,Sports,Football,3,11118.32,0.3,22974.82,4866.53,53.21,Net Banking,4,TRUE,Returned,9
ORD-03297,11/26/2023,CUST29713,Rahul Gupta,37,Male,West,Mumbai,Books,Cook Book,10,666.25,0.07,5098.4,1728.64,55.61,UPI,3,FALSE,Delivered,8
ORD-03296,11/25/2023,CUST49836,Amit Bose,32,Other,Central,Raipur,Clothing,Saree,4,2037.61,0.09,7459.65,2991.98,28.18,Cash on Delivery,1,TRUE,Returned,7
ORD-03295,11/25/2023,CUST19218,Aditya Verma,41,Female,North,Amritsar,Sports,Cricket Bat,5,7855.23,0.26,24768.64,5747.72,37.97,Credit Card,1,TRUE,Returned,2
ORD-03294,11/25/2023,CUST10406,Shreya Sharma,46,Female,East,Kolkata,Clothing,Saree,8,2163.34,0.09,14389.27,6967.35,86.07,Debit Card,4,TRUE,Returned,2
ORD-03293,11/24/2023,CUST17652,Arjun Rao,40,Male,East,Guwahati,Beauty,Face Cream,7,586.63,0.04,3416.93,1208.13,90.59,Net Banking,2,FALSE,Pending,8
ORD-03292,11/24/2023,CUST35522,Pooja Gupta,19,Other,North,Amritsar,Beauty,Lipstick,7,1961.36,0.27,8020.15,4122.3,73.28,EMI,5,FALSE,Delivered,3
ORD-03291,11/24/2023,CUST41602,Arjun Bose,35,Other,North,Ludhiana,Electronics,Laptop,4,61816.92,0,227231.35,30169.32,42.89,EMI,1,FALSE,Delivered,10
ORD-03290,11/23/2023,CUST79601,Aarav Mishra,47,Other,West,Mumbai,Groceries,Tea,6,481.93,0.39,1558.52,135.01,54.04,EMI,2,FALSE,Delivered,2
ORD-03289,11/21/2023,CUST55307,Kavya Chatterjee,13,Other,South,Kochi,Clothing,T-Shirt,9,2673.67,0.23,16249.74,5950.65,80.51,EMI,3,FALSE,Delivered,8
ORD-03288,11/21/2023,CUST96629,Karan Gupta,14,Female,South,Chennai,Electronics,Headphones,8,24941.15,0.38,134271.79,19098.95,79.77,Debit Card,4,FALSE,Delivered,4
ORD-03287,11/19/2023,CUST45543,Arjun Gupta,5,Male,North,Amritsar,Groceries,Dal (1kg),1,430.64,0.35,270.6,25.24,54.23,Credit Card,2,FALSE,Delivered,4
ORD-03286,11/19/2023,CUST81972,Aditya Das,32,Male,East,Bhubaneswar,Clothing,Jacket,8,2288.26,0.22,12023.58,4024.97,89.83,Debit Card,2,FALSE,Delivered,1
ORD-03285,11/19/2023,CUST64046,Shreya Mishra,15,Other,Central,Nagpur,Furniture,Chair,7,30237.39,0.15,155865.09,38187.73,68.65,Credit Card,5,FALSE,Cancelled,8
ORD-03284,11/18/2023,CUST26543,Nikhil Mishra,37,Male,South,Bangalore,Beauty,Lipstick,3,1910.31,0.38,3118.32,1686.07,72.57,Cash on Delivery,5,FALSE,Pending,8
ORD-03283,11/18/2023,CUST59848,Rohan Gupta,29,Male,East,Kolkata,Sports,Dumbbells,4,11596.28,0.22,32114.67,7605.77,87.57,Cash on Delivery,1,FALSE,Shipped,-1
ORD-03282,11/18/2023,CUST30266,Deepa Bose,34,Female,West,Surat,Sports,Yoga Mat,3,14108.02,0.12,36649.85,6203.2,56.58,EMI,2,FALSE,Delivered,10
ORD-03280,11/17/2023,CUST58917,Rohan Joshi,40,Other,East,Kolkata,Books,Cook Book,6,1395.75,0.22,5091,2066.28,73.1,Debit Card,2,FALSE,Delivered,7
ORD-03279,11/17/2023,CUST55124,Arjun Nair,35,Female,South,Hyderabad,Beauty,Hair Oil,5,2164.5,0.36,6849.69,3108.13,89.26,EMI,1,FALSE,Delivered,5
ORD-03278,11/17/2023,CUST28845,Rohan Singh,36,Other,Central,Indore,Groceries,Cooking Oil,3,362.83,0.33,704.3,51.58,40.17,Credit Card,2,FALSE,Delivered,3
ORD-03277,11/16/2023,CUST00162,Sunita Kapoor,44,Male,East,Patna,Sports,Cricket Bat,9,6566.64,0.11,50681.89,12859.41,88.55,Debit Card,3,FALSE,Delivered,2
ORD-03276,11/16/2023,CUST08733,Pooja Verma,35,Other,South,Kochi,Clothing,T-Shirt,5,2427.77,0.37,6775.69,2397.72,59.3,EMI,3,FALSE,Delivered,2
ORD-03273,11/15/2023,CUST10941,Karan Shah,38,Female,North,Delhi,Furniture,Wardrobe,5,10929.41,0.11,46559.15,13560.07,34.1,UPI,4,FALSE,Cancelled,10
ORD-03272,11/15/2023,CUST57589,Meera Chatterjee,35,Other,West,Mumbai,Sports,Cricket Bat,10,4317.81,0.2,32059.7,7938.01,65.95,Cash on Delivery,3,FALSE,Shipped,3
ORD-03271,11/14/2023,CUST54392,Aarav Mishra,31,Male,Central,Raipur,Groceries,Dal (1kg),6,470.13,0.34,1607.31,145.53,73.23,Debit Card,4,FALSE,Delivered,2
ORD-03269,11/12/2023,CUST63780,Vikram Iyer,49,Male,Central,Nagpur,Groceries,Dal (1kg),2,53.72,0.33,63.44,5.23,62.93,Credit Card,2,TRUE,Returned,9
ORD-03267,11/11/2023,CUST39102,Meera Kapoor,31,Other,East,Kolkata,Electronics,Laptop,10,19168.2,0.09,157139.2,15931.28,92.38,UPI,1,TRUE,Returned,10
ORD-03264,11/10/2023,CUST84619,Karan Nair,25,Other,North,Delhi,Furniture,Bed Frame,2,30782.35,0.22,47340.73,11318.5,48.72,UPI,4,FALSE,Delivered,10
ORD-03263,11/10/2023,CUST94911,Rohan Gupta,23,Other,North,Chandigarh,Furniture,Wardrobe,7,31424.24,0.31,128843.9,46085.23,53.66,Debit Card,5,FALSE,delivered,8
ORD-03262,11/9/2023,CUST82303,Arjun Patel,18,Male,Central,Bhopal,Sports,Cycle,4,7196.49,0.2,23291.68,4701.83,62.08,Net Banking,1,TRUE,Returned,10
ORD-03261,11/9/2023,CUST80345,Pooja Verma,32,Male,South,Kochi,Electronics,Laptop,4,71997.6,0.08,238162.29,25389.57,76.9,Cash on Delivery,2,FALSE,Delivered,3
ORD-03260,11/9/2023,CUST04203,Ananya Patel,41,Female,Central,Bhopal,Beauty,Hair Oil,4,1738.78,0.07,5920.27,1693.39,61.38,Net Banking,1,TRUE,Returned,2
ORD-03259,11/8/2023,CUST28855,Kavya Kumar,26,Female,South,Chennai,Groceries,Cooking Oil,9,165.39,0.22,1080.19,98.81,71.09,Cash on Delivery,3,FALSE,Delivered,6
ORD-03258,11/6/2023,CUST96311,Ritu Chatterjee,35,Other,North,Chandigarh,Furniture,Desk,2,19200.92,0.3,29270.92,9828.67,57.73,Cash on Delivery,1,FALSE,Delivered,4
ORD-03257,6/11/2023,CUST88256,Shreya Singh,15,Male,East,Guwahati,Electronics,Tablet,8,73558.44,0.4,315130.44,53808.65,82.71,UPI,3,FALSE,Delivered,6
ORD-03256,11/6/2023,CUST28145,Kavya Nair,56,Other,East,Bhubaneswar,Groceries,Flour,10,220.19,0.34,1171.24,111.88,89.4,EMI,5,FALSE,Delivered,9
ORD-03255,11/6/2023,CUST68003,Pooja Nair,38,Other,North,Amritsar,Electronics,Smartphone,7,45852.67,0.17,273026.12,30112.39,26.23,EMI,3,FALSE,Delivered,6
ORD-03254,11/5/2023,CUST62167,Aarav Nair,6,Other,North,Ludhiana,Groceries,Sugar,6,131.77,0.35,499.25,57.45,58.15,Debit Card,5,FALSE,Delivered,3
ORD-03253,11/5/2023,CUST40202,Priya Das,24,Female,Central,Nagpur,Beauty,Sunscreen,3,2286.34,0.34,4041.13,2413.02,61.28,UPI,2,TRUE,Returned,1
ORD-03252,11/5/2023,CUST39721,Sunita Kapoor,32,Female,West,Surat,Sports,Cricket Bat,3,10070.36,0.29,20450.62,4777.96,40.78,UPI,4,FALSE,Delivered,3
ORD-03251,11/5/2023,CUST86211,Arjun Kumar,26,Male,West,Pune,Clothing,Dress,5,3838.12,0.33,12041.48,4808.14,32.22,UPI,3,FALSE,Delivered,1
ORD-03249,11/4/2023,CUST78428,Nikhil Iyer,71,Female,North,Ludhiana,Clothing,Jacket,5,1581.85,0.31,5298.79,1912.12,37.37,Cash on Delivery,3,FALSE,Delivered,3
ORD-03247,11/4/2023,CUST92610,Rahul Chatterjee,36,Other,North,Delhi,Beauty,Perfume,7,2068.81,0.28,7932.49,3524.81,40.22,Credit Card,2,FALSE,Shipped,5
ORD-03246,11/3/2023,CUST96426,Sunita Patel,46,Male,South,Chennai,Clothing,T-Shirt,3,2706.45,0.39,4498.23,1415.33,73.84,EMI,4,TRUE,Returned,8
ORD-03245,11/2/2023,CUST51623,Deepa Mehta,57,Male,West,Ahmedabad,Books,Textbook,8,784.92,0.2,4517.75,1812.28,66.51,Net Banking,2,FALSE,Shipped,5
ORD-03243,11/2/2023,CUST21449,Rahul Bose,36,Other,Central,Nagpur,Furniture,Bed Frame,6,12617.99,0.05,66859.47,19527.7,32.57,Debit Card,4,FALSE,Delivered,9
ORD-03242,11/1/2023,CUST97241,Vikram Iyer,23,Female,North,Ludhiana,Electronics,Camera,2,5533.58,0.28,7936.89,1116.53,64.26,UPI,3,FALSE,Delivered,5
ORD-03241,11/1/2023,CUST36164,Nikhil Rao,23,Other,North,Delhi,Furniture,Desk,10,28349.81,0.14,211857.48,59966.21,53.88,Debit Card,2,FALSE,Delivered,2
ORD-03238,11/1/2023,CUST14045,Sunita Kumar,59,Other,West,Mumbai,Groceries,Rice (5kg),8,147.66,0.12,936.68,78.45,58.97,Debit Card,1,TRUE,Returned,10
ORD-03237,10/31/2023,CUST62193,Ananya Rao,48,Other,East,Kolkata,Beauty,Perfume,3,434.81,0.39,892.79,365.96,77.89,Debit Card,2,FALSE,Delivered,5
ORD-03236,10/31/2023,CUST98300,Arjun Das,28,Male,Central,Bhopal,Sports,Dumbbells,3,3481.8,0.38,7463.99,1681.91,55.2,UPI,5,FALSE,Delivered,8
ORD-03235,10/31/2023,CUST84105,Shreya Gupta,8,Female,West,Mumbai,Furniture,Wardrobe,10,28237.47,0.29,201146.39,39521.26,54.08,Cash on Delivery,5,FALSE,Delivered,2
ORD-03234,10/30/2023,CUST23301,Sanjay Mishra,40,Male,North,Chandigarh,Groceries,Dal (1kg),7,230.21,0.35,1210,147.47,21.34,UPI,2,FALSE,Pending,4
ORD-03233,10/30/2023,CUST27413,Amit Gupta,23,Female,South,Hyderabad,Clothing,Jacket,8,1084.06,0.19,7119.27,2636.93,74.71,EMI,5,FALSE,Cancelled,3
ORD-03232,10/29/2023,CUST26327,Arjun Mishra,10,Female,North,Chandigarh,Electronics,Tablet,5,29580.52,0.4,105263.11,15663.51,86.48,Cash on Delivery,4,FALSE,Delivered,2
ORD-03231,10/29/2023,CUST88608,Nikhil Nair,50,Male,South,Hyderabad,Beauty,Sunscreen,2,1820.95,0.15,2961.7,1317.61,69.89,Net Banking,4,FALSE,Delivered,5
ORD-03230,10/29/2023,CUST12331,Nikhil Singh,28,Other,West,Ahmedabad,Furniture,Bed Frame,2,28320.84,0.09,52512.57,12726.17,51.84,EMI,2,FALSE,Delivered,4
ORD-03229,10/28/2023,CUST44015,Nisha Shah,1,Other,North,Amritsar,Sports,Cricket Bat,4,10506.22,0.26,31932.89,4266.19,51.99,Credit Card,1,TRUE,Returned,10
ORD-03228,10/28/2023,CUST27405,Meera Kumar,26,Male,East,Kolkata,Clothing,Kurta,9,1877.39,0.13,17278.52,3585.58,87.95,UPI,3,FALSE,Delivered,5
ORD-03227,10/28/2023,CUST26871,Nisha Bhat,26,Female,Central,Raipur,Books,Textbook,4,653.78,0.39,1691.13,702.11,57.6,Credit Card,3,FALSE,Cancelled,4
ORD-03226,10/27/2023,CUST57729,Pooja Bhat,47,Male,Central,Bhopal,Sports,Dumbbells,10,4956.92,0.26,37464.05,10028.06,55.21,EMI,2,FALSE,Delivered,6
ORD-03224,10/26/2023,CUST38211,Ananya Pillai,37,Male,Central,Indore,Clothing,Saree,4,594.33,0.07,2462.17,786.24,84.06,UPI,1,FALSE,Delivered,8
ORD-03223,10/26/2023,CUST08748,Amit Sharma,44,Male,Central,Nagpur,Books,Fiction Novel,2,357.54,0.39,449.09,210.08,68.6,Net Banking,4,FALSE,Delivered,2
ORD-03222,10/25/2023,CUST90239,Pooja Patel,31,Female,East,Kolkata,Books,Comic Book,9,224.99,0.21,1955.07,489.85,81.53,EMI,3,FALSE,Shipped,1
ORD-03221,10/24/2023,CUST96034,Rohan Singh,30,Male,North,Chandigarh,Books,Textbook,6,452.9,0.01,2766.66,1043.1,58.82,Net Banking,1,FALSE,Delivered,3
ORD-03220,10/24/2023,CUST05571,Vikram Mehta,44,Other,West,Ahmedabad,Books,Fiction Novel,6,1199.21,0.09,7876.86,3776.83,61.99,EMI,5,FALSE,Shipped,3
ORD-03219,10/24/2023,CUST75320,Ananya Bose,33,Male,East,Patna,Beauty,Hair Oil,4,1214.7,0.35,3082.23,1134.31,101.88,EMI,4,FALSE,Delivered,4
ORD-03218,10/22/2023,CUST17834,Nisha Mehta,-5,Male,North,Chandigarh,Sports,Tennis Racket,5,11387.44,0.31,45950.26,9024.25,51.52,UPI,3,FALSE,Delivered,3
ORD-03217,10/22/2023,CUST14537,Pooja Joshi,41,Other,North,Amritsar,Beauty,Hair Oil,10,850.71,0.4,5762.75,2735.24,38.04,Cash on Delivery,4,FALSE,Delivered,6
ORD-03216,10/22/2023,CUST32134,Kavya Chatterjee,33,Male,West,Pune,Beauty,Lipstick,5,313.72,0.26,1195.99,468.82,41.27,Net Banking,1,TRUE,Returned,8
ORD-03215,10/22/2023,CUST12249,Vikram Bhat,21,Male,North,Delhi,Sports,Football,7,3704.66,0.33,18963.56,3880.05,61.03,EMI,3,FALSE,Delivered,10
ORD-03214,10/21/2023,CUST26653,Priya Verma,34,Female,South,Hyderabad,Beauty,Perfume,2,2318.99,0.34,3235.02,1825.36,54.61,UPI,1,FALSE,Pending,6
ORD-03213,10/21/2023,CUST91826,Sanjay Patel,40,Other,North,Delhi,Furniture,Sofa,10,6877.63,0.32,49127.13,15040.93,38.46,Credit Card,3,FALSE,Delivered,8
ORD-03212,20/10/2023,CUST59899,Shreya Kapoor,37,Male,West,Surat,Groceries,Sugar,3,309.69,0.18,839.42,69.64,50.8,UPI,1,FALSE,Delivered,1
ORD-03210,10/20/2023,CUST36370,Deepa Chatterjee,43,Female,East,Bhubaneswar,Beauty,Hair Oil,3,1474.43,0.4,2579.45,1120.36,85.55,UPI,1,FALSE,Delivered,3
ORD-03209,10/19/2023,CUST57413,Karan Patel,23,Female,Central,Indore,Sports,Cycle,3,13795.34,0.33,30187.27,7482.85,39.48,Credit Card,5,FALSE,Delivered,9
ORD-03208,19/10/2023,CUST07878,Nisha Patel,39,Male,Central,Raipur,Beauty,Face Cream,6,1870.67,0.31,7697.7,4210.61,51.88,Debit Card,5,FALSE,Delivered,1
ORD-03207,10/19/2023,CUST72297,Nisha Bhat,53,Female,South,Bangalore,Furniture,Bed Frame,5,2374.77,0.28,9688.23,2614.25,83.81,UPI,1,FALSE,Delivered,6
ORD-03206,10/19/2023,CUST74267,Deepa Bhat,29,Male,Central,Raipur,Electronics,Tablet,1,75894.5,0.12,69743.96,8164.31,36.14,UPI,1,FALSE,Delivered,5
ORD-03205,18/10/2023,CUST12676,Meera Iyer,40,Male,East,Bhubaneswar,Sports,Dumbbells,7,12597.24,0.11,77124.12,20197.94,79.69,Net Banking,4,FALSE,Delivered,8
ORD-03204,10/18/2023,CUST20726,Pooja Rao,30,Male,West,Mumbai,Electronics,Laptop,1,48359.17,0.06,51500.8,6586.38,81.7,Net Banking,3,FALSE,Delivered,9
ORD-03203,10/17/2023,CUST79007,Rahul Chatterjee,47,Other,North,Amritsar,Furniture,Bookshelf,5,30014.4,0.11,131495.05,42093.32,-3.11,Credit Card,3,FALSE,Delivered,2
ORD-03202,10/16/2023,CUST22113,Sunita Chatterjee,44,Other,North,Chandigarh,Electronics,Smartphone,6,44612.23,0.05,267791.02,30140.48,34,Cash on Delivery,3,FALSE,Delivered,8
ORD-03201,10/16/2023,CUST99262,Sanjay Joshi,19,Male,North,Chandigarh,Clothing,Kurta,7,1104.26,0.13,6551.79,2415.74,58.32,Debit Card,3,FALSE,Delivered,1
ORD-03200,10/16/2023,CUST43688,Amit Iyer,49,Other,North,Delhi,Groceries,Tea,1,97.17,0.14,86.02,8.27,46.49,EMI,1,FALSE,Delivered,5
ORD-03199,10/16/2023,CUST93632,Rohan Bose,61,Female,West,Pune,Beauty,Shampoo,8,1354.9,0.31,8717.93,4918.95,41.01,UPI,3,FALSE,Delivered,1
ORD-03197,10/15/2023,CUST33951,Deepa Mehta,18,Male,East,Bhubaneswar,Beauty,Lipstick,2,2007.33,0.17,3672.85,1779.77,78.53,UPI,5,FALSE,Delivered,2
ORD-03196,10/14/2023,CUST46008,Sunita Shah,27,Other,West,Surat,Furniture,Sofa,6,28759.21,0.28,142656.4,33781.29,54.72,Debit Card,1,FALSE,Cancelled,5
ORD-03194,10/14/2023,CUST46133,Sunita Patel,35,Female,Central,Nagpur,Groceries,Rice (5kg),1,466.8,0.37,312.81,17.47,67.52,EMI,4,FALSE,Delivered,7
ORD-03192,10/14/2023,CUST23779,Priya Singh,39,Male,North,Ludhiana,Sports,Football,9,9769.82,0.32,64012.37,13161.33,50.8,Net Banking,4,FALSE,Delivered,6
ORD-03191,10/13/2023,CUST15190,Aditya Shah,37,Male,South,Hyderabad,Beauty,Shampoo,4,817.47,0.24,2848.99,1431.62,61.6,Debit Card,5,FALSE,Cancelled,2
ORD-03190,10/12/2023,CUST24234,Meera Verma,32,Other,East,Kolkata,Books,Cook Book,4,1290.01,0,6137.27,2840.6,68.69,Cash on Delivery,2,FALSE,Pending,6
ORD-03189,10/11/2023,CUST05334,Shreya Joshi,31,Male,North,Ludhiana,Books,Biography,9,991.57,0.36,6481.41,2354.05,85.05,Debit Card,1,FALSE,Delivered,4
ORD-03188,10/11/2023,CUST87675,Sunita Joshi,30,Other,North,Delhi,Groceries,Flour,2,312.71,0.16,580.22,45.18,67.16,Debit Card,2,FALSE,Delivered,6
ORD-03187,10/9/2023,CUST63003,Nisha Mehta,40,Female,Central,Indore,Electronics,Smartphone,2,15759.44,0.15,30120.16,3914.94,66.72,Net Banking,5,FALSE,Delivered,10
ORD-03186,10/9/2023,CUST37684,Rohan Mishra,46,Other,North,Delhi,Books,Fiction Novel,4,1295.21,0.1,5174.52,2321.8,23.54,Credit Card,4,FALSE,Delivered,6
ORD-03185,10/9/2023,CUST29728,Shreya Das,45,Male,West,Surat,Sports,Football,2,14208.99,0.13,26208.02,7074.23,73.52,EMI,3,FALSE,Delivered,7
ORD-03184,8/10/2023,CUST43954,Nikhil Joshi,60,Other,North,Chandigarh,Books,Biography,5,652.44,0.01,2663.55,1220.85,35.83,Debit Card,1,FALSE,Delivered,9
ORD-03183,10/8/2023,CUST13349,Rohan Pillai,32,Other,South,Bangalore,Furniture,Bookshelf,5,12843.58,0.22,54184.88,11377.39,67.77,Debit Card,5,TRUE,Returned,4
ORD-03182,10/7/2023,CUST49514,Shreya Verma,34,Male,West,Ahmedabad,Clothing,Saree,1,3669.1,0.23,2724.49,1136.46,66,EMI,5,FALSE,Delivered,9
ORD-03181,10/7/2023,CUST05659,Priya Kumar,22,Male,North,Ludhiana,Groceries,Tea,2,216.82,0.28,255.27,22.97,53.52,Net Banking,5,TRUE,Returned,4
ORD-03180,10/7/2023,CUST65855,Deepa Sharma,28,Other,South,Chennai,Beauty,Hair Oil,8,1575.79,0.24,9914.18,4246.21,73.87,Cash on Delivery,4,FALSE,Delivered,4
ORD-03179,10/6/2023,CUST04408,Sanjay Chatterjee,24,Female,North,Chandigarh,Sports,Tennis Racket,6,4814.34,0.11,27501.28,3795.89,44.25,Cash on Delivery,3,FALSE,Delivered,6
ORD-03177,10/5/2023,CUST99258,Ananya Joshi,45,Other,Central,Raipur,Furniture,Sofa,2,7616.64,0.34,11304.13,3661.21,29.23,Net Banking,4,FALSE,Delivered,1
ORD-03176,10/5/2023,CUST24094,Amit Bose,42,Other,Central,Indore,Sports,Dumbbells,5,10121.78,0.14,46514.29,14209.66,67.27,Net Banking,1,FALSE,Delivered,6
ORD-03175,10/5/2023,CUST40113,Arjun Das,39,Other,South,Hyderabad,Electronics,Camera,5,11373.83,0.07,67236.76,8643.41,51.2,UPI,2,FALSE,Pending,7
ORD-03173,10/4/2023,CUST89046,Shreya Mishra,44,Female,West,Pune,Sports,Football,4,12573.57,0.38,32140.85,8492.72,47,Credit Card,3,FALSE,Delivered,4
ORD-03172,10/4/2023,CUST73615,Sanjay Gupta,45,Male,West,Surat,Groceries,Dal (1kg),4,309.85,0.04,1375.7,128.93,73.63,UPI,4,TRUE,Returned,5
ORD-03171,4/10/2023,CUST77683,Shreya Mehta,24,Other,West,Mumbai,Sports,Tennis Racket,3,8534.5,0.34,18094.21,4596.01,55.57,Cash on Delivery,4,FALSE,Delivered,4
ORD-03169,10/4/2023,CUST57585,Karan Kapoor,36,Male,West,Pune,Sports,Tennis Racket,7,11959.3,0.06,80013.65,18319.5,55.16,Cash on Delivery,1,FALSE,Shipped,1
ORD-03168,10/3/2023,CUST99426,Sunita Shah,39,Female,East,Patna,Furniture,Chair,3,22116.52,0.14,56634.24,15322.58,80.03,EMI,2,TRUE,Returned,6
ORD-03167,10/3/2023,CUST14358,Arjun Singh,45,Female,South,Bangalore,Groceries,Cooking Oil,2,487.25,0.31,715.47,59.76,64.43,Debit Card,1,FALSE,Delivered,6
ORD-03166,10/3/2023,CUST06674,Sanjay Pillai,47,Female,Central,Bhopal,Furniture,Bookshelf,9,22760.46,0.37,145109.61,39767.62,72.02,EMI,1,FALSE,Shipped,3
ORD-03165,10/1/2023,CUST41533,Sunita Iyer,40,Male,East,Guwahati,Clothing,Saree,9,2536.02,0.14,21413.39,5628.93,110.12,Net Banking,3,FALSE,Delivered,8
ORD-03164,10/1/2023,CUST04219,Aarav Sharma,21,Male,East,Bhubaneswar,Clothing,Jeans,8,3309.44,0.08,24146.23,7317.58,108.32,Net Banking,2,FALSE,Shipped,8
ORD-03163,10/1/2023,CUST87976,Amit Singh,29,Male,North,Chandigarh,Sports,Cricket Bat,3,14810.59,0.08,44578.62,10260.62,65.69,Cash on Delivery,3,FALSE,Delivered,5
ORD-03162,10/1/2023,CUST64139,Aarav Reddy,45,Other,West,Ahmedabad,Clothing,Saree,4,3292.57,0.28,11158.23,3813.16,38.43,UPI,2,TRUE,Returned,2
ORD-03161,9/30/2023,CUST77629,Shreya Iyer,36,Other,South,Kochi,Groceries,Sugar,2,384.04,0.03,819.11,70.23,67.84,UPI,2,FALSE,Delivered,5
ORD-03160,9/30/2023,CUST54899,Meera Chatterjee,12,Male,North,Amritsar,Groceries,Sugar,1,89.43,0.2,83.75,6.58,37.63,Credit Card,1,FALSE,Delivered,5
ORD-03159,9/30/2023,CUST24304,Kavya Joshi,50,Male,North,Ludhiana,Clothing,Jacket,9,1332.1,0.24,12579.87,3205.48,79,Credit Card,2,FALSE,Delivered,3
ORD-03158,9/29/2023,CUST54265,Sanjay Bhat,38,Female,North,Amritsar,Furniture,Bookshelf,8,24623.45,0.03,242532.88,63126.55,36.04,Credit Card,1,FALSE,Delivered,4
ORD-03157,9/29/2023,CUST79492,Sanjay Bhat,24,Male,North,Ludhiana,Sports,Tennis Racket,1,13020.42,0.2,14018.12,3020.91,61.72,EMI,2,FALSE,Delivered,1
ORD-03156,9/29/2023,CUST34657,Ananya Mishra,31,Other,East,Guwahati,Groceries,Tea,7,72.5,0.28,449.07,36.76,80.15,UPI,4,FALSE,Cancelled,9
ORD-03155,9/29/2023,CUST59557,Meera Chatterjee,25,Other,South,Chennai,Clothing,Jacket,6,2996.07,0.39,13261.21,6275.03,75.18,Cash on Delivery,2,FALSE,Delivered,1
ORD-03154,9/29/2023,CUST59117,Nisha Joshi,42,Female,West,Surat,Groceries,Cooking Oil,8,424.28,0.38,2407.56,178.57,64.6,UPI,3,FALSE,Delivered,4
ORD-03153,9/29/2023,CUST93955,Aditya Rao,24,Female,North,Ludhiana,Electronics,Headphones,9,56863.21,0.23,470774.92,62906,36.46,Cash on Delivery,3,FALSE,Delivered,3
ORD-03152,9/28/2023,CUST23783,Nikhil Kumar,29,Other,West,Surat,Books,Fiction Novel,7,606.81,0.04,4234.64,1593.45,88.92,EMI,4,FALSE,Shipped,3
ORD-03151,9/27/2023,CUST28094,Meera Shah,39,Male,East,Patna,Sports,Dumbbells,5,3167.34,0.17,17024.05,2543.83,66.83,UPI,4,FALSE,Delivered,10
ORD-03150,9/27/2023,CUST68116,Ritu Rao,17,Female,North,Ludhiana,Clothing,T-Shirt,9,1354.39,0.12,14092.58,4442.99,43.39,Credit Card,5,FALSE,Delivered,10
ORD-03147,9/26/2023,CUST30274,Shreya Bhat,29,Other,South,Bangalore,Sports,Football,1,12275.23,0.09,12167.28,2949.77,58.94,Debit Card,3,TRUE,Returned,6
ORD-03146,9/25/2023,CUST78079,Meera Gupta,27,Male,South,Bangalore,Electronics,Smartwatch,3,40582.57,0.22,118400.61,13936.96,91.9,Debit Card,3,FALSE,Cancelled,4
ORD-03145,9/25/2023,CUST35682,Ananya Chatterjee,49,Female,North,Chandigarh,Sports,Football,1,6693.3,0.11,7001.71,1485.2,49.16,Credit Card,1,FALSE,Cancelled,7
ORD-03144,9/22/2023,CUST69784,Amit Bhat,23,Male,West,Pune,Clothing,Kurta,2,2227.31,0.04,5919.86,2748,71.3,UPI,1,FALSE,Delivered,10
ORD-03143,9/21/2023,CUST43908,Nisha Iyer,31,Male,Central,Bhopal,Electronics,Laptop,3,56628.56,0.32,145921.2,15624.65,47.88,Credit Card,1,FALSE,Shipped,8
ORD-03141,9/20/2023,CUST51444,Rohan Kapoor,34,Female,Central,Indore,Sports,Cricket Bat,9,3722.56,0.09,35748.44,8661.64,41.2,UPI,4,FALSE,Cancelled,2
ORD-03140,9/19/2023,CUST76392,Rohan Kapoor,14,Other,South,Bangalore,Furniture,Desk,9,18114.9,0.35,131109.37,44210.57,60.14,Debit Card,3,FALSE,Cancelled,10
ORD-03139,9/18/2023,CUST16592,Sunita Iyer,22,Other,West,Surat,Furniture,Bed Frame,6,8704.76,0.23,52701.51,16266.5,67.26,Credit Card,1,FALSE,Pending,9
ORD-03138,9/17/2023,CUST63631,Vikram Das,38,Male,North,Amritsar,Sports,Dumbbells,4,3391.86,0.04,15450.95,3325.04,68.46,Credit Card,3,FALSE,Cancelled,2
ORD-03137,9/17/2023,CUST53427,Aarav Das,26,Male,West,Mumbai,Sports,Yoga Mat,8,10683.75,0.04,113358.26,26416.64,59.9,Cash on Delivery,1,FALSE,Delivered,7
ORD-03136,9/17/2023,CUST92424,Sanjay Nair,32,Other,North,Ludhiana,Beauty,Perfume,10,384.92,0.13,3802.28,1470.62,46.05,EMI,1,FALSE,Pending,9
ORD-03135,16/09/2023,CUST31542,Meera Kumar,43,Other,North,Ludhiana,Books,Textbook,10,344.89,0.21,2919.85,480.69,36.51,Cash on Delivery,4,FALSE,Delivered,1
ORD-03134,9/16/2023,CUST94057,Kavya Bose,29,Male,South,Bangalore,Sports,Cycle,5,11278.57,0.2,57170.08,13004.09,76.71,Debit Card,2,FALSE,Cancelled,4
ORD-03133,9/15/2023,CUST10354,Sunita Reddy,37,Male,Central,Bhopal,Clothing,Jacket,9,1920.93,0.04,18611.05,7106.9,65.71,EMI,4,TRUE,Returned,9
ORD-03132,9/15/2023,CUST70495,Rahul Reddy,40,Other,Central,Bhopal,Books,Self-Help Book,3,662.97,0.22,1602.1,682.08,60.4,UPI,3,FALSE,Delivered,8
ORD-03131,9/15/2023,CUST60904,Aditya Shah,29,Female,North,Chandigarh,Groceries,Dal (1kg),1,394.11,0.22,414.31,32.52,55.15,UPI,3,FALSE,Delivered,2
ORD-03130,14/09/2023,CUST42331,Deepa Pillai,27,Other,North,Delhi,Groceries,Sugar,2,188.27,0.27,372.56,23.33,48.93,Cash on Delivery,5,FALSE,Delivered,8
ORD-03129,9/12/2023,CUST31428,Karan Chatterjee,29,Other,West,Pune,Furniture,Bed Frame,6,5060.62,0.26,28677.01,10234.55,79.73,Cash on Delivery,3,TRUE,Returned,8
ORD-03128,9/12/2023,CUST69119,Rahul Gupta,39,Male,East,Kolkata,Sports,Cycle,5,1183.87,0.04,7684.63,1285.86,76.95,Debit Card,1,FALSE,Delivered,5
ORD-03127,9/11/2023,CUST95818,Meera Nair,37,Other,South,Hyderabad,Electronics,Tablet,2,73717.77,0.14,145540.46,16844.1,84.06,Credit Card,4,FALSE,Delivered,7
ORD-03125,9/11/2023,CUST63392,Pooja Nair,49,Other,Central,Raipur,Sports,Yoga Mat,8,7594.18,0.06,73152.9,14737.07,75.23,Net Banking,3,FALSE,Delivered,10
ORD-03124,9/10/2023,CUST75413,Arjun Mishra,25,Male,South,Bangalore,Furniture,Chair,6,15400.65,0.09,99452.17,26834.22,79.25,Debit Card,1,FALSE,Cancelled,7
ORD-03122,9/9/2023,CUST56458,Kavya Das,30,Other,East,Kolkata,Furniture,Desk,9,24481.84,0.18,236017.16,68746.18,92.95,Net Banking,3,FALSE,Pending,10
ORD-03121,9/9/2023,CUST63009,Aarav Kapoor,26,Female,East,Guwahati,Clothing,Jeans,3,2461.49,0.17,6972.95,2178.64,112.99,UPI,1,FALSE,Delivered,3
ORD-03119,9/9/2023,CUST59443,Karan Bose,42,Female,North,Amritsar,Furniture,Bed Frame,5,12592.51,0.28,61837.22,19148.11,45.88,UPI,1,TRUE,Returned,5
ORD-03118,9/9/2023,CUST99970,Meera Kumar,32,Female,North,Amritsar,Sports,Cycle,4,4072.52,0.37,12014.98,2649.18,60.13,Net Banking,3,FALSE,Delivered,4
ORD-03115,9/8/2023,CUST63946,Amit Sharma,45,Other,North,Ludhiana,Clothing,Kurta,6,828.79,0.19,4849.25,1887.14,32.64,EMI,5,FALSE,Cancelled,6
ORD-03113,9/7/2023,CUST73185,Amit Mishra,29,Male,North,Ludhiana,Clothing,T-Shirt,3,3741.92,0.21,11519.71,2740.01,58.8,Cash on Delivery,4,FALSE,Cancelled,1
ORD-03112,9/5/2023,CUST75819,Aarav Gupta,48,Other,South,Hyderabad,Clothing,Dress,8,771.59,0.37,4477.38,1547,66.22,Net Banking,5,FALSE,Delivered,2
ORD-03110,9/5/2023,CUST38634,Sanjay Reddy,50,Male,South,Hyderabad,Clothing,Kurta,7,3365.93,0.11,25929.31,13312.04,74.84,Debit Card,3,FALSE,Cancelled,4
ORD-03109,9/5/2023,CUST93512,Priya Sharma,35,Other,West,Mumbai,Books,Textbook,3,482.83,0.14,1565.69,752.92,50.18,Cash on Delivery,4,FALSE,Pending,4
ORD-03108,9/5/2023,CUST73404,Ritu Patel,36,Male,Central,Bhopal,Electronics,Smartphone,9,26560.24,0.2,238441.62,32963.32,47.86,Debit Card,2,FALSE,Delivered,10
ORD-03106,9/4/2023,CUST23467,Shreya Patel,31,Other,West,Surat,Beauty,Shampoo,6,1382.04,0.27,7652.12,2282.97,63.64,Cash on Delivery,3,FALSE,Delivered,10
ORD-03105,9/4/2023,CUST41278,Amit Singh,4,Female,West,Surat,Clothing,T-Shirt,10,3436.98,0.13,36428.87,12821.7,64.09,Net Banking,4,FALSE,Delivered,8
ORD-03104,9/3/2023,CUST21518,Karan Pillai,26,Male,West,Ahmedabad,Clothing,Saree,1,1916.17,0.22,1845.9,598.99,47.98,Net Banking,4,FALSE,Delivered,10
ORD-03103,9/3/2023,CUST01278,Aarav Verma,18,Other,East,Patna,Beauty,Lipstick,6,993.05,0.01,7148.92,2268.41,82.4,UPI,5,FALSE,Delivered,1
ORD-03102,9/3/2023,CUST37184,Karan Verma,25,Male,Central,Raipur,Furniture,Bed Frame,1,11522.93,0.02,10840.71,3173.42,65.43,UPI,5,FALSE,Delivered,5
ORD-03101,9/3/2023,CUST69379,Rohan Pillai,22,Other,North,Chandigarh,Furniture,Bookshelf,7,31725.3,0.37,162459.18,38520.59,64.24,EMI,3,FALSE,Delivered,3
ORD-03100,9/1/2023,CUST55749,Rahul Das,38,Other,West,Surat,Groceries,Rice (5kg),1,166.38,0.11,187.22,18.5,57.01,Debit Card,5,FALSE,Delivered,7
ORD-03099,9/1/2023,CUST54403,Priya Rao,31,Female,Central,Nagpur,Books,Cook Book,7,1057.54,0.2,6459.84,2620.05,60.64,Debit Card,2,TRUE,Returned,2
ORD-03098,9/1/2023,CUST98755,Arjun Chatterjee,39,Other,Central,Raipur,Electronics,Tablet,1,22693.39,0.08,27894.98,4153.76,48.31,Net Banking,5,FALSE,Delivered,9
ORD-03097,8/30/2023,CUST96631,Ritu Mishra,26,Female,North,Amritsar,Beauty,Shampoo,6,398.85,0.17,2675.94,1500.2,56.56,Net Banking,2,FALSE,delivered,10
ORD-03096,8/30/2023,CUST81977,Sunita Verma,35,Female,East,Patna,Groceries,Dal (1kg),9,132.91,0.37,1379.32,95.16,84.31,Cash on Delivery,1,FALSE,Delivered,4
ORD-03095,8/30/2023,CUST91267,Ritu Patel,27,Female,Central,Nagpur,Beauty,Perfume,10,427.76,0.04,4968.59,1801.67,67.38,UPI,5,FALSE,Delivered,1
ORD-03094,8/30/2023,CUST98803,Vikram Joshi,42,Male,South,Kochi,Furniture,Bed Frame,6,21712.77,0.14,157859.91,48496.37,62.68,EMI,2,FALSE,Cancelled,9
ORD-03093,8/29/2023,CUST63058,Deepa Pillai,36,Male,South,Hyderabad,Beauty,Shampoo,6,379.51,0.02,3520.77,1945.96,53.34,Debit Card,3,FALSE,Delivered,8
ORD-03091,8/29/2023,CUST39206,Amit Mehta,32,Other,South,Kochi,Furniture,Desk,6,11929.15,0.13,90019.76,15285.49,66.85,Net Banking,5,FALSE,Cancelled,4
ORD-03089,8/28/2023,CUST94322,Shreya Kapoor,19,Other,East,Patna,Books,Textbook,7,1441.05,0.29,9079.99,2820.94,86.34,Debit Card,3,TRUE,Returned,10
ORD-03088,8/26/2023,CUST49151,Sunita Patel,35,Other,West,Mumbai,Electronics,Headphones,1,41296.1,0.07,53611.5,4184.23,65.67,Credit Card,5,FALSE,Delivered,5
ORD-03087,8/26/2023,CUST32672,Meera Patel,39,Female,West,Surat,Furniture,Desk,5,21847.95,0.29,103693.59,26491.84,67.66,UPI,2,FALSE,Delivered,9
ORD-03086,8/26/2023,CUST94691,Aarav Singh,38,Other,East,Bhubaneswar,Furniture,Sofa,4,11999.53,0.22,53880.45,15284.4,99.04,Cash on Delivery,2,TRUE,Returned,1
ORD-03085,8/25/2023,CUST66243,Karan Shah,31,Other,North,Ludhiana,Books,Fiction Novel,10,260.93,0.13,3566.39,1435.04,28.36,Cash on Delivery,3,FALSE,Delivered,1
ORD-03083,8/25/2023,CUST78430,Rahul Pillai,51,Male,West,Mumbai,Beauty,Face Cream,4,173.98,0.25,855.12,447.82,73.28,Cash on Delivery,1,FALSE,Delivered,7
ORD-03082,8/24/2023,CUST93135,Karan Das,33,Male,South,Bangalore,Clothing,Dress,10,3548.29,0.33,32142.13,13918.96,75.2,Net Banking,3,FALSE,Pending,8
ORD-03081,8/22/2023,CUST01739,Rohan Nair,42,Female,North,Amritsar,Books,Fiction Novel,4,889.6,0.36,3597.1,1076.91,58.16,Credit Card,3,TRUE,Returned,3
ORD-03080,8/22/2023,CUST34629,Aarav Singh,37,Other,Central,Nagpur,Groceries,Flour,9,460.52,0.37,3659.71,327.34,48.79,EMI,5,FALSE,Pending,7
ORD-03079,8/22/2023,CUST74717,Ananya Bhat,24,Female,East,Patna,Sports,Cricket Bat,1,7788.48,0.16,9678.82,2560.56,67.88,EMI,4,FALSE,Shipped,3
ORD-03078,8/21/2023,CUST46478,Aarav Nair,32,Female,East,Bhubaneswar,Books,Textbook,3,761.02,0.23,2331.91,1183.07,118.86,Credit Card,3,FALSE,Delivered,7
ORD-03076,8/21/2023,CUST49954,Shreya Iyer,37,Other,West,Ahmedabad,Sports,Yoga Mat,8,11625.18,0.01,129797.26,30345.04,35.4,Cash on Delivery,1,TRUE,Returned,10
ORD-03075,8/20/2023,CUST66159,Shreya Shah,17,Female,East,Kolkata,Furniture,Bookshelf,8,11661.87,0.24,95197.56,28202.79,88.67,Net Banking,5,FALSE,Delivered,3
ORD-03074,8/20/2023,CUST55244,Ananya Bose,24,Male,North,Ludhiana,Clothing,T-Shirt,7,3670.29,0.27,26206.04,9315.22,40.44,UPI,1,FALSE,Cancelled,9
ORD-03073,8/20/2023,CUST40607,Amit Kapoor,29,Male,Central,Bhopal,Sports,Tennis Racket,4,5660.42,0.24,22682.85,4781.05,52.61,UPI,5,FALSE,Shipped,6
ORD-03072,8/19/2023,CUST71775,Aditya Joshi,25,Male,South,Hyderabad,Beauty,Hair Oil,6,1067.32,0.1,9986.14,3581.4,84.82,EMI,4,TRUE,Returned,9
ORD-03071,8/19/2023,CUST66429,Arjun Bose,52,Other,West,Mumbai,Books,Textbook,8,1135.99,0.33,8820.52,3707.82,66.97,Cash on Delivery,4,TRUE,Returned,6
ORD-03070,8/19/2023,CUST29394,Rohan Verma,35,Other,East,Kolkata,Electronics,Laptop,8,20964.05,0.29,174884.92,24207.47,77.54,UPI,2,FALSE,Delivered,5
ORD-03069,8/19/2023,CUST13129,Nikhil Nair,36,Male,East,Kolkata,Groceries,Cooking Oil,9,461.84,0.06,5002.24,440.52,74.88,Cash on Delivery,2,FALSE,Delivered,5
ORD-03068,8/18/2023,CUST89345,Deepa Iyer,30,Other,East,Guwahati,Beauty,Shampoo,1,133.98,0.16,157,64.55,59.05,Credit Card,5,FALSE,Delivered,4
ORD-03066,8/18/2023,CUST82969,Ritu Joshi,50,Female,South,Hyderabad,Furniture,Wardrobe,7,34829.83,0.27,251225.51,87253.16,74.92,EMI,1,FALSE,Delivered,9
ORD-03065,8/18/2023,CUST41118,Rohan Bhat,47,Female,South,Kochi,Sports,Tennis Racket,8,11184.95,0.39,84179.79,26658.84,58.07,Net Banking,4,FALSE,Shipped,8
ORD-03063,8/17/2023,CUST46790,Nikhil Rao,14,Female,East,Kolkata,Furniture,Bookshelf,2,12069,0.33,20925.93,6044.5,67,Debit Card,5,FALSE,Pending,6
ORD-03062,8/17/2023,CUST25706,Arjun Bose,32,Female,Central,Indore,Beauty,Hair Oil,7,2030.6,0.32,15087.35,5363.62,45.14,Net Banking,4,FALSE,Cancelled,4
ORD-03061,8/17/2023,CUST33333,Meera Nair,43,Other,West,Surat,Sports,Tennis Racket,1,8555.4,0.13,9667.42,2139.78,51.56,Net Banking,4,FALSE,Delivered,5
ORD-03060,8/17/2023,CUST71865,Amit Singh,19,Female,Central,Bhopal,Beauty,Shampoo,7,100.31,0.36,600.84,277.58,67.27,Debit Card,1,FALSE,Shipped,9
ORD-03059,8/17/2023,CUST05600,Aarav Sharma,34,Male,Central,Indore,Furniture,Sofa,9,19162.75,0.32,178414.75,35608.13,38.92,Cash on Delivery,4,FALSE,Delivered,5
ORD-03058,8/17/2023,CUST75687,Priya Mehta,48,Other,South,Chennai,Clothing,Jacket,4,2277.17,0.19,10944.9,4259.56,68.14,Cash on Delivery,2,TRUE,Returned,3
ORD-03056,8/16/2023,CUST57382,Pooja Iyer,45,Female,Central,Raipur,Furniture,Bed Frame,7,21860.37,0.22,156258.37,37409.1,28.9,Credit Card,1,TRUE,Returned,7
ORD-03055,8/14/2023,CUST44516,Ananya Iyer,30,Male,East,Guwahati,Groceries,Rice (5kg),1,228.52,0.09,307.76,24.8,61.3,Cash on Delivery,1,FALSE,Delivered,6
ORD-03054,8/14/2023,CUST26906,Nisha Iyer,39,Female,East,Patna,Electronics,Smartphone,1,34885.37,0.1,44683.38,3420.51,85.38,Credit Card,4,FALSE,Shipped,3
ORD-03053,8/13/2023,CUST70734,Meera Kumar,30,Female,Central,Nagpur,Furniture,Desk,10,5902.83,0.26,61642.35,21436.01,63.39,Credit Card,3,FALSE,Delivered,7
ORD-03052,8/13/2023,CUST62695,Vikram Bhat,38,Other,East,Guwahati,Sports,Dumbbells,7,13199.66,0.23,101253.81,23525.51,75.76,Cash on Delivery,4,FALSE,Delivered,9
ORD-03051,8/12/2023,CUST77025,Pooja Chatterjee,18,Female,West,Mumbai,Sports,Football,9,10111.78,0.32,83964.06,20724.63,28.35,Credit Card,4,TRUE,Returned,1
ORD-03050,8/12/2023,CUST75754,Karan Das,48,Other,North,Chandigarh,Furniture,Sofa,5,2325.92,0.02,17516.82,4426.97,68.39,Cash on Delivery,1,FALSE,Delivered,5
ORD-03049,8/12/2023,CUST94965,Amit Joshi,26,Other,East,Bhubaneswar,Sports,Tennis Racket,9,905.34,0.05,10046.96,2301.49,59.24,Net Banking,1,FALSE,Delivered,6
ORD-03047,8/11/2023,CUST16193,Kavya Kapoor,34,Other,North,Chandigarh,Sports,Tennis Racket,10,12222.2,0.28,131369.75,28537.32,26.86,Debit Card,5,FALSE,Delivered,8
ORD-03046,8/10/2023,CUST98613,Sanjay Mehta,23,Male,East,Guwahati,Furniture,Desk,7,15156.04,0.15,114775.93,33669.82,85.32,Debit Card,5,FALSE,Delivered,5
ORD-03045,8/10/2023,CUST54485,Karan Kapoor,42,Male,South,Bangalore,Groceries,Tea,4,474.68,0.3,1844.79,156.82,41.43,Credit Card,3,FALSE,Delivered,7
ORD-03044,9/8/2023,CUST65535,Vikram Joshi,31,Other,South,Kochi,Groceries,Dal (1kg),6,180.04,0.37,955.97,84.65,65.57,EMI,2,FALSE,Cancelled,7
ORD-03043,8/9/2023,CUST77236,Shreya Mehta,53,Female,Central,Bhopal,Beauty,Lipstick,4,369.22,0.19,1495.87,791.13,38.15,Credit Card,5,FALSE,Delivered,9
ORD-03042,8/9/2023,CUST48817,Karan Singh,25,Male,North,Amritsar,Clothing,Saree,2,3266.34,0,9066.91,3755.8,51.58,Cash on Delivery,5,FALSE,Delivered,1
ORD-03041,8/8/2023,CUST35537,Sunita Nair,24,Male,Central,Raipur,Furniture,Chair,4,33469.07,0.02,211554.01,60337.15,33.54,EMI,3,TRUE,Returned,8
ORD-03040,8/8/2023,CUST92392,Karan Mishra,39,Female,East,Patna,Beauty,Sunscreen,5,781.43,0.3,3859.69,2172.08,63.85,EMI,3,FALSE,Delivered,8
ORD-03039,8/7/2023,CUST18530,Pooja Verma,33,Male,North,Amritsar,Sports,Yoga Mat,5,10440.97,0.03,76880.87,13536.66,49.52,Debit Card,3,FALSE,delivered,10
ORD-03038,8/7/2023,CUST42431,Vikram Iyer,10,Female,East,Guwahati,Books,Cook Book,4,846.94,0.1,4126.13,1830.29,103.8,Credit Card,3,FALSE,Delivered,10
ORD-03037,8/5/2023,CUST23747,Nikhil Kapoor,25,Female,West,Ahmedabad,Beauty,Sunscreen,1,1196.94,0.09,1644.73,754.93,47.47,Cash on Delivery,3,FALSE,Delivered,1
ORD-03036,8/5/2023,CUST13591,Nikhil Reddy,57,Female,Central,Indore,Electronics,Smartwatch,4,5288.54,0.19,27570.77,3492.82,95.83,Debit Card,3,FALSE,delivered,5
ORD-03035,8/5/2023,CUST76199,Meera Pillai,60,Other,West,Ahmedabad,Sports,Tennis Racket,3,6247.18,0.23,19652.06,5128.89,52.48,Credit Card,4,FALSE,Delivered,7
ORD-03034,8/5/2023,CUST76477,Sunita Bose,33,Female,East,Guwahati,Furniture,Chair,2,27227.5,0.27,53652.43,18467.9,69.07,Net Banking,5,FALSE,Delivered,9
ORD-03033,8/5/2023,CUST52453,Vikram Shah,34,Other,North,Amritsar,Groceries,Sugar,7,315.62,0.28,2026.01,104.43,72.63,Credit Card,5,FALSE,Delivered,7
ORD-03032,8/5/2023,CUST90825,Rahul Gupta,30,Other,South,Chennai,Groceries,Dal (1kg),3,394.17,0.1,1466.75,91.2,58.94,Net Banking,5,FALSE,Delivered,1
ORD-03030,8/4/2023,CUST86844,Pooja Iyer,28,Male,Central,Indore,Clothing,Saree,9,3487.12,0.33,31127.41,10643.66,62.57,Cash on Delivery,4,FALSE,Delivered,7
ORD-03029,8/4/2023,CUST15879,Kavya Pillai,24,Other,North,Delhi,Groceries,Flour,6,184.04,0.32,1193.08,80.93,70.55,Credit Card,5,FALSE,Delivered,1
ORD-03028,8/4/2023,CUST60297,Arjun Gupta,31,Female,West,Mumbai,Books,Cook Book,6,210.75,0.19,1487.4,408.37,45.71,Cash on Delivery,4,FALSE,Delivered,2
ORD-03027,8/4/2023,CUST20866,Kavya Rao,26,Female,West,Pune,Sports,Yoga Mat,10,10231.86,0.33,98825.46,17642.86,40.2,Credit Card,2,FALSE,Delivered,9
ORD-03026,8/4/2023,CUST65223,Karan Bose,52,Male,West,Mumbai,Clothing,Jacket,5,1505.76,0.17,9211.72,3763.52,52.62,Cash on Delivery,3,FALSE,Pending,6
ORD-03025,8/3/2023,CUST12807,Pooja Das,34,Male,Central,Indore,Sports,Tennis Racket,5,8699.81,0.36,43806.61,9308.41,42.55,Debit Card,1,FALSE,Delivered,5
ORD-03024,8/3/2023,CUST08460,Sanjay Das,40,Female,South,Chennai,Groceries,Dal (1kg),2,188.62,0.32,395.46,23.93,82.57,Cash on Delivery,5,FALSE,Delivered,9
ORD-03023,8/1/2023,CUST97888,Deepa Gupta,16,Female,East,Kolkata,Sports,Cricket Bat,4,2506.3,0.16,11720.71,3383.09,80.27,Net Banking,3,FALSE,Delivered,2
ORD-03021,8/1/2023,CUST66733,Priya Iyer,33,Female,West,Ahmedabad,Groceries,Tea,4,223.01,0.06,1169.61,100.59,66.9,Cash on Delivery,2,FALSE,Delivered,2
ORD-03020,31/07/2023,CUST84225,Ananya Gupta,49,Male,North,Ludhiana,Furniture,Wardrobe,4,33460.25,0.13,195087.5,63064.44,40.01,UPI,5,FALSE,Delivered,5
ORD-03019,7/31/2023,CUST46142,Nisha Mehta,30,Other,West,Pune,Clothing,Kurta,2,1744.92,0.39,3236.74,1198.84,44.94,Credit Card,3,TRUE,Returned,7
ORD-03018,7/30/2023,CUST13941,Ritu Sharma,34,Other,South,Hyderabad,Electronics,Camera,4,66643.15,0.14,325899.4,40690.87,51.43,Cash on Delivery,1,FALSE,Delivered,3
ORD-03015,7/29/2023,CUST53698,Meera Kapoor,-4,Male,East,Bhubaneswar,Sports,Cycle,8,4080.77,0.36,28369.38,7223.68,77.54,Cash on Delivery,2,FALSE,Delivered,10
ORD-03012,7/28/2023,CUST28387,Aditya Bose,42,Male,East,Patna,Electronics,Headphones,3,73866.57,0.26,269224.59,33151.92,88.4,Cash on Delivery,4,FALSE,Delivered,5
ORD-03011,7/27/2023,CUST93010,Deepa Singh,35,Female,South,Hyderabad,Sports,Dumbbells,10,14369.58,0.19,155449.27,43778.31,70.01,UPI,2,FALSE,delivered,3
ORD-03010,7/27/2023,CUST41279,Amit Sharma,43,Other,South,Bangalore,Electronics,Smartwatch,4,14557.67,0.17,78608.45,9451.45,67.92,Debit Card,2,FALSE,Shipped,5
ORD-03009,7/26/2023,CUST37112,Rohan Pillai,35,Female,East,Guwahati,Books,Textbook,7,520.82,0.15,4550.23,1554.74,78.67,EMI,3,FALSE,Delivered,6
ORD-03008,7/26/2023,CUST03875,Arjun Patel,35,Other,North,Chandigarh,Sports,Tennis Racket,5,1956.54,0.2,10411.35,2723.2,60.98,UPI,3,FALSE,Delivered,3
ORD-03005,7/24/2023,CUST48500,Sunita Mehta,30,Other,East,Bhubaneswar,Books,Fiction Novel,7,748.66,0.03,7011.74,2220.64,86.38,UPI,4,FALSE,Delivered,7
ORD-03004,7/24/2023,CUST37873,Karan Shah,24,Female,Central,Bhopal,Groceries,Sugar,7,223.54,0.05,2428.43,183.01,54.19,Debit Card,1,FALSE,Delivered,10
ORD-03002,7/24/2023,CUST83812,Karan Chatterjee,40,Other,Central,Indore,Beauty,Hair Oil,3,2358.28,0.21,8273.92,4056.62,66.18,Credit Card,4,FALSE,Delivered,10
ORD-03001,7/23/2023,CUST72975,Deepa Singh,22,Female,North,Delhi,Sports,Dumbbells,7,5217.82,0.38,29460.53,4891.91,48.5,Cash on Delivery,2,FALSE,Delivered,4
ORD-03000,7/23/2023,CUST14868,Shreya Joshi,32,Other,South,Chennai,Sports,Cycle,7,12914.01,0.22,122070.77,24152.84,53.5,EMI,4,FALSE,Delivered,7
ORD-02999,7/22/2023,CUST67583,Rohan Nair,47,Other,South,Chennai,Furniture,Desk,4,17215.86,0.38,69333.08,21312.1,63.55,EMI,1,FALSE,Delivered,2
ORD-02998,7/21/2023,CUST44251,Amit Bose,38,Female,North,Delhi,Sports,Cycle,7,14576.84,0.04,162740.76,34015.33,54.66,Credit Card,3,FALSE,Shipped,4
ORD-02997,7/21/2023,CUST61924,Amit Reddy,23,Male,Central,Raipur,Electronics,Camera,4,45542.32,0.34,140619.38,17512.78,87.15,Credit Card,4,FALSE,Delivered,6
ORD-02996,7/21/2023,CUST44301,Kavya Iyer,44,Other,Central,Raipur,Clothing,Kurta,6,2551.46,0.28,16184.75,5763.29,52.45,Credit Card,1,FALSE,delivered,8
ORD-02995,7/20/2023,CUST01120,Nikhil Sharma,19,Female,South,Hyderabad,Beauty,Shampoo,1,581.9,0.39,573.91,321.44,61.08,Cash on Delivery,5,FALSE,Delivered,2
ORD-02994,7/20/2023,CUST67685,Shreya Pillai,42,Male,South,Kochi,Clothing,Jeans,5,2755.15,0.35,12440.45,4470.63,73.32,UPI,5,FALSE,Delivered,7
ORD-02992,7/20/2023,CUST09576,Aditya Gupta,49,Male,West,Surat,Sports,Yoga Mat,10,14494.42,0.17,166583.26,37373.97,63.48,UPI,2,FALSE,Delivered,9
ORD-02990,7/18/2023,CUST58369,Aditya Kumar,25,Other,East,Patna,Beauty,Perfume,2,524.06,0.35,992.13,703.91,91.44,Cash on Delivery,5,FALSE,Delivered,3
ORD-02989,7/18/2023,CUST00835,Kavya Patel,38,Other,North,Ludhiana,Electronics,Camera,2,77260.63,0.28,179057.38,27038.61,72.59,UPI,4,FALSE,Delivered,4
ORD-02988,7/18/2023,CUST14176,Kavya Reddy,27,Male,Central,Indore,Electronics,Smartwatch,2,30216.69,0.16,77559.67,9624.53,80.07,EMI,2,FALSE,Shipped,5
ORD-02987,7/18/2023,CUST78771,Nikhil Gupta,39,Female,West,Surat,Groceries,Sugar,8,455.06,0.01,5619.54,561.84,83.7,Net Banking,3,FALSE,Delivered,10
ORD-02985,7/15/2023,CUST52758,Meera Pillai,42,Male,East,Guwahati,Sports,Tennis Racket,3,13447.87,0.03,63861.69,14051.98,89.88,Credit Card,1,TRUE,Returned,1
ORD-02981,7/15/2023,CUST16972,Amit Singh,59,Other,East,Kolkata,Groceries,Dal (1kg),1,420.19,0.04,592.96,70.71,40.34,Cash on Delivery,3,FALSE,Delivered,4
ORD-02980,7/15/2023,CUST27360,Pooja Mishra,58,Other,West,Pune,Groceries,Sugar,6,290.29,0.28,2095.81,197.15,73.31,Cash on Delivery,3,FALSE,Delivered,8
ORD-02979,7/14/2023,CUST09411,Arjun Singh,39,Female,South,Chennai,Sports,Tennis Racket,4,1405.49,0.31,5675.34,1445.6,69.73,EMI,3,FALSE,Delivered,6
ORD-02978,7/14/2023,CUST72850,Nikhil Kapoor,28,Male,North,Delhi,Sports,Football,4,10069.78,0.33,43500.13,6733.75,81.56,UPI,2,FALSE,Delivered,9
ORD-02977,7/13/2023,CUST30941,Amit Rao,36,Male,South,Kochi,Clothing,Dress,3,3416.07,0.14,15099.86,6787.12,56.49,Cash on Delivery,4,FALSE,shipped,8
ORD-02976,7/11/2023,CUST38282,Arjun Reddy,-2,Male,East,Kolkata,Electronics,Tablet,10,46486.3,0.35,435101.24,46106.98,68.33,EMI,2,FALSE,Delivered,10
ORD-02975,7/11/2023,CUST47576,Sunita Rao,27,Male,West,Pune,Sports,Football,1,8472.58,0.37,7626.2,1056.58,42.85,UPI,5,FALSE,Delivered,10
ORD-02974,7/11/2023,CUST06333,Amit Verma,44,Other,North,Amritsar,Clothing,Jacket,6,1202.81,0.08,9663.61,2700.5,84.89,Net Banking,1,TRUE,Returned,6
ORD-02973,7/11/2023,CUST55824,Ritu Kumar,27,Male,West,Pune,Books,Fiction Novel,1,623.96,0.21,778.16,263.81,68.14,Cash on Delivery,3,FALSE,Delivered,6
ORD-02972,7/10/2023,CUST95419,Deepa Joshi,37,Male,West,Pune,Beauty,Face Cream,9,108.24,0.18,1201.96,569.48,55.36,UPI,4,FALSE,Delivered,5
ORD-02971,7/9/2023,CUST11958,Rahul Bose,41,Female,East,Guwahati,Clothing,Saree,2,1764.31,0.05,4950.24,1681.63,91.22,EMI,5,FALSE,Delivered,7
ORD-02970,7/9/2023,CUST03472,Meera Patel,35,Female,South,Bangalore,Books,Self-Help Book,7,900.55,0.37,6552.28,1538.11,67.3,Net Banking,5,FALSE,Delivered,3
ORD-02969,7/8/2023,CUST90919,Meera Pillai,39,Male,South,Chennai,Electronics,Tablet,10,75218.46,0.11,1071676.26,126516.22,87.54,Credit Card,5,FALSE,Delivered,6
ORD-02968,8/7/2023,CUST30076,Priya Singh,21,Male,East,Guwahati,Clothing,Kurta,8,306.88,0.19,2993.13,1019.95,53.78,Credit Card,3,TRUE,Returned,8
ORD-02967,7/8/2023,CUST52334,Nisha Patel,33,Male,South,Hyderabad,Electronics,Camera,2,56614.17,0.28,144440.74,23219.18,57.08,Credit Card,1,FALSE,Cancelled,10
ORD-02966,7/8/2023,CUST38879,Ananya Kapoor,36,Other,North,Amritsar,Clothing,Dress,1,1861.32,0.38,1580.05,590.29,55.74,UPI,4,FALSE,Delivered,1
ORD-02964,7/7/2023,CUST46382,Aarav Das,39,Male,West,Surat,Sports,Cycle,8,3387.86,0.24,29752.47,7208.56,47.15,Cash on Delivery,5,TRUE,Returned,7
ORD-02962,7/7/2023,CUST66452,Rohan Reddy,33,Female,North,Chandigarh,Sports,Yoga Mat,7,8842.83,0.34,62506.61,13120.8,39.72,Credit Card,3,FALSE,Delivered,8
ORD-02960,7/6/2023,CUST73492,Ritu Patel,35,Female,South,Chennai,Groceries,Dal (1kg),8,421.42,0.14,4774.27,467.76,84.51,Cash on Delivery,3,FALSE,Shipped,8
ORD-02959,7/6/2023,CUST01768,Sunita Patel,34,Female,Central,Nagpur,Electronics,Headphones,3,69702.56,0.36,204235.41,30667.19,72.01,EMI,5,FALSE,Delivered,2
ORD-02958,7/5/2023,CUST02784,Sunita Gupta,25,Male,North,Amritsar,Sports,Cycle,3,13054.7,0.2,50129.67,9740.83,41.44,UPI,2,TRUE,Returned,9
ORD-02957,7/4/2023,CUST77083,Priya Chatterjee,60,Female,East,Patna,Groceries,Tea,9,462.67,0.04,6520.25,574.64,60.51,Debit Card,2,FALSE,Delivered,8
ORD-02956,7/4/2023,CUST64061,Rohan Pillai,10,Other,South,Chennai,Clothing,T-Shirt,9,1340.2,0.38,12757.93,3852.39,105.03,Cash on Delivery,3,FALSE,Cancelled,4
ORD-02954,7/3/2023,CUST48148,Sunita Joshi,37,Other,West,Ahmedabad,Books,Fiction Novel,4,258.16,0.2,1147.42,452.37,71.77,Net Banking,5,TRUE,Returned,7
ORD-02953,7/3/2023,CUST69533,Amit Kumar,31,Other,Central,Raipur,Clothing,Jeans,1,362.3,0.37,319.67,152.66,52.96,Credit Card,4,FALSE,delivered,3
ORD-02952,7/2/2023,CUST41320,Aarav Kumar,35,Female,Central,Nagpur,Groceries,Dal (1kg),3,130.57,0.23,529.3,61.59,41.29,Net Banking,1,FALSE,Cancelled,8
ORD-02951,7/1/2023,CUST74188,Aarav Singh,46,Male,West,Mumbai,Sports,Football,2,10865.46,0.25,25165.9,6993.08,49.79,Cash on Delivery,1,TRUE,Returned,7
ORD-02950,7/1/2023,CUST02564,Nisha Gupta,57,Other,Central,Raipur,Furniture,Wardrobe,7,7949.66,0.29,60207.42,13411.24,66.87,Credit Card,4,FALSE,Delivered,2
ORD-02949,7/1/2023,CUST29456,Priya Sharma,20,Other,East,Bhubaneswar,Groceries,Flour,3,108.19,0.4,272.74,18.29,82.45,Cash on Delivery,2,FALSE,Cancelled,5
ORD-02948,7/1/2023,CUST47347,Deepa Mishra,36,Male,North,Chandigarh,Beauty,Hair Oil,9,384.12,0.06,5112.14,2559.12,26.49,UPI,3,FALSE,Delivered,8
ORD-02947,7/1/2023,CUST85761,Aditya Chatterjee,44,Other,South,Kochi,Furniture,Bookshelf,2,26714.83,0.23,63871.89,16676.94,67.21,UPI,5,FALSE,delivered,7
ORD-02945,6/30/2023,CUST19434,Aarav Das,28,Other,East,Guwahati,Furniture,Bed Frame,9,12800.64,0.3,120310.49,28867.05,77.17,Cash on Delivery,5,FALSE,Delivered,7
ORD-02944,6/30/2023,CUST91370,Rahul Bhat,41,Other,North,Amritsar,Sports,Dumbbells,7,4046,0.11,44053.34,9372.63,42.33,Debit Card,2,FALSE,Delivered,6
ORD-02943,6/30/2023,CUST64972,Arjun Das,41,Male,North,Amritsar,Sports,Dumbbells,9,6912.54,0.01,98451.07,24585.48,74.65,Credit Card,5,FALSE,Delivered,6
ORD-02942,6/30/2023,CUST41370,Amit Verma,40,Male,North,Delhi,Groceries,Dal (1kg),5,306.51,0.18,2204.96,174.67,63.22,Cash on Delivery,3,FALSE,Delivered,3
ORD-02941,6/29/2023,CUST16576,Aditya Mehta,53,Female,North,Amritsar,Books,Fiction Novel,4,254.4,0.04,1971.55,765.6,70.91,Cash on Delivery,4,FALSE,Delivered,7
ORD-02940,6/29/2023,CUST98397,Priya Patel,33,Male,East,Kolkata,Furniture,Desk,7,29626.67,0.25,260198.32,54990.37,89.07,Credit Card,3,FALSE,Delivered,2
ORD-02939,6/28/2023,CUST99269,Ananya Mishra,42,Other,North,Chandigarh,Electronics,Headphones,3,28197.79,0.16,103938.59,17181.51,73.99,Credit Card,4,FALSE,Shipped,1
ORD-02937,6/28/2023,CUST46894,Nisha Iyer,49,Female,East,Guwahati,Electronics,Smartwatch,10,13230.15,0.38,122855.89,16653.59,74.38,EMI,5,FALSE,Delivered,10
ORD-02936,6/28/2023,CUST18941,Ananya Mishra,30,Female,South,Chennai,Groceries,Cooking Oil,9,452.13,0.25,4808.83,248.08,97.53,Debit Card,1,TRUE,Returned,9
ORD-02934,6/27/2023,CUST34229,Rahul Gupta,50,Female,North,Chandigarh,Sports,Football,9,13111.09,0.29,128078.44,31164.9,62.85,Net Banking,3,FALSE,Delivered,9
ORD-02933,27/06/2023,CUST17587,Pooja Gupta,46,Female,Central,Bhopal,Books,Fiction Novel,10,1124.31,0.12,18133.14,7672.21,80.41,EMI,2,FALSE,delivered,2
ORD-02931,6/23/2023,CUST81737,Ananya Joshi,36,Other,West,Surat,Beauty,Shampoo,8,1976.85,0.3,17609.1,8544.51,81.44,Debit Card,4,FALSE,Delivered,6
ORD-02930,6/21/2023,CUST27302,Karan Verma,29,Male,West,Ahmedabad,Beauty,Shampoo,10,325.56,0.29,3569.04,1816.65,46.14,Credit Card,1,FALSE,Cancelled,3
ORD-02929,6/21/2023,CUST82307,Sanjay Kumar,28,Male,West,Mumbai,Electronics,Camera,8,11278.1,0.36,103626.93,9357.16,60.7,Net Banking,3,FALSE,Delivered,8
ORD-02928,6/20/2023,CUST17827,Sunita Bose,40,Other,Central,Indore,Clothing,Kurta,6,3464.49,0.3,23273.58,8946.26,68.97,Credit Card,4,FALSE,Cancelled,5
ORD-02927,6/20/2023,CUST53444,Nisha Mehta,38,Female,West,Mumbai,Sports,Tennis Racket,10,12849.18,0.17,162026.24,55613.66,50.59,UPI,1,TRUE,Returned,6
ORD-02926,6/20/2023,CUST07282,Nisha Nair,31,Female,East,Patna,Beauty,Face Cream,8,203.71,0.16,2533.79,1078.45,40.28,Debit Card,3,FALSE,Delivered,9
ORD-02924,6/19/2023,CUST46273,Sanjay Gupta,19,Male,North,Ludhiana,Electronics,Smartphone,2,20357.2,0.01,56864.2,6315.84,37.02,Credit Card,4,FALSE,Cancelled,5
ORD-02923,6/18/2023,CUST62956,Pooja Mishra,15,Male,North,Ludhiana,Books,Cook Book,9,916.14,0.36,8220.04,2666.27,63.91,Cash on Delivery,4,FALSE,Cancelled,7
ORD-02921,6/17/2023,CUST51781,Karan Singh,26,Male,North,Delhi,Groceries,Rice (5kg),5,200.85,0.36,1116.38,71.67,58.1,EMI,2,FALSE,Delivered,1
ORD-02920,6/16/2023,CUST13418,Aarav Pillai,26,Other,South,Kochi,Books,Self-Help Book,6,254.61,0.35,1558.67,563.7,74.55,UPI,4,FALSE,Cancelled,7
ORD-02919,6/16/2023,CUST99491,Deepa Shah,48,Other,West,Ahmedabad,Beauty,Sunscreen,10,1834.25,0.11,24185.57,12598.93,80.64,UPI,1,FALSE,Delivered,8
ORD-02918,6/16/2023,CUST30053,Rohan Gupta,45,Female,Central,Bhopal,Clothing,Kurta,6,1810.84,0.19,14264.78,6053.77,49.04,EMI,4,FALSE,Delivered,8
ORD-02917,6/16/2023,CUST53514,Karan Patel,25,Female,East,Kolkata,Groceries,Flour,9,374.09,0.17,4521.17,397.05,78.38,Debit Card,1,TRUE,Returned,8
ORD-02916,6/14/2023,CUST68649,Rahul Patel,20,Other,South,Chennai,Groceries,Dal (1kg),8,246.15,0.21,2555.54,179.49,95.73,Net Banking,1,FALSE,Delivered,2
ORD-02915,6/14/2023,CUST11665,Vikram Gupta,53,Other,Central,Raipur,Beauty,Hair Oil,4,1782.42,0.24,8996.6,3871.86,64.18,Credit Card,1,TRUE,Returned,7
ORD-02914,6/13/2023,CUST62247,Aditya Rao,47,Male,South,Hyderabad,Clothing,Saree,2,1474.66,0.16,3493.62,1237.15,83,Cash on Delivery,2,FALSE,Delivered,9
ORD-02913,6/12/2023,CUST21693,Deepa Kumar,43,Other,North,Ludhiana,Beauty,Perfume,4,623.3,0.32,3062.97,1736.95,52.12,UPI,2,FALSE,Delivered,3
ORD-02912,6/11/2023,CUST85957,Arjun Rao,46,Other,West,Mumbai,Electronics,Tablet,8,74304.54,0.08,736732.69,73848.3,54.14,EMI,2,FALSE,Delivered,9
ORD-02911,6/10/2023,CUST23285,Aditya Sharma,43,Female,North,Amritsar,Clothing,Saree,1,1356.6,0.01,2140.41,717.27,82.68,UPI,1,FALSE,Delivered,4
ORD-02910,10/6/2023,CUST60967,Nisha Chatterjee,19,Male,West,Surat,Sports,Cycle,5,13947.97,0.29,76540.79,25167.53,78.24,EMI,1,FALSE,Cancelled,7
ORD-02909,6/10/2023,CUST79344,Rohan Bose,37,Female,South,Chennai,Clothing,T-Shirt,5,2719.24,0.37,14617.3,4858.06,78.07,UPI,5,FALSE,Delivered,6
ORD-02908,6/10/2023,CUST54563,Rahul Gupta,23,Other,East,Bhubaneswar,Electronics,Smartphone,2,65714.09,0.32,147617.58,16129.94,76.71,Net Banking,5,FALSE,Delivered,7
ORD-02907,6/10/2023,CUST44256,Sanjay Iyer,46,Male,West,Ahmedabad,Electronics,Headphones,9,31196.73,0.12,368280.67,38060.11,59.85,UPI,1,FALSE,Delivered,1
ORD-02906,6/10/2023,CUST43728,Nisha Joshi,20,Male,Central,Raipur,Sports,Football,7,754.28,0.05,7778.83,2271.05,45.61,Net Banking,1,FALSE,Delivered,4
ORD-02905,6/10/2023,CUST02847,Sunita Pillai,3,Female,Central,Bhopal,Clothing,Jeans,5,3673.58,0.01,28371.45,10857.99,74.84,UPI,3,TRUE,Returned,9
ORD-02904,6/8/2023,CUST88828,Pooja Reddy,41,Female,North,Amritsar,Groceries,Sugar,9,193.51,0.35,2061,255.36,60.83,Debit Card,5,FALSE,Shipped,3
ORD-02903,6/8/2023,CUST35531,Meera Iyer,39,Female,Central,Nagpur,Clothing,Jacket,7,983.45,0.03,11834.57,3889.86,67.48,Debit Card,4,TRUE,Returned,10
ORD-02902,6/8/2023,CUST92378,Aarav Patel,37,Other,Central,Nagpur,Sports,Cycle,1,5089.72,0.06,8297.84,2163.06,48.55,Cash on Delivery,3,FALSE,Delivered,6
ORD-02901,6/8/2023,CUST57226,Rahul Nair,21,Female,West,Ahmedabad,Books,Cook Book,6,471.17,0.18,3369.46,1337.48,88.71,Cash on Delivery,4,FALSE,Cancelled,1
ORD-02900,6/7/2023,CUST23268,Deepa Das,31,Female,South,Chennai,Books,Self-Help Book,1,715.84,0.24,937.54,470.99,59.5,Credit Card,2,FALSE,Delivered,4
ORD-02899,6/7/2023,CUST41852,Priya Rao,43,Male,Central,Indore,Groceries,Sugar,8,165.82,0.26,1805.69,135.43,36.72,Debit Card,5,FALSE,Delivered,2
ORD-02898,6/6/2023,CUST27445,Rohan Joshi,26,Male,South,Kochi,Furniture,Desk,3,28004.75,0.31,94421.01,29532.44,43.07,Net Banking,2,FALSE,Delivered,6
ORD-02897,6/6/2023,CUST64599,Priya Verma,60,Female,North,Amritsar,Electronics,Smartwatch,6,62456.65,0.02,593837.1,72763.11,30.38,Debit Card,4,FALSE,Cancelled,1
ORD-02896,6/6/2023,CUST37393,Shreya Mishra,24,Other,North,Amritsar,Beauty,Sunscreen,2,1742.14,0.33,4112.89,1802.05,68.9,Net Banking,1,FALSE,Delivered,3
ORD-02895,6/6/2023,CUST35710,Ritu Shah,32,Other,East,Kolkata,Furniture,Bed Frame,9,24542.85,0.3,291832.52,76203.02,95.21,Credit Card,2,FALSE,Delivered,6
ORD-02894,6/6/2023,CUST87652,Nikhil Patel,25,Other,East,Bhubaneswar,Beauty,Shampoo,1,123.79,0.17,167.72,67.47,49.95,Credit Card,3,FALSE,Delivered,3
ORD-02893,6/6/2023,CUST15263,Arjun Mehta,36,Female,South,Hyderabad,Electronics,Tablet,9,39846.87,0.24,452014.92,43093.98,51.7,UPI,4,FALSE,Delivered,3
ORD-02892,6/6/2023,CUST72155,Shreya Pillai,22,Male,South,Chennai,Sports,Tennis Racket,2,13875.51,0.32,30649.3,5955.69,81.72,UPI,3,FALSE,Delivered,4
ORD-02891,6/5/2023,CUST13778,Amit Pillai,41,Female,South,Hyderabad,Beauty,Sunscreen,2,1297.33,0.22,3312.56,1518.57,46.51,Debit Card,1,FALSE,Delivered,9
ORD-02890,6/5/2023,CUST22330,Aarav Sharma,61,Female,East,Guwahati,Beauty,Face Cream,1,830.66,0.15,1004.6,465.76,56.2,Cash on Delivery,5,FALSE,Shipped,10
ORD-02888,6/4/2023,CUST23652,Kavya Mehta,39,Male,West,Mumbai,Sports,Football,9,3434.17,0.08,46040.29,10782.3,55.14,UPI,2,FALSE,Delivered,5
ORD-02887,6/4/2023,CUST19802,Karan Chatterjee,32,Male,East,Patna,Books,Cook Book,2,200.96,0.25,458.12,104.93,75.89,Credit Card,1,TRUE,Returned,4
ORD-02886,6/4/2023,CUST25210,Sanjay Kumar,38,Female,Central,Raipur,Groceries,Dal (1kg),9,458.95,0.24,5524.99,539.3,58.47,UPI,2,TRUE,Returned,9
ORD-02884,6/3/2023,CUST30359,Nisha Patel,33,Female,West,Pune,Books,Textbook,1,1090.31,0.26,1249.54,613.99,61.28,Net Banking,3,FALSE,Delivered,9
ORD-02883,6/3/2023,CUST72686,Meera Bose,66,Male,East,Kolkata,Electronics,Headphones,7,18211.07,0.04,212071.33,30254.35,85.57,Credit Card,1,FALSE,Delivered,10
ORD-02882,6/3/2023,CUST50309,Deepa Joshi,32,Male,Central,Indore,Beauty,Lipstick,6,458.32,0.39,2879.46,1655.48,66.8,UPI,5,FALSE,Delivered,4
ORD-02881,6/3/2023,CUST20568,Sunita Pillai,30,Female,West,Pune,Clothing,Jeans,9,378.42,0,4977.33,1570.94,43.44,Cash on Delivery,4,FALSE,Delivered,8
ORD-02880,6/3/2023,CUST70204,Shreya Singh,55,Other,Central,Raipur,Clothing,Jeans,1,2361.96,0.23,2691.37,1189.62,62.61,Cash on Delivery,4,FALSE,Delivered,8
ORD-02879,6/2/2023,CUST55177,Ananya Reddy,27,Other,East,Kolkata,Groceries,Sugar,6,386.8,0.21,3078.58,318.39,79.26,EMI,1,FALSE,Shipped,5
ORD-02878,6/2/2023,CUST98432,Karan Kapoor,68,Female,Central,Indore,Clothing,Jeans,4,824.79,0.09,4781.35,1402.58,62.47,Credit Card,1,FALSE,Cancelled,4
ORD-02877,6/2/2023,CUST52099,Ritu Das,37,Female,West,Surat,Beauty,Face Cream,10,1285.07,0.28,15333.34,9585.03,77.58,Credit Card,2,FALSE,Delivered,9
ORD-02876,6/2/2023,CUST23195,Aditya Sharma,34,Female,West,Surat,Furniture,Wardrobe,3,31229.73,0.32,100210.97,34252.99,53.79,EMI,5,FALSE,Pending,3
ORD-02875,6/1/2023,CUST97371,Sunita Chatterjee,50,Other,South,Bangalore,Books,Textbook,1,430.84,0.37,479.27,212.94,47.32,UPI,2,FALSE,Delivered,7
ORD-02874,6/1/2023,CUST62622,Priya Kapoor,17,Male,North,Amritsar,Sports,Tennis Racket,10,9450.13,0.12,148205.85,22767.2,65.88,EMI,1,TRUE,Returned,6
ORD-02873,6/1/2023,CUST07917,Nikhil Nair,34,Male,East,Guwahati,Sports,Football,6,5611.57,0.2,37888.42,6107.6,97.42,Credit Card,5,FALSE,Delivered,2
ORD-02871,5/31/2023,CUST88518,Aditya Bose,58,Female,South,Hyderabad,Electronics,Headphones,5,26851.1,0.03,218111.79,24902.1,72.55,UPI,2,FALSE,Delivered,2
ORD-02870,5/31/2023,CUST15861,Priya Mishra,27,Other,West,Surat,Books,Fiction Novel,2,790.19,0.12,2524.52,1241.47,75.5,UPI,2,FALSE,Delivered,1
ORD-02869,5/31/2023,CUST19907,Aditya Chatterjee,30,Male,West,Surat,Beauty,Hair Oil,10,1573.67,0.23,18377.46,7519.84,64.77,Cash on Delivery,5,FALSE,Delivered,7
ORD-02868,5/31/2023,CUST17518,Sanjay Shah,42,Female,Central,Indore,Furniture,Wardrobe,6,20242.36,0.04,191398.26,59116.34,83.75,Credit Card,2,FALSE,Delivered,9
ORD-02866,5/31/2023,CUST40473,Nikhil Das,31,Other,West,Pune,Electronics,Laptop,2,44818.69,0.19,105441.04,12774.35,73.43,UPI,1,TRUE,Returned,7
ORD-02865,5/30/2023,CUST23967,Kavya Shah,19,Male,East,Patna,Electronics,Smartphone,1,11340.22,0.33,11399.21,1893.42,112.08,Credit Card,3,FALSE,Shipped,5
ORD-02864,5/30/2023,CUST39044,Arjun Kapoor,42,Female,North,Chandigarh,Beauty,Face Cream,5,2006.42,0.04,17279.23,8223.67,34.08,Cash on Delivery,3,FALSE,Delivered,3
ORD-02863,5/30/2023,CUST63160,Meera Mehta,39,Other,South,Bangalore,Books,Self-Help Book,8,786.23,0.23,7962.8,2889.1,89.79,Cash on Delivery,4,TRUE,Returned,3
ORD-02861,5/29/2023,CUST53780,Meera Joshi,28,Female,North,Chandigarh,Furniture,Bed Frame,4,25915.33,0.11,132743.41,29427.55,58.32,Debit Card,5,FALSE,Delivered,10
ORD-02860,5/29/2023,CUST89287,Amit Verma,43,Other,South,Hyderabad,Groceries,Tea,4,176.79,0.34,759.97,71.67,64.69,UPI,2,FALSE,Delivered,4
ORD-02859,5/28/2023,CUST98103,Nisha Reddy,30,Female,Central,Nagpur,Sports,Cycle,7,5477.01,0.23,47648.68,10592.45,58.19,EMI,1,FALSE,delivered,1
ORD-02858,28/05/2023,CUST34534,Sanjay Rao,55,Male,Central,Bhopal,Sports,Cricket Bat,7,12138.63,0.13,95488.18,21101.52,32.89,UPI,5,FALSE,Shipped,4
ORD-02857,5/28/2023,CUST81300,Ananya Mishra,27,Other,Central,Bhopal,Electronics,Smartphone,2,16666.39,0.04,45521.34,6476.79,54.21,UPI,1,FALSE,Delivered,8
ORD-02855,5/28/2023,CUST40126,Vikram Bhat,35,Male,South,Hyderabad,Books,Comic Book,7,1017.23,0.04,11341.51,5245.65,86.02,Debit Card,5,FALSE,Delivered,3
ORD-02853,5/28/2023,CUST40777,Deepa Bose,62,Male,East,Guwahati,Furniture,Wardrobe,5,19873.59,0.26,109991.48,39055.48,94.68,Net Banking,1,FALSE,Delivered,5
ORD-02852,5/28/2023,CUST37103,Shreya Kapoor,20,Male,North,Amritsar,Clothing,Jacket,3,484.17,0.23,1691.99,426.78,63.91,UPI,4,FALSE,Delivered,9
ORD-02851,26/05/2023,CUST69918,Aditya Verma,39,Female,Central,Bhopal,Beauty,Sunscreen,1,2345.65,0.07,3844.13,2141.87,54.42,Net Banking,2,TRUE,Returned,3
ORD-02847,5/25/2023,CUST62909,Aditya Bose,31,Female,West,Ahmedabad,Groceries,Flour,8,399.28,0.11,5100.96,406.96,62.93,Cash on Delivery,4,FALSE,Shipped,2
ORD-02846,5/25/2023,CUST56492,Ananya Gupta,35,Male,South,Kochi,Furniture,Wardrobe,10,31142.23,0.12,475250.99,133297.06,90.65,UPI,4,FALSE,Cancelled,1
ORD-02845,5/24/2023,CUST08284,Rohan Mishra,19,Male,West,Mumbai,Books,Comic Book,9,1391.1,0.09,19579.44,8225.45,57.35,Debit Card,5,FALSE,Shipped,5
ORD-02844,5/24/2023,CUST72283,Aarav Reddy,48,Male,West,Mumbai,Furniture,Chair,2,16498.44,0.32,35854.5,11294.07,57.11,Credit Card,4,FALSE,Delivered,5
ORD-02843,5/24/2023,CUST04791,Rahul Verma,24,Other,West,Mumbai,Books,Self-Help Book,8,579.77,0.36,3954.73,2230.94,42.6,Debit Card,3,FALSE,Delivered,7
ORD-02842,5/23/2023,CUST23282,Vikram Sharma,26,Other,West,Mumbai,Books,Self-Help Book,5,1444.85,0.05,10528.1,3958.13,62.54,UPI,3,FALSE,Delivered,7
ORD-02841,5/23/2023,CUST62482,Vikram Joshi,26,Male,East,Bhubaneswar,Beauty,Face Cream,8,317.17,0.06,3774.97,2233.34,81.48,UPI,3,FALSE,Pending,5
ORD-02840,5/21/2023,CUST58515,Sunita Chatterjee,56,Female,North,Ludhiana,Beauty,Sunscreen,3,2042.61,0.3,6276.07,1964,43.44,Credit Card,4,TRUE,Returned,7
ORD-02839,5/21/2023,CUST65852,Kavya Patel,21,Other,South,Chennai,Sports,Yoga Mat,7,7147.56,0.25,64932.35,18485.24,94.91,Debit Card,5,FALSE,Delivered,5
ORD-02836,5/19/2023,CUST76017,Arjun Chatterjee,37,Female,Central,Bhopal,Furniture,Bookshelf,10,7630.7,0.21,99978.26,21558.18,46.42,Cash on Delivery,5,FALSE,Cancelled,8
ORD-02835,5/18/2023,CUST93185,Sunita Verma,46,Male,North,Ludhiana,Books,Biography,2,922.52,0.02,2948.11,1106.75,61.06,Debit Card,3,FALSE,Delivered,9
ORD-02834,5/18/2023,CUST80957,Pooja Gupta,31,Other,North,Delhi,Electronics,Smartphone,2,73267.64,0.32,142488.63,20643.55,69.99,Credit Card,2,FALSE,Delivered,6
ORD-02833,5/18/2023,CUST95416,Rahul Singh,51,Male,North,Chandigarh,Books,Textbook,6,473,0.16,4064.17,1153.73,55.81,Credit Card,1,TRUE,Returned,4
ORD-02832,5/17/2023,CUST08322,Nisha Nair,33,Female,North,Amritsar,Books,Fiction Novel,10,424.8,0.11,4940.07,2103.38,31.8,UPI,3,FALSE,Delivered,6
ORD-02831,5/17/2023,CUST55922,Aditya Pillai,51,Female,West,Ahmedabad,Beauty,Lipstick,1,697.15,0.18,867.37,335.66,48.84,Debit Card,3,FALSE,Pending,10
ORD-02830,5/15/2023,CUST23051,Rohan Iyer,35,Male,South,Bangalore,Sports,Tennis Racket,2,5536.92,0.07,16264.24,5022.79,86.81,UPI,5,FALSE,Cancelled,4
ORD-02829,5/15/2023,CUST25805,Arjun Gupta,36,Male,South,Hyderabad,Groceries,Dal (1kg),2,399.16,0.34,850.9,55.39,50.2,UPI,5,FALSE,Shipped,1
ORD-02828,5/15/2023,CUST68781,Rahul Pillai,27,Male,South,Bangalore,Beauty,Face Cream,7,1149.53,0.19,11894.14,7264.17,62.38,Cash on Delivery,4,FALSE,pending,2
ORD-02827,5/14/2023,CUST71925,Deepa Shah,32,Female,West,Ahmedabad,Beauty,Perfume,3,975.85,0.14,3386.22,2179.66,87.45,Credit Card,2,FALSE,Shipped,10
ORD-02824,5/12/2023,CUST94776,Ananya Mishra,41,Other,North,Delhi,Clothing,Jacket,6,1809.68,0.31,12448.65,4684.85,37.16,Cash on Delivery,1,FALSE,Delivered,4
ORD-02823,5/11/2023,CUST96063,Shreya Iyer,25,Other,North,Chandigarh,Electronics,Smartphone,9,6647.49,0.34,68948.2,8595.88,51.47,Cash on Delivery,4,FALSE,Delivered,8
ORD-02822,5/11/2023,CUST92489,Vikram Kumar,29,Female,North,Ludhiana,Sports,Cricket Bat,4,3625.13,0.28,14299.68,4907.54,52.29,Credit Card,1,FALSE,Delivered,8
ORD-02821,5/10/2023,CUST76939,Ananya Bose,56,Other,North,Delhi,Electronics,Smartphone,8,29764.18,0.21,268708.58,24851.54,45.84,Cash on Delivery,2,FALSE,delivered,2
ORD-02819,5/9/2023,CUST12681,Meera Joshi,49,Male,East,Bhubaneswar,Clothing,Saree,1,3976.86,0.21,4653,1981.56,86.05,Credit Card,2,FALSE,Delivered,4
ORD-02818,9/5/2023,CUST11582,Kavya Kumar,36,Female,Central,Raipur,Beauty,Shampoo,5,576.73,0.07,4465.04,1617.65,61.27,EMI,4,FALSE,Cancelled,2
ORD-02815,5/8/2023,CUST75268,Karan Rao,30,Other,West,Pune,Sports,Yoga Mat,3,6620.8,0.27,22527.03,3790.08,89.03,EMI,4,FALSE,delivered,8
ORD-02814,5/4/2023,CUST78368,Nisha Iyer,31,Male,East,Bhubaneswar,Clothing,Jeans,3,3314.75,0.06,15452.12,3519.97,85.4,Debit Card,2,FALSE,Delivered,8
ORD-02813,5/4/2023,CUST45426,Arjun Patel,20,Other,South,Kochi,Beauty,Lipstick,6,2373.35,0.3,15281.74,8565.14,54.97,Cash on Delivery,3,FALSE,Delivered,3
ORD-02812,5/4/2023,CUST82471,Pooja Shah,36,Female,South,Kochi,Clothing,Saree,2,3236.58,0.04,9893.97,3171.49,71.87,Cash on Delivery,1,FALSE,Delivered,9
ORD-02811,5/4/2023,CUST06279,Amit Joshi,35,Female,North,Ludhiana,Beauty,Lipstick,10,239.33,0.23,2481.93,780.04,61.7,Net Banking,4,FALSE,Delivered,10
ORD-02810,5/3/2023,CUST60489,Karan Das,27,Other,South,Kochi,Clothing,T-Shirt,2,1416.76,0.08,3388.3,1544.37,52.35,Net Banking,4,FALSE,Delivered,6
ORD-02809,5/3/2023,CUST04249,Pooja Bose,31,Other,South,Kochi,Furniture,Chair,10,17371.93,0.37,172582.04,55972.36,71.63,Net Banking,3,FALSE,Delivered,9
ORD-02808,5/3/2023,CUST74228,Kavya Reddy,48,Other,Central,Raipur,Books,Comic Book,1,769.04,0.13,1113.83,505.12,46.7,EMI,1,FALSE,Delivered,10
ORD-02805,5/1/2023,CUST85937,Deepa Verma,31,Male,South,Hyderabad,Clothing,Saree,7,3482.32,0.35,26908.32,8716.81,68.92,UPI,4,FALSE,Delivered,7
ORD-02803,4/30/2023,CUST07347,Priya Mehta,28,Female,West,Mumbai,Electronics,Smartwatch,6,64360.23,0.32,385580.53,28776.57,55.31,Debit Card,1,FALSE,Delivered,1
ORD-02802,4/30/2023,CUST45496,Shreya Pillai,38,Other,South,Chennai,Beauty,Sunscreen,1,2094.7,0.36,1650.79,699.91,51.65,Credit Card,2,TRUE,Returned,10
ORD-02801,4/29/2023,CUST13741,Meera Verma,30,Female,East,Guwahati,Beauty,Hair Oil,7,1050.38,0.06,8746.39,3436.69,85.61,Debit Card,3,FALSE,Delivered,5
ORD-02799,4/28/2023,CUST04344,Rahul Bose,35,Female,South,Hyderabad,Groceries,Flour,10,310.75,0.28,2966.57,220.38,68.83,EMI,3,FALSE,Delivered,7
ORD-02798,4/28/2023,CUST05716,Arjun Nair,35,Male,North,Amritsar,Electronics,Tablet,4,22399.3,0.34,85795.74,10309.74,54.13,EMI,4,FALSE,Cancelled,8
ORD-02797,4/28/2023,CUST19934,Vikram Shah,37,Female,West,Surat,Groceries,Dal (1kg),7,345.21,0.31,2467.58,210.23,60.08,EMI,4,FALSE,Delivered,10
ORD-02796,4/27/2023,CUST56780,Arjun Chatterjee,24,Other,East,Guwahati,Groceries,Cooking Oil,8,132.4,0.32,1145.95,93.32,91.9,Debit Card,2,FALSE,Delivered,2
ORD-02795,4/26/2023,CUST45978,Nikhil Iyer,26,Male,West,Mumbai,Beauty,Shampoo,8,566.96,0.36,4268.95,2029.92,60.59,Debit Card,3,FALSE,Delivered,5
ORD-02794,4/24/2023,CUST50448,Sanjay Joshi,40,Other,North,Chandigarh,Books,Cook Book,5,375.59,0.07,2462.15,759.54,86.48,Debit Card,4,FALSE,Delivered,6
ORD-02791,4/22/2023,CUST40335,Meera Bhat,15,Female,East,Guwahati,Sports,Tennis Racket,7,5879.31,0.05,56376.87,7011.74,84.67,Cash on Delivery,1,FALSE,Cancelled,7
ORD-02790,4/22/2023,CUST65266,Arjun Mishra,54,Female,West,Mumbai,Clothing,T-Shirt,8,567.17,0.08,6261.36,1397.16,86.75,UPI,4,FALSE,Shipped,9
ORD-02789,4/21/2023,CUST60012,Shreya Gupta,20,Male,Central,Bhopal,Books,Textbook,7,714.91,0.34,5029.55,1690.54,56.73,Credit Card,3,FALSE,Delivered,8
ORD-02788,4/21/2023,CUST95526,Karan Sharma,43,Male,North,Ludhiana,Sports,Yoga Mat,1,3242.71,0.34,3023,605.12,37.04,Cash on Delivery,3,FALSE,Delivered,2
ORD-02786,4/20/2023,CUST59888,Amit Das,38,Male,North,Delhi,Electronics,Smartwatch,7,50711.3,0.14,442866.28,58822.76,44.77,EMI,3,FALSE,Delivered,10
ORD-02785,4/20/2023,CUST80688,Rahul Gupta,17,Female,North,Delhi,Sports,Dumbbells,4,14577.36,0.33,50624.06,7342.63,51.26,Credit Card,4,FALSE,Delivered,6
ORD-02784,4/20/2023,CUST25444,Priya Mehta,52,Male,Central,Bhopal,Beauty,Perfume,8,2413.19,0.25,18757.8,6413.01,55.59,EMI,3,FALSE,Delivered,10
ORD-02783,4/20/2023,CUST75727,Ananya Kapoor,45,Female,West,Ahmedabad,Sports,Yoga Mat,3,9606.06,0.27,22984.85,4327.42,50.91,Net Banking,5,FALSE,Delivered,4
ORD-02782,4/20/2023,CUST50156,Rahul Kumar,23,Other,West,Ahmedabad,Sports,Dumbbells,6,3259.56,0.28,20331.59,3788.35,62.56,Cash on Delivery,2,FALSE,Delivered,9
ORD-02781,4/18/2023,CUST33751,Nikhil Singh,43,Other,Central,Raipur,Groceries,Cooking Oil,7,287.94,0.34,1907.63,168.82,48.27,Credit Card,4,FALSE,Delivered,5
ORD-02780,4/18/2023,CUST00961,Nisha Kumar,37,Female,Central,Nagpur,Beauty,Perfume,8,899.3,0.17,8975.56,3421.59,71.55,Credit Card,2,FALSE,Delivered,3
ORD-02779,4/18/2023,CUST66673,Pooja Mehta,32,Female,East,Bhubaneswar,Beauty,Face Cream,1,588.9,0.03,804.15,359.5,76.29,Net Banking,5,FALSE,Delivered,5
ORD-02777,4/17/2023,CUST15930,Rahul Bhat,33,Female,North,Chandigarh,Beauty,Face Cream,6,438.59,0.26,2826.56,1014.02,64.81,Net Banking,3,TRUE,Returned,9
ORD-02774,4/16/2023,CUST92472,Deepa Gupta,33,Male,East,Patna,Sports,Dumbbells,7,12799.72,0.11,114501.45,25731.03,74.55,Net Banking,2,FALSE,Delivered,2
ORD-02773,4/16/2023,CUST69945,Rahul Das,36,Male,West,Surat,Electronics,Laptop,8,27632.84,0.08,295286.41,33436.12,20.29,Net Banking,3,FALSE,Delivered,7
ORD-02772,4/16/2023,CUST77009,Shreya Kapoor,25,Female,West,Surat,Beauty,Shampoo,3,188.54,0.35,430.94,225.45,38.36,EMI,1,FALSE,Delivered,10
ORD-02771,4/14/2023,CUST00213,Ritu Reddy,47,Male,East,Kolkata,Beauty,Sunscreen,8,415.72,0.01,4769.26,1796.21,54.55,EMI,3,FALSE,delivered,5
ORD-02770,4/14/2023,CUST50030,Karan Patel,11,Male,North,Amritsar,Groceries,Cooking Oil,4,201.51,0.18,1001.11,75.38,28.85,EMI,2,FALSE,Cancelled,9
ORD-02769,4/14/2023,CUST48124,Ritu Reddy,14,Male,East,Patna,Furniture,Wardrobe,1,25421.93,0.02,36558.25,12519.52,64.85,Cash on Delivery,4,FALSE,Cancelled,8
ORD-02768,4/13/2023,CUST12098,Nisha Nair,18,Female,Central,Bhopal,Beauty,Sunscreen,9,933.94,0.02,12188.95,5789.44,38.04,EMI,5,FALSE,Shipped,5
ORD-02767,4/13/2023,CUST75550,Deepa Rao,53,Other,South,Bangalore,Groceries,Cooking Oil,5,185.61,0.27,977.56,69.04,58.1,EMI,5,FALSE,Delivered,2
ORD-02766,4/12/2023,CUST55726,Nisha Iyer,36,Male,South,Hyderabad,Beauty,Perfume,1,1927.8,0.25,2039.37,829.68,81.77,Debit Card,2,FALSE,Delivered,8
ORD-02765,4/11/2023,CUST09924,Ritu Verma,36,Other,Central,Raipur,Electronics,Camera,5,18000.28,0.12,109973.4,11424.94,73.2,Debit Card,4,FALSE,Delivered,2
ORD-02764,4/11/2023,CUST82237,Arjun Bose,36,Other,Central,Nagpur,Beauty,Sunscreen,9,1168.75,0.22,10719.06,3312.86,24.91,Credit Card,1,FALSE,Delivered,6
ORD-02763,4/10/2023,CUST85402,Aarav Mehta,32,Male,South,Kochi,Electronics,Laptop,5,79827.98,0.28,418460.95,34788.35,73.92,Cash on Delivery,2,FALSE,Delivered,2
ORD-02761,4/10/2023,CUST40656,Shreya Patel,21,Other,West,Mumbai,Sports,Tennis Racket,10,12942.94,0.17,168816.96,44825.88,57.55,Cash on Delivery,3,FALSE,Shipped,6
ORD-02760,4/10/2023,CUST27593,Nikhil Shah,49,Male,West,Pune,Sports,Cycle,3,11672.79,0.26,39508.65,10514.43,77.35,EMI,2,FALSE,Shipped,2
ORD-02759,4/9/2023,CUST42106,Arjun Kumar,48,Female,East,Kolkata,Clothing,Saree,4,2774.33,0.19,11734.39,5152.2,71.4,Cash on Delivery,2,FALSE,Shipped,6
ORD-02757,4/8/2023,CUST97559,Sunita Kumar,49,Male,West,Ahmedabad,Sports,Dumbbells,4,2360.4,0.36,9045.13,1640.8,46.73,Credit Card,2,FALSE,Delivered,2
ORD-02756,8/4/2023,CUST40199,Arjun Gupta,33,Male,West,Pune,Clothing,T-Shirt,3,2494.29,0.1,9558.85,3760.45,54.2,Cash on Delivery,3,FALSE,Delivered,8
ORD-02755,4/6/2023,CUST20559,Karan Mishra,46,Male,North,Chandigarh,Books,Biography,9,421.91,0.16,4945.52,2326.52,51.34,EMI,5,FALSE,Delivered,1
ORD-02754,4/6/2023,CUST60353,Aarav Kumar,52,Female,East,Patna,Sports,Cycle,5,12633.19,0.18,75906,19171.82,62.92,Cash on Delivery,2,TRUE,Returned,8
ORD-02752,4/6/2023,CUST77977,Priya Verma,39,Other,North,Chandigarh,Furniture,Desk,4,20972.36,0.23,101498.2,40455.26,43.34,UPI,1,FALSE,Delivered,4
ORD-02751,4/6/2023,CUST41956,Ritu Gupta,58,Male,Central,Raipur,Furniture,Sofa,7,21084.54,0.39,140156.32,29805.11,42.37,EMI,5,TRUE,Returned,8
ORD-02750,4/5/2023,CUST50334,Priya Singh,19,Male,West,Ahmedabad,Clothing,Kurta,2,3794.57,0.05,9475.19,3916.81,23.37,EMI,5,FALSE,Delivered,3
ORD-02749,5/4/2023,CUST37997,Arjun Verma,51,Male,West,Pune,Sports,Football,3,11418.23,0.01,43058.66,7315.08,41.92,Credit Card,2,FALSE,Delivered,3
ORD-02748,4/5/2023,CUST72583,Sunita Bose,41,Female,West,Surat,Groceries,Tea,9,467.6,0.02,5992.24,654.29,37.13,EMI,4,FALSE,Delivered,7
ORD-02747,4/4/2023,CUST34843,Sanjay Verma,21,Male,South,Hyderabad,Beauty,Lipstick,9,1568.38,0.02,21256.5,9913.18,96.17,Debit Card,5,FALSE,Delivered,7
ORD-02746,4/3/2023,CUST71887,Nisha Kapoor,30,Other,East,Bhubaneswar,Books,Textbook,10,1221.02,0.17,15191.82,5083.3,86.46,EMI,5,FALSE,Pending,4
ORD-02745,4/3/2023,CUST89552,Sanjay Mishra,51,Male,West,Ahmedabad,Furniture,Wardrobe,7,9306.42,0.37,66850.76,15497.67,63.06,Debit Card,4,TRUE,Returned,4
ORD-02744,4/1/2023,CUST66758,Rahul Patel,31,Female,North,Delhi,Beauty,Lipstick,8,2199.06,0.31,19643.63,6740.03,50.62,Cash on Delivery,1,FALSE,delivered,8
ORD-02743,4/1/2023,CUST97838,Ritu Mehta,28,Other,East,Bhubaneswar,Clothing,Jacket,1,3896.79,0.36,3471.12,1531.25,72.56,Cash on Delivery,5,FALSE,Delivered,5
ORD-02741,4/1/2023,CUST45274,Sanjay Patel,23,Male,East,Guwahati,Sports,Dumbbells,6,5555.87,0.31,34653.36,9878.4,74.61,Debit Card,5,FALSE,Delivered,4
ORD-02740,3/31/2023,CUST90154,Arjun Rao,39,Female,West,Mumbai,Beauty,Sunscreen,3,1932.05,0.12,6749.05,2983.29,47.16,UPI,1,FALSE,Pending,5
ORD-02739,3/31/2023,CUST55589,Priya Mishra,36,Male,North,Amritsar,Sports,Tennis Racket,8,12824.11,0.11,124055.48,29606.32,76.78,Cash on Delivery,2,FALSE,Delivered,6
ORD-02738,3/31/2023,CUST25037,Shreya Joshi,40,Other,North,Chandigarh,Electronics,Tablet,6,51056.11,0.12,301146.22,46670.71,55.16,UPI,3,TRUE,Returned,6
ORD-02737,3/30/2023,CUST77328,Meera Pillai,34,Other,East,Bhubaneswar,Clothing,Dress,4,1407.93,0.05,6398.88,2389.35,107.41,Debit Card,5,FALSE,Delivered,2
ORD-02736,30/03/2023,CUST35540,Kavya Reddy,26,Male,West,Ahmedabad,Clothing,Dress,8,1829.04,0.24,14780.74,6166.69,80.06,Net Banking,3,FALSE,Cancelled,4
ORD-02735,3/30/2023,CUST60872,Kavya Shah,38,Male,South,Chennai,Furniture,Chair,1,7329.9,0.35,6777.56,2396.72,101.29,Credit Card,5,FALSE,Shipped,10
ORD-02733,3/30/2023,CUST12771,Meera Singh,40,Female,West,Surat,Books,Textbook,5,971.23,0.35,3832.92,1442.59,59.73,Cash on Delivery,1,FALSE,Delivered,4
ORD-02732,3/30/2023,CUST23366,Priya Kumar,32,Male,North,Amritsar,Clothing,Jacket,8,1060.79,0.16,8629.82,2159.2,51.46,UPI,4,FALSE,Pending,7
ORD-02731,3/30/2023,CUST76690,Ananya Patel,38,Female,Central,Raipur,Clothing,Saree,2,2874,0.01,7504.43,2617.18,34.9,UPI,1,FALSE,Delivered,8
ORD-02730,3/29/2023,CUST20266,Sanjay Bose,11,Female,Central,Bhopal,Books,Biography,4,1044.75,0.05,6061.68,2610.28,55.23,Cash on Delivery,3,FALSE,Delivered,6
ORD-02729,3/29/2023,CUST02485,Ananya Bhat,45,Female,South,Hyderabad,Groceries,Sugar,8,85.59,0.25,545.76,41.46,75.34,Net Banking,4,FALSE,Delivered,9
ORD-02728,3/29/2023,CUST26931,Shreya Shah,22,Other,West,Pune,Sports,Dumbbells,5,9438.65,0.19,50601.3,10853.36,59.57,UPI,2,FALSE,Delivered,9
ORD-02725,3/28/2023,CUST39987,Aarav Shah,34,Male,North,Amritsar,Furniture,Sofa,2,25068.04,0.07,60153.24,15753.38,16.5,Debit Card,1,FALSE,Delivered,2
ORD-02723,3/27/2023,CUST08867,Nisha Kapoor,12,Other,Central,Raipur,Electronics,Tablet,2,69342.57,0.08,154630.39,18946.95,47.74,Net Banking,2,FALSE,Delivered,6
ORD-02722,3/26/2023,CUST57029,Meera Reddy,28,Male,East,Patna,Groceries,Cooking Oil,10,241.98,0.28,2282.59,137.71,54.31,Credit Card,5,FALSE,Cancelled,4
ORD-02721,3/26/2023,CUST62341,Nisha Joshi,41,Male,East,Kolkata,Electronics,Headphones,10,66216.18,0.12,680923.78,34980.09,97.06,Cash on Delivery,4,FALSE,Delivered,5
ORD-02720,3/26/2023,CUST36373,Aarav Kapoor,52,Other,South,Kochi,Groceries,Cooking Oil,7,448.17,0.11,3507.4,212.91,34.25,EMI,5,FALSE,Delivered,2
ORD-02719,3/25/2023,CUST07357,Meera Nair,24,Female,West,Surat,Furniture,Bed Frame,6,16778.26,0.34,79749.85,20899.58,68.68,UPI,3,FALSE,Delivered,9
ORD-02716,3/23/2023,CUST34371,Deepa Singh,20,Male,Central,Raipur,Groceries,Tea,7,258.92,0.28,1758.81,177.42,37.37,UPI,3,FALSE,Delivered,6
ORD-02713,3/22/2023,CUST44605,Rohan Gupta,30,Female,West,Surat,Furniture,Bed Frame,4,23122.77,0.34,75992.62,25870.08,83.74,EMI,4,FALSE,Delivered,1
ORD-02712,3/22/2023,CUST21655,Amit Reddy,29,Other,North,Chandigarh,Groceries,Sugar,8,172.53,0.22,1491.46,177.24,47.93,Credit Card,3,FALSE,delivered,4
ORD-02711,3/22/2023,CUST25704,Kavya Iyer,0,Female,South,Kochi,Beauty,Face Cream,10,1958.8,0.39,14393.92,7311.62,56.07,UPI,5,FALSE,Delivered,7
ORD-02710,3/22/2023,CUST02291,Sanjay Mehta,34,Male,East,Guwahati,Electronics,Smartwatch,2,10193.98,0.38,14993.54,1174.9,86.74,EMI,4,FALSE,Pending,5
ORD-02708,3/20/2023,CUST34073,Amit Sharma,27,Male,South,Chennai,Books,Textbook,3,435.38,0.27,1015.42,374.01,46.53,Net Banking,1,FALSE,Delivered,10
ORD-02707,3/18/2023,CUST97042,Ananya Mishra,28,Other,Central,Bhopal,Books,Cook Book,4,1221.11,0.25,5162.57,1875.62,43.22,EMI,5,FALSE,Delivered,5
ORD-02706,3/17/2023,CUST55586,Karan Singh,25,Other,East,Kolkata,Clothing,T-Shirt,3,3828.11,0.2,10968.02,3716.33,90.35,Cash on Delivery,4,FALSE,Delivered,7
ORD-02705,3/17/2023,CUST85785,Meera Rao,41,Female,West,Surat,Beauty,Perfume,2,888.49,0.08,2115.74,795.3,42.25,Debit Card,1,FALSE,Pending,8
ORD-02704,3/17/2023,CUST96458,Rohan Mehta,29,Other,East,Kolkata,Electronics,Smartwatch,1,11877.16,0.37,9956.83,1549.61,72.81,Credit Card,4,FALSE,Delivered,8
ORD-02703,3/16/2023,CUST53601,Rohan Iyer,35,Other,Central,Indore,Books,Cook Book,8,600.71,0.17,4278.59,1539.55,24.97,Debit Card,1,FALSE,Delivered,9
ORD-02702,3/16/2023,CUST41199,Nikhil Chatterjee,34,Male,West,Ahmedabad,Books,Cook Book,6,942.74,0.28,4651.11,1628.44,67.17,UPI,3,FALSE,Delivered,9
ORD-02701,3/16/2023,CUST61925,Rohan Rao,37,Other,West,Pune,Beauty,Hair Oil,3,2346.26,0.36,6011.01,2771.99,60.72,Credit Card,1,FALSE,Delivered,6
ORD-02700,3/15/2023,CUST26383,Vikram Mehta,18,Other,East,Guwahati,Sports,Dumbbells,5,5610.04,0.21,27238.57,4096.24,84.23,UPI,2,FALSE,Delivered,2
ORD-02699,3/15/2023,CUST30292,Aarav Bose,45,Other,North,Amritsar,Sports,Tennis Racket,2,7389.74,0.4,13163.06,2642.15,49.76,Debit Card,4,TRUE,Returned,6
ORD-02698,3/15/2023,CUST60455,Meera Kumar,40,Male,North,Ludhiana,Books,Biography,10,1452.95,0.01,18658.74,5761.15,57.81,Net Banking,3,FALSE,Delivered,2
ORD-02697,3/14/2023,CUST37138,Ritu Nair,42,Other,West,Pune,Electronics,Headphones,2,76935.79,0.01,171768.97,27234.01,63.96,Cash on Delivery,1,FALSE,Delivered,3
ORD-02696,3/14/2023,CUST64855,Sunita Shah,46,Other,West,Ahmedabad,Books,Comic Book,2,1077.11,0.3,1827.02,727.8,61.35,UPI,5,FALSE,Delivered,6
ORD-02695,3/14/2023,CUST36599,Kavya Bhat,43,Female,West,Ahmedabad,Beauty,Shampoo,9,415.58,0.35,3291.09,1457.49,93.37,Debit Card,4,FALSE,Pending,3
ORD-02694,3/14/2023,CUST76215,Ananya Reddy,49,Female,North,Chandigarh,Clothing,T-Shirt,9,3251.19,0.13,25267.42,8081.15,70.98,Debit Card,2,TRUE,Returned,9
ORD-02693,3/14/2023,CUST31367,Sunita Pillai,57,Female,East,Kolkata,Groceries,Sugar,3,451.94,0.07,1470.9,132.82,72.18,Debit Card,2,FALSE,Shipped,8
ORD-02692,3/13/2023,CUST16083,Aditya Singh,40,Female,East,Patna,Groceries,Dal (1kg),5,83.39,0.13,507.85,48.88,72.28,Cash on Delivery,5,FALSE,Delivered,8
ORD-02691,3/13/2023,CUST42275,Aditya Patel,21,Female,South,Chennai,Electronics,Smartwatch,2,76616.83,0.1,186369.89,20529.28,55.12,UPI,4,FALSE,Delivered,5
ORD-02689,3/13/2023,CUST30478,Shreya Kapoor,39,Female,West,Ahmedabad,Sports,Dumbbells,5,7209.98,0.1,44585.53,6266.72,101.5,Net Banking,3,FALSE,Delivered,8
ORD-02688,12/3/2023,CUST01507,Ritu Kapoor,30,Female,West,Mumbai,Books,Comic Book,1,1377.62,0.12,1266.17,565.49,53.93,Credit Card,4,FALSE,Shipped,3
ORD-02687,3/12/2023,CUST74163,Sunita Gupta,24,Female,Central,Bhopal,Clothing,Saree,3,1200.51,0.4,2711.94,952.86,10.03,Debit Card,3,FALSE,Delivered,5
ORD-02686,3/11/2023,CUST63976,Vikram Verma,42,Male,South,Hyderabad,Clothing,Jacket,8,570.18,0.04,5294.75,1738.46,56.28,Credit Card,2,FALSE,Delivered,4
ORD-02685,3/10/2023,CUST44671,Aditya Pillai,22,Female,North,Delhi,Clothing,Kurta,9,2747.04,0.29,21056.46,7428.62,39.99,Net Banking,3,FALSE,Cancelled,7
ORD-02684,3/10/2023,CUST32875,Kavya Patel,41,Male,South,Kochi,Beauty,Hair Oil,3,1290.21,0.12,3690.09,1777.76,64.97,Cash on Delivery,3,FALSE,Delivered,5
ORD-02683,3/9/2023,CUST18854,Pooja Nair,53,Female,Central,Bhopal,Books,Fiction Novel,7,291.53,0.08,2565.08,571.02,71.31,Credit Card,1,FALSE,Delivered,3
ORD-02682,3/8/2023,CUST50033,Ritu Joshi,51,Other,South,Bangalore,Clothing,Dress,8,3911.66,0.3,25920.44,11329.49,76.96,Debit Card,3,FALSE,Cancelled,3
ORD-02681,3/6/2023,CUST22232,Shreya Verma,43,Male,North,Ludhiana,Beauty,Shampoo,7,142.6,0.04,1268.77,481.8,55.31,Credit Card,2,FALSE,Pending,5
ORD-02680,3/6/2023,CUST75386,Rohan Mishra,14,Male,East,Guwahati,Electronics,Headphones,3,65257.11,0.2,196362.97,27495.56,51.41,UPI,1,TRUE,Returned,4
ORD-02679,3/6/2023,CUST93760,Nikhil Kapoor,48,Male,East,Patna,Groceries,Cooking Oil,8,412.18,0.37,2510.56,237.24,74.88,Debit Card,2,FALSE,Cancelled,3
ORD-02678,3/5/2023,CUST87936,Aarav Kapoor,46,Female,West,Pune,Sports,Yoga Mat,8,7037.46,0.21,66204.63,8522.63,63.69,UPI,4,FALSE,Delivered,2
ORD-02677,3/4/2023,CUST29585,Kavya Singh,28,Female,Central,Indore,Groceries,Tea,7,493.14,0.07,4089.53,366.06,60.87,Net Banking,3,FALSE,Shipped,2
ORD-02676,3/3/2023,CUST24131,Deepa Verma,27,Male,South,Bangalore,Books,Fiction Novel,1,948.68,0.05,1052.63,436.63,60.66,Net Banking,3,FALSE,Delivered,4
ORD-02675,3/2/2023,CUST02795,Karan Mehta,36,Other,South,Bangalore,Groceries,Cooking Oil,9,57.61,0.29,449.35,35.51,88.76,EMI,1,FALSE,Delivered,4
ORD-02674,3/2/2023,CUST43411,Ritu Shah,27,Male,North,Delhi,Beauty,Hair Oil,2,920.67,0.24,1821.82,918.21,61.3,Credit Card,4,FALSE,Delivered,3
ORD-02672,3/1/2023,CUST97216,Deepa Pillai,29,Female,East,Bhubaneswar,Electronics,Headphones,6,78301.55,0.24,446345.61,61437.6,87.28,EMI,4,FALSE,Delivered,7
ORD-02671,3/1/2023,CUST19942,Deepa Joshi,29,Other,West,Mumbai,Books,Cook Book,7,286.55,0.19,1865.14,943.5,60.27,Cash on Delivery,1,FALSE,Shipped,1
ORD-02670,2/28/2023,CUST97284,Priya Bose,39,Female,North,Ludhiana,Sports,Cricket Bat,3,12089.59,0.15,27702.22,5345.08,42.62,UPI,5,FALSE,Shipped,5
ORD-02668,2/28/2023,CUST00301,Shreya Mehta,19,Male,West,Mumbai,Books,Textbook,9,1227.77,0.09,10383.44,4289.27,74.78,Cash on Delivery,2,TRUE,Returned,1
ORD-02666,2/27/2023,CUST26826,Meera Patel,37,Female,East,Bhubaneswar,Beauty,Hair Oil,3,1235.94,0.23,3443.74,1621.5,77.11,EMI,2,FALSE,Delivered,2
ORD-02665,2/27/2023,CUST20671,Priya Mishra,10,Male,East,Guwahati,Books,Comic Book,1,497.24,0.07,536.5,255,86.11,Cash on Delivery,4,FALSE,Cancelled,8
ORD-02664,2/27/2023,CUST91653,Karan Kumar,42,Male,West,Pune,Electronics,Smartwatch,8,63840.88,0.29,376670.08,52527.72,64.65,UPI,4,FALSE,Delivered,8
ORD-02663,2/27/2023,CUST82371,Kavya Nair,49,Male,East,Patna,Groceries,Dal (1kg),4,230.58,0.17,768.3,50.26,81.52,UPI,1,FALSE,Delivered,1
ORD-02662,2/27/2023,CUST02913,Nisha Kumar,32,Female,East,Kolkata,Books,Fiction Novel,2,484.9,0.1,1040.24,423.7,69.41,Net Banking,1,FALSE,Delivered,10
ORD-02661,2/26/2023,CUST93326,Kavya Iyer,16,Male,East,Kolkata,Furniture,Desk,3,2447.22,0.39,4781.36,589.21,62.13,Cash on Delivery,2,TRUE,Returned,1
ORD-02660,2/26/2023,CUST97483,Vikram Singh,38,Female,North,Delhi,Furniture,Chair,1,23555.64,0.09,22617.77,5562.38,65.5,UPI,1,FALSE,Delivered,10
ORD-02659,2/26/2023,CUST24774,Aditya Mehta,16,Female,Central,Raipur,Furniture,Desk,8,30273.47,0.35,154408.51,36948.63,62.8,Debit Card,2,FALSE,Delivered,9
ORD-02658,2/25/2023,CUST50190,Aarav Mehta,29,Female,Central,Bhopal,Clothing,T-Shirt,4,2095.6,0.36,5514.66,1469.25,50.22,Net Banking,4,FALSE,Delivered,6
ORD-02657,2/24/2023,CUST66904,Kavya Chatterjee,41,Other,East,Kolkata,Groceries,Cooking Oil,5,97.04,0.07,446.89,48.71,82.24,Net Banking,1,FALSE,delivered,3
ORD-02656,2/24/2023,CUST34846,Vikram Singh,46,Female,North,Chandigarh,Furniture,Bookshelf,8,24561.25,0.33,140193.36,31348.77,47.2,Credit Card,2,FALSE,Delivered,1
ORD-02655,2/24/2023,CUST25325,Amit Joshi,34,Male,Central,Nagpur,Books,Fiction Novel,10,890.58,0.05,9308.37,3442.31,77.84,UPI,1,FALSE,Delivered,4
ORD-02654,2/23/2023,CUST39288,Shreya Reddy,25,Other,East,Bhubaneswar,Beauty,Shampoo,5,259.07,0.02,1306.86,672.76,91.02,UPI,5,FALSE,Delivered,9
ORD-02653,2/22/2023,CUST19008,Karan Singh,46,Female,Central,Bhopal,Books,Cook Book,6,821.9,0.11,4718.43,1271.26,24.77,Debit Card,4,FALSE,Delivered,5
ORD-02652,2/21/2023,CUST68660,Nisha Kumar,33,Other,North,Chandigarh,Electronics,Headphones,1,23168.24,0.12,22315.35,1911.92,65.2,Credit Card,2,FALSE,Cancelled,2
ORD-02651,2/21/2023,CUST11133,Nisha Shah,38,Female,Central,Bhopal,Furniture,Desk,9,14262.49,0.23,118898.21,41278.73,79.5,Cash on Delivery,1,TRUE,Returned,10
ORD-02650,2/21/2023,CUST24055,Ananya Mehta,47,Female,East,Bhubaneswar,Clothing,Saree,6,3972.74,0.19,21803.58,9997.37,46.75,Debit Card,2,FALSE,Delivered,1
ORD-02649,2/19/2023,CUST25132,Aditya Nair,36,Male,North,Chandigarh,Furniture,Bookshelf,6,3886.28,0.02,22799.71,4659.41,44.59,Cash on Delivery,1,FALSE,Delivered,6
ORD-02648,2/18/2023,CUST20141,Nikhil Reddy,31,Female,East,Patna,Books,Self-Help Book,10,431.41,0.34,2656.58,1442.99,89.87,Credit Card,4,FALSE,Delivered,10
ORD-02647,2/18/2023,CUST98321,Ananya Shah,30,Male,North,Delhi,Books,Cook Book,4,1488.05,0.16,5878.72,1895.88,33.95,Debit Card,3,TRUE,Returned,9
ORD-02645,2/17/2023,CUST11538,Sunita Nair,46,Other,West,Pune,Clothing,Jacket,6,2371.79,0.11,13350.85,4678.25,45.39,Cash on Delivery,4,FALSE,Delivered,6
ORD-02644,2/17/2023,CUST02050,Deepa Pillai,23,Male,North,Amritsar,Beauty,Sunscreen,4,800.18,0.19,2969.81,1136.84,57.24,Net Banking,5,FALSE,Pending,10
ORD-02643,2/17/2023,CUST02524,Amit Patel,50,Male,West,Pune,Sports,Cricket Bat,6,9703.74,0.16,52648.79,8966.19,50.19,EMI,1,FALSE,Delivered,7
ORD-02642,2/17/2023,CUST28950,Ritu Iyer,48,Male,East,Guwahati,Clothing,Jeans,9,3701.68,0.25,25508.14,10141.91,66.89,Credit Card,5,FALSE,Delivered,2
ORD-02641,17/02/2023,CUST93173,Rahul Shah,30,Female,West,Surat,Clothing,Kurta,8,3934.14,0.01,31003.27,9818.15,59.66,Credit Card,1,FALSE,Delivered,5
ORD-02640,2/16/2023,CUST79657,Vikram Nair,8,Male,South,Chennai,Clothing,Jeans,10,1075.33,0.06,10581.42,3323.08,58.54,EMI,2,FALSE,Delivered,1
ORD-02639,2/16/2023,CUST43114,Deepa Sharma,37,Male,South,Kochi,Furniture,Bookshelf,5,26873.8,0.3,107825.45,33382.41,80.54,Net Banking,2,FALSE,Cancelled,9
ORD-02638,16/02/2023,CUST24560,Ritu Pillai,34,Male,West,Mumbai,Furniture,Bookshelf,4,17789.72,0.07,69297.43,19802.24,80.3,EMI,3,FALSE,Delivered,5
ORD-02637,2/16/2023,CUST01385,Nikhil Sharma,35,Male,South,Bangalore,Books,Textbook,6,893.91,0.15,5253.1,1937.64,87.48,Debit Card,4,FALSE,Shipped,4
ORD-02636,2/15/2023,CUST87391,Meera Das,26,Other,North,Ludhiana,Beauty,Hair Oil,3,1142.82,0.23,2958.07,1291.21,53.34,Cash on Delivery,5,TRUE,Returned,9
ORD-02634,2/15/2023,CUST87463,Aditya Kapoor,18,Female,South,Kochi,Clothing,Kurta,9,630.67,0.34,4097.13,1593.87,69.77,EMI,3,FALSE,Delivered,6
ORD-02631,2/15/2023,CUST32596,Rahul Iyer,27,Female,West,Surat,Clothing,Dress,7,668.17,0.09,4502.68,1133.27,38.59,UPI,5,FALSE,Delivered,8
ORD-02630,2/14/2023,CUST21078,Meera Kapoor,33,Female,North,Ludhiana,Electronics,Laptop,9,41854.41,0.33,247342.73,30449.06,42.16,Debit Card,2,FALSE,Delivered,8
ORD-02629,2/14/2023,CUST23638,Shreya Shah,57,Male,Central,Nagpur,Beauty,Shampoo,9,1014.1,0.17,7782.1,2587.13,50.45,Credit Card,1,FALSE,Delivered,10
ORD-02628,2/14/2023,CUST48700,Meera Bose,30,Male,Central,Nagpur,Electronics,Smartwatch,9,65519.43,0.23,483891.6,51648.1,68.64,Credit Card,1,TRUE,Returned,9
ORD-02627,2/14/2023,CUST23490,Meera Reddy,29,Male,North,Delhi,Sports,Dumbbells,5,11924.73,0.29,39073.02,7762.52,63.8,UPI,2,FALSE,delivered,9
ORD-02626,2/14/2023,CUST69406,Sunita Iyer,47,Other,North,Chandigarh,Electronics,Smartwatch,10,19057.82,0.26,148714.97,19803.29,66.52,Net Banking,1,TRUE,Returned,10
ORD-02625,2/13/2023,CUST78576,Arjun Chatterjee,34,Female,North,Amritsar,Electronics,Smartwatch,8,78209.24,0.1,571749.49,85521.04,51.05,Cash on Delivery,1,FALSE,Shipped,1
ORD-02624,2/12/2023,CUST85938,Aarav Reddy,28,Female,East,Guwahati,Electronics,Headphones,1,34782.2,0.31,23810.12,2943.23,73.54,UPI,5,FALSE,Delivered,4
ORD-02623,2/12/2023,CUST26102,Vikram Rao,24,Female,West,Surat,Groceries,Rice (5kg),9,278.27,0.36,1742.13,147.02,66.79,UPI,4,TRUE,Returned,3
ORD-02621,2/10/2023,CUST65834,Shreya Bose,39,Female,West,Pune,Beauty,Shampoo,5,1976.24,0.28,7356.77,2566.15,88.96,Net Banking,4,FALSE,shipped,9
ORD-02620,2/10/2023,CUST23456,Sunita Mishra,50,Male,South,Bangalore,Beauty,Perfume,6,1758.55,0.29,8300.79,4314.02,64.46,Net Banking,4,FALSE,Delivered,1
ORD-02619,2/10/2023,CUST88761,Meera Kumar,50,Female,Central,Raipur,Clothing,T-Shirt,6,1362.12,0.04,7638.08,3612.77,61.28,Credit Card,4,FALSE,Delivered,8
ORD-02617,2/10/2023,CUST17877,Priya Iyer,44,Male,North,Chandigarh,Groceries,Dal (1kg),8,364.69,0.13,2876.59,173.21,36.26,Cash on Delivery,5,FALSE,Delivered,5
ORD-02615,2/10/2023,CUST36242,Shreya Iyer,38,Female,North,Chandigarh,Clothing,Jeans,9,924.21,0.25,6848.48,2169.66,33.88,Debit Card,4,FALSE,Delivered,6
ORD-02614,2/9/2023,CUST00081,Karan Kumar,49,Female,West,Pune,Beauty,Hair Oil,1,1738.61,0.33,1259.18,545.39,66.25,Cash on Delivery,5,FALSE,Delivered,10
ORD-02613,2/9/2023,CUST69520,Vikram Pillai,18,Male,North,Delhi,Sports,Yoga Mat,1,12495.08,0.27,9249.06,1686.4,55.06,Credit Card,5,FALSE,Delivered,9
ORD-02611,2/7/2023,CUST82751,Vikram Verma,24,Female,North,Ludhiana,Books,Comic Book,9,1219.11,0.09,11967.15,4663.69,73.88,Debit Card,1,FALSE,Delivered,9
ORD-02610,2/6/2023,CUST96115,Sanjay Rao,39,Male,South,Kochi,Books,Self-Help Book,10,947.87,0.24,7234.13,3527.5,84.4,Credit Card,4,FALSE,Delivered,4
ORD-02608,2/6/2023,CUST97191,Rahul Kapoor,27,Male,South,Chennai,Clothing,Saree,7,3168.59,0.27,16375.14,4441.73,88.78,UPI,3,FALSE,Delivered,9
ORD-02607,2/6/2023,CUST31900,Amit Rao,39,Other,South,Bangalore,Sports,Yoga Mat,8,5590.43,0.19,37398.22,4824.74,69.42,Credit Card,4,FALSE,Delivered,2
ORD-02606,2/5/2023,CUST20519,Aarav Rao,48,Other,South,Kochi,Clothing,T-Shirt,9,1032.03,0.33,6175.76,1554.99,79.74,UPI,4,TRUE,Returned,7
ORD-02605,2/5/2023,CUST70348,Sanjay Chatterjee,33,Other,East,Guwahati,Groceries,Dal (1kg),2,458.79,0.24,719.16,59.83,86.04,EMI,3,FALSE,Cancelled,6
ORD-02603,2/4/2023,CUST47968,Vikram Pillai,27,Female,North,Amritsar,Beauty,Shampoo,5,1931.12,0.02,10949.84,3362.6,79.88,Net Banking,1,FALSE,Delivered,9
ORD-02602,2/4/2023,CUST51085,Deepa Reddy,30,Male,South,Chennai,Sports,Cycle,8,11980.53,0.03,84384.27,25026.93,61.24,Credit Card,2,FALSE,Delivered,3
ORD-02600,2/3/2023,CUST31208,Nikhil Gupta,40,Female,South,Chennai,Books,Self-Help Book,1,355.01,0.23,284.02,130.5,51.82,EMI,1,FALSE,Delivered,7
ORD-02599,2/3/2023,CUST92468,Sunita Nair,39,Female,East,Kolkata,Furniture,Desk,7,12553.02,0.22,71332.69,19645.47,85.94,EMI,3,FALSE,Delivered,1
ORD-02598,2/3/2023,CUST07029,Sanjay Kumar,45,Other,North,Chandigarh,Clothing,Kurta,8,772.69,0.15,5307.05,1907.75,77.11,Cash on Delivery,4,FALSE,Shipped,1
ORD-02597,2/3/2023,CUST48131,Arjun Kumar,34,Other,Central,Nagpur,Clothing,Dress,5,3467.44,0.22,15431.87,4362.76,70.28,Credit Card,1,FALSE,Delivered,1
ORD-02596,2/1/2023,CUST81623,Nikhil Mehta,23,Other,Central,Raipur,Books,Fiction Novel,4,246.31,0.32,670.92,214.73,54.41,UPI,3,FALSE,Delivered,9
ORD-02595,2/1/2023,CUST96722,Pooja Iyer,47,Other,West,Mumbai,Furniture,Sofa,4,23419.55,0.31,74390.92,24893.16,60.16,Cash on Delivery,3,FALSE,Shipped,10
ORD-02594,2/1/2023,CUST20482,Karan Das,35,Female,Central,Nagpur,Sports,Cricket Bat,10,856.51,0.39,5930.43,1385.75,57.74,Net Banking,3,FALSE,Delivered,4
ORD-02593,2/1/2023,CUST54751,Vikram Sharma,40,Male,Central,Raipur,Beauty,Shampoo,3,2052.63,0.2,5621.99,2360.34,38.92,Cash on Delivery,5,FALSE,Delivered,8
ORD-02591,1/31/2023,CUST31554,Aditya Kumar,28,Female,West,Surat,Electronics,Camera,7,67056.12,0.16,386566.32,40666.72,42.69,UPI,2,FALSE,Pending,7
ORD-02590,1/31/2023,CUST47612,Kavya Gupta,25,Other,South,Bangalore,Groceries,Rice (5kg),8,100.16,0.37,487.77,30.28,43.77,Credit Card,3,FALSE,Delivered,8
ORD-02588,30/01/2023,CUST71632,Karan Sharma,13,Male,West,Surat,Sports,Dumbbells,4,6304.42,0.31,15164.38,3544.74,95.26,Credit Card,5,FALSE,Delivered,6
ORD-02587,1/30/2023,CUST42705,Rahul Das,39,Other,East,Guwahati,Groceries,Sugar,6,253.83,0.19,1077.34,92.56,70.48,UPI,2,FALSE,Shipped,1
ORD-02586,1/29/2023,CUST42525,Kavya Patel,25,Female,West,Ahmedabad,Beauty,Shampoo,0,633.38,0.04,637.16,306.98,63.48,EMI,4,FALSE,Delivered,7
ORD-02585,1/29/2023,CUST32210,Meera Das,33,Male,South,Bangalore,Groceries,Cooking Oil,3,443.89,0.01,1152.72,75.7,66.88,Cash on Delivery,4,FALSE,Delivered,9
ORD-02583,1/28/2023,CUST12302,Ananya Bose,36,Other,East,Bhubaneswar,Clothing,Kurta,2,3753.91,0.2,5209.29,1157.2,78.02,UPI,5,FALSE,Delivered,4
ORD-02582,1/27/2023,CUST82185,Ananya Shah,5,Male,North,Ludhiana,Groceries,Dal (1kg),7,339.27,0.26,1329.9,86.12,73.68,Credit Card,1,FALSE,Delivered,4
ORD-02581,1/27/2023,CUST31891,Nikhil Kumar,55,Female,West,Mumbai,Books,Comic Book,10,262.24,0.25,1767.24,706.13,81.67,EMI,3,FALSE,Delivered,5
ORD-02580,1/27/2023,CUST20280,Priya Patel,46,Other,West,Surat,Beauty,Hair Oil,4,1660.82,0.21,5505.54,2444.92,41.4,Debit Card,3,FALSE,Delivered,7
ORD-02576,1/27/2023,CUST12074,Shreya Kapoor,38,Other,East,Patna,Clothing,Jacket,1,3316.89,0.02,2808.53,1124.49,73.41,UPI,5,FALSE,Cancelled,10
ORD-02575,1/27/2023,CUST52736,Deepa Nair,30,Male,East,Guwahati,Sports,Yoga Mat,3,5115.87,0.03,15447.04,2902.6,93.03,Net Banking,1,FALSE,Delivered,6
ORD-02573,1/25/2023,CUST56165,Nikhil Patel,42,Other,East,Patna,Electronics,Tablet,6,59741.71,0.16,274146.04,37793.71,70.42,Net Banking,5,FALSE,Delivered,10
ORD-02572,1/25/2023,CUST19082,Sanjay Joshi,38,Other,West,Pune,Clothing,Jeans,8,3747.11,0.15,25653.59,8023.16,35.73,Net Banking,5,FALSE,Cancelled,1
ORD-02571,1/25/2023,CUST27786,Nikhil Shah,27,Male,Central,Nagpur,Groceries,Tea,2,419.88,0.03,701.1,57.86,49.02,Cash on Delivery,2,FALSE,Shipped,7
ORD-02570,1/24/2023,CUST14169,Deepa Gupta,33,Male,Central,Indore,Books,Cook Book,6,1149.86,0.21,5203.29,2215.79,26.1,Debit Card,4,TRUE,Returned,8
ORD-02569,23/01/2023,CUST55735,Vikram Gupta,21,Male,South,Kochi,Books,Fiction Novel,5,238.01,0.34,658.25,358.98,83.77,UPI,3,FALSE,Delivered,9
ORD-02567,1/17/2023,CUST46311,Nisha Shah,21,Female,North,Delhi,Groceries,Tea,1,235.69,0.27,145.65,13.54,59.77,EMI,5,FALSE,Delivered,3
ORD-02565,1/17/2023,CUST71120,Ritu Nair,35,Male,North,Amritsar,Furniture,Sofa,3,31242.32,0.01,92924.36,27403.47,52.73,Debit Card,3,TRUE,Returned,4
ORD-02564,16/01/2023,CUST30884,Priya Singh,34,Other,East,Patna,Clothing,Dress,1,3320.34,0.13,2592.3,1110.93,91.86,Credit Card,4,FALSE,Delivered,6
ORD-02563,1/16/2023,CUST04574,Sunita Shah,11,Female,South,Chennai,Sports,Football,5,4093.28,0.23,14415.44,2444.13,77.13,Debit Card,2,FALSE,Cancelled,7
ORD-02562,1/15/2023,CUST95323,Amit Reddy,62,Male,South,Chennai,Books,Textbook,4,1045.52,0.19,3378.55,1234.47,69.47,Cash on Delivery,4,FALSE,Delivered,3
ORD-02561,1/14/2023,CUST34744,Meera Joshi,38,Male,North,Ludhiana,Electronics,Tablet,6,8947.94,0.18,39941.04,4114.43,67.17,Net Banking,4,FALSE,Cancelled,10
ORD-02560,1/14/2023,CUST90788,Kavya Kapoor,999,Female,South,Kochi,Electronics,Tablet,999,18619.45,0,17360314.17,2445648.43,82.19,EMI,1,FALSE,Delivered,5
ORD-02559,1/14/2023,CUST02955,Aarav Sharma,46,Female,East,Patna,Beauty,Hair Oil,1,1511.99,0.39,914.13,402.56,88.69,UPI,1,FALSE,Cancelled,7
ORD-02557,1/14/2023,CUST61978,Amit Chatterjee,13,Female,South,Kochi,Clothing,T-Shirt,4,1975.84,0.38,3561.8,1285.63,69.35,Cash on Delivery,2,FALSE,Delivered,7
ORD-02556,1/13/2023,CUST44541,Priya Iyer,45,Other,South,Chennai,Clothing,T-Shirt,7,3456.76,0.34,15504.08,3634.35,86.38,Credit Card,1,FALSE,Delivered,3
ORD-02555,1/13/2023,CUST46238,Nisha Singh,13,Other,South,Chennai,Groceries,Cooking Oil,6,429.91,0.36,1429.71,163.29,71.98,Cash on Delivery,3,FALSE,Delivered,3
ORD-02554,1/12/2023,CUST72987,Sanjay Verma,32,Male,North,Ludhiana,Beauty,Lipstick,5,1481.3,0.31,4531.15,1360.74,44.59,Cash on Delivery,2,FALSE,Pending,2
ORD-02553,1/12/2023,CUST10304,Pooja Reddy,53,Female,North,Amritsar,Groceries,Tea,1,114.17,0.1,90.79,8.1,44.85,EMI,4,FALSE,Delivered,9
ORD-02552,1/12/2023,CUST30853,Ritu Singh,40,Female,North,Delhi,Beauty,Lipstick,10,544.06,0.02,4863.92,2369.17,69.04,Cash on Delivery,3,FALSE,Shipped,6
ORD-02551,1/12/2023,CUST18241,Nisha Kapoor,54,Female,Central,Bhopal,Sports,Yoga Mat,8,7866.66,0.28,36459.41,9536.21,48.3,Net Banking,4,FALSE,Cancelled,2
ORD-02549,1/12/2023,CUST27551,Deepa Chatterjee,48,Female,South,Bangalore,Sports,Cycle,4,13669.75,0.17,43819.54,8792.51,72.71,Net Banking,3,TRUE,Returned,10
ORD-02548,1/12/2023,CUST41169,Aditya Iyer,46,Male,East,Guwahati,Furniture,Sofa,10,14207.99,0.06,135263.66,39842.93,65.88,Cash on Delivery,4,FALSE,Delivered,3
ORD-02547,1/12/2023,CUST35370,Meera Iyer,13,Male,South,Hyderabad,Furniture,Desk,10,4609.6,0.39,22527.45,6267.09,72.79,Cash on Delivery,3,TRUE,Returned,4
ORD-02546,1/12/2023,CUST96368,Kavya Gupta,29,Female,Central,Raipur,Groceries,Rice (5kg),1,243.91,0.3,164.22,16.45,53.75,Cash on Delivery,5,FALSE,Shipped,3
ORD-02545,1/10/2023,CUST44757,Aditya Kumar,27,Male,South,Kochi,Books,Biography,5,1209.77,0.22,4481.56,1760.45,48.73,Debit Card,1,FALSE,Delivered,10
ORD-02543,1/9/2023,CUST35512,Rohan Joshi,44,Other,Central,Indore,Sports,Dumbbells,6,14871.36,0.23,56010.61,9090.55,74.65,Cash on Delivery,2,FALSE,Delivered,8
ORD-02542,1/9/2023,CUST20603,Aditya Patel,47,Other,North,Delhi,Furniture,Desk,4,16407.34,0.13,51661.63,18819.99,55.63,Cash on Delivery,3,FALSE,Delivered,7
ORD-02541,1/9/2023,CUST26316,Ananya Gupta,24,Other,South,Chennai,Books,Textbook,2,1431.03,0.24,1789.46,945.9,64.39,Debit Card,2,FALSE,Pending,1
ORD-02540,1/8/2023,CUST48928,Aditya Shah,14,Female,North,Amritsar,Books,Textbook,5,1137.99,0.18,3823.42,1103.46,47.49,Credit Card,3,FALSE,Delivered,6
ORD-02539,1/7/2023,CUST20162,Deepa Nair,32,Female,South,Bangalore,Groceries,Sugar,9,314.07,0.33,1512.76,125.71,61.79,UPI,1,FALSE,Delivered,2
ORD-02537,1/6/2023,CUST57903,Aditya Shah,22,Female,North,Delhi,Groceries,Flour,6,303.67,0.05,1631.61,129.1,66.2,Net Banking,1,FALSE,Pending,7
ORD-02536,1/6/2023,CUST18948,Amit Shah,51,Male,West,Surat,Beauty,Perfume,3,1967.85,0.31,3268.13,1309.35,55,Cash on Delivery,3,FALSE,Delivered,2
ORD-02535,1/5/2023,CUST40704,Karan Singh,36,Female,North,Delhi,Furniture,Wardrobe,1,10813.51,0.12,8770.86,1573.05,58.09,UPI,1,TRUE,Returned,1
ORD-02534,1/4/2023,CUST25928,Karan Sharma,36,Male,Central,Nagpur,Sports,Dumbbells,8,6382.18,0.37,26872.75,3931.39,52.42,UPI,1,TRUE,Returned,8
ORD-02533,1/4/2023,CUST12043,Vikram Patel,35,Female,West,Mumbai,Beauty,Lipstick,6,2135.86,0.17,10370.78,5319.35,62.28,UPI,2,FALSE,Delivered,8
ORD-02531,1/3/2023,CUST65173,Sunita Reddy,24,Male,North,Ludhiana,Beauty,Face Cream,9,2041.21,0.22,13435.71,8442.25,45.75,Net Banking,3,FALSE,Cancelled,1
ORD-02529,1/3/2023,CUST61216,Nikhil Joshi,34,Male,West,Pune,Furniture,Bed Frame,2,9783.06,0.12,15984.43,3578.22,43.71,Cash on Delivery,2,TRUE,Returned,5
ORD-02528,1/2/2023,CUST85727,Nisha Pillai,38,Female,South,Bangalore,Clothing,Jacket,9,2765.83,0.09,21588.14,7174.59,83.41,Cash on Delivery,5,FALSE,Cancelled,4
ORD-02527,1/2/2023,CUST06675,Deepa Nair,20,Female,North,Amritsar,Books,Textbook,7,1431.35,0.2,8558.35,3547.79,60.84,UPI,1,TRUE,Returned,2
ORD-02526,1/1/2023,CUST11998,Rahul Singh,27,Male,South,Hyderabad,Beauty,Shampoo,3,2229.56,0.04,6482.2,3230.67,58.93,Credit Card,4,FALSE,Shipped,3
ORD-02525,1/1/2023,CUST46864,Aditya Patel,26,Female,Central,Raipur,Clothing,Jeans,8,2369.91,0.35,12912.46,4497.08,59.82,Debit Card,1,FALSE,Delivered,10
ORD-02523,12/31/2022,CUST28943,Nisha Sharma,26,Female,West,Pune,Books,Fiction Novel,6,1055.08,0.36,2966.43,1190.94,62.47,Debit Card,3,FALSE,Delivered,4
ORD-02522,12/31/2022,CUST79852,Nisha Kapoor,26,Male,West,Pune,Books,Textbook,3,1379.58,0.06,3040.53,976.28,64.67,Net Banking,4,FALSE,Shipped,4
ORD-02521,12/31/2022,CUST93392,Deepa Bhat,26,Male,West,Mumbai,Groceries,Dal (1kg),9,337.76,0.24,1704.17,132.99,68.46,UPI,3,TRUE,Returned,5
ORD-02520,12/29/2022,CUST01597,Sanjay Patel,30,Male,East,Bhubaneswar,Sports,Cricket Bat,2,11228.63,0.34,11870.38,2694.57,54.4,Credit Card,5,FALSE,Delivered,2
ORD-02519,12/29/2022,CUST63560,Aditya Reddy,61,Female,South,Kochi,Groceries,Tea,10,477.67,0.38,2743.7,241.54,64.26,Debit Card,3,FALSE,Delivered,2
ORD-02516,12/28/2022,CUST04115,Pooja Mehta,28,Female,East,Patna,Furniture,Wardrobe,6,6993.08,0.36,20187.04,5220.66,87.7,Cash on Delivery,1,FALSE,Delivered,5
ORD-02515,12/28/2022,CUST66205,Ritu Verma,30,Male,West,Pune,Books,Biography,5,1103.75,0.25,3579.91,1891.54,60.86,Cash on Delivery,3,FALSE,Cancelled,1
ORD-02514,12/28/2022,CUST29286,Vikram Mehta,29,Male,Central,Nagpur,Beauty,Hair Oil,3,923.8,0.21,1516.74,651.79,46.67,Debit Card,5,FALSE,Delivered,2
ORD-02513,12/27/2022,CUST10153,Vikram Pillai,49,Other,West,Ahmedabad,Groceries,Flour,1,111.85,0.03,85.28,7.87,62.85,EMI,1,FALSE,Delivered,3
ORD-02512,12/26/2022,CUST90307,Nisha Mehta,33,Female,North,Delhi,Clothing,Jacket,4,1099.84,0.38,2509.02,890.82,49.1,Debit Card,1,FALSE,Cancelled,8
ORD-02511,12/25/2022,CUST68061,Sunita Chatterjee,-5,Male,South,Hyderabad,Groceries,Rice (5kg),7,89.81,0.34,325.22,31.2,64.12,EMI,3,FALSE,Delivered,5
ORD-02510,12/25/2022,CUST29676,Arjun Rao,43,Other,South,Hyderabad,Beauty,Shampoo,4,1024.2,0.28,2046.31,485.53,57.96,Net Banking,2,FALSE,Delivered,9
ORD-02508,12/24/2022,CUST55151,Ananya Reddy,27,Male,East,Kolkata,Furniture,Wardrobe,1,21949.11,0.11,16420.47,5291.08,87.46,EMI,1,FALSE,Delivered,2
ORD-02507,12/24/2022,CUST89268,Amit Sharma,36,Other,Central,Indore,Sports,Dumbbells,9,5484.95,0.09,32970.07,5646.17,31.22,Debit Card,3,FALSE,Delivered,9
ORD-02506,12/24/2022,CUST74062,Shreya Patel,27,Male,South,Kochi,Sports,Football,4,10900.56,0.12,31965.58,6315.42,80.65,UPI,4,FALSE,Delivered,4
ORD-02505,12/23/2022,CUST69354,Kavya Nair,38,Female,Central,Indore,Groceries,Dal (1kg),10,358.19,0.01,2982.6,268.81,72.77,EMI,2,FALSE,Cancelled,1
ORD-02504,12/22/2022,CUST98767,Aarav Sharma,53,Other,East,Kolkata,Electronics,Headphones,8,77398.42,0.26,353697.54,33920.05,94.39,Net Banking,3,FALSE,Cancelled,10
ORD-02502,12/22/2022,CUST57769,Kavya Shah,21,Female,North,Amritsar,Electronics,Tablet,5,48591.01,0.14,155853.93,14342.24,67.81,Debit Card,5,FALSE,Delivered,2
ORD-02501,12/22/2022,CUST59835,Aarav Kapoor,44,Other,South,Chennai,Sports,Dumbbells,6,5749.74,0.24,22681.23,4291.65,91.35,Credit Card,1,TRUE,Returned,10
ORD-02500,12/21/2022,CUST39273,Aarav Bose,35,Other,North,Chandigarh,Groceries,Dal (1kg),2,87.85,0.19,103.31,6.42,63.89,Debit Card,1,FALSE,Delivered,10
ORD-02499,12/21/2022,CUST68941,Vikram Pillai,38,Female,South,Hyderabad,Electronics,Headphones,10,22540.09,0.08,196931.1,22056.79,77.63,Cash on Delivery,4,FALSE,Delivered,6
ORD-02498,12/19/2022,CUST64162,Arjun Rao,9,Other,South,Hyderabad,Groceries,Sugar,4,479.32,0.06,1760.95,83.73,74.49,Credit Card,4,TRUE,Returned,3
ORD-02497,12/19/2022,CUST57740,Sunita Verma,19,Male,East,Kolkata,Furniture,Bookshelf,5,29767.34,0.16,92126.76,24089.4,72.23,Cash on Delivery,3,FALSE,Cancelled,6
ORD-02496,12/19/2022,CUST46384,Pooja Pillai,27,Male,North,Chandigarh,Electronics,Tablet,9,35439.71,0.1,264067.45,27911.46,45.64,Net Banking,5,FALSE,Shipped,6
ORD-02495,12/18/2022,CUST29148,Amit Kumar,22,Female,South,Bangalore,Groceries,Sugar,7,56.3,0.16,219.23,17.73,83.47,Net Banking,4,TRUE,Returned,6
ORD-02494,12/18/2022,CUST57358,Sanjay Pillai,11,Male,Central,Bhopal,Electronics,Smartphone,5,75416.45,0.26,239407.24,34252.66,50.75,Credit Card,3,FALSE,Delivered,5
ORD-02493,12/18/2022,CUST53174,Priya Bose,33,Male,East,Patna,Groceries,Dal (1kg),8,117.88,0.37,478.16,41.29,88.62,Net Banking,1,TRUE,Returned,3
ORD-02492,12/17/2022,CUST41637,Nisha Mishra,20,Other,East,Bhubaneswar,Furniture,Chair,10,22462.93,0.21,157408.35,23243.23,133.35,UPI,5,FALSE,Delivered,4
ORD-02491,12/17/2022,CUST60962,Ritu Joshi,16,Male,Central,Indore,Beauty,Hair Oil,2,1398.45,0.29,1359,537.38,44.47,Net Banking,4,FALSE,Shipped,9
ORD-02489,12/16/2022,CUST09533,Nikhil Verma,46,Other,Central,Bhopal,Sports,Football,8,2230.31,0.23,11449.66,2516.27,57.84,UPI,2,FALSE,Pending,5
ORD-02488,12/16/2022,CUST92446,Arjun Pillai,38,Female,Central,Nagpur,Clothing,Saree,7,3070.57,0.11,15759.57,5224.39,34.38,Credit Card,1,FALSE,Delivered,2
ORD-02487,12/15/2022,CUST10552,Ritu Mehta,58,Female,North,Chandigarh,Beauty,Sunscreen,2,197.14,0.08,304.99,162.97,48.37,EMI,4,TRUE,Returned,8
ORD-02486,12/15/2022,CUST08668,Ritu Reddy,27,Female,South,Bangalore,Electronics,Headphones,10,27390.35,0.14,206094.85,28830.39,84.68,UPI,3,TRUE,Returned,10
ORD-02485,12/14/2022,CUST69585,Sunita Joshi,12,Male,West,Ahmedabad,Books,Cook Book,9,1471.74,0.05,10167.9,5411.76,50.89,Cash on Delivery,4,FALSE,Delivered,7
ORD-02484,12/13/2022,CUST16309,Rohan Verma,20,Other,Central,Raipur,Clothing,Saree,4,630.74,0.04,1712.76,616.52,29.52,Debit Card,2,FALSE,Delivered,9
ORD-02481,12/12/2022,CUST18007,Arjun Patel,30,Other,West,Mumbai,Groceries,Tea,10,93.18,0.11,717.1,61.36,39.09,Net Banking,1,FALSE,Delivered,8
ORD-02480,12/12/2022,CUST00142,Arjun Sharma,24,Female,South,Kochi,Groceries,Sugar,5,256.82,0.05,1034.27,102.49,85.67,UPI,5,FALSE,Pending,6
ORD-02479,12/12/2022,CUST81623,Karan Rao,7,Male,North,Delhi,Sports,Football,6,14056.09,0.09,61982.41,14331.53,49.31,UPI,1,FALSE,Delivered,7
ORD-02478,12/12/2022,CUST02396,Karan Sharma,32,Male,South,Hyderabad,Electronics,Tablet,3,58643.55,0.18,104290.62,10501.29,67.56,Credit Card,3,FALSE,Cancelled,2
ORD-02477,12/12/2022,CUST10191,Shreya Mishra,25,Male,South,Hyderabad,Electronics,Camera,7,78827.09,0.17,329759.69,33092.48,81.42,Credit Card,2,FALSE,Delivered,7
ORD-02476,12/10/2022,CUST15322,Rohan Mishra,42,Other,West,Mumbai,Groceries,Cooking Oil,2,228.14,0.19,317.31,21.59,38.62,UPI,5,FALSE,Delivered,1
ORD-02475,12/10/2022,CUST99227,Priya Rao,54,Other,North,Ludhiana,Groceries,Cooking Oil,3,448.85,0.02,1000.55,81.62,54.31,Credit Card,2,FALSE,Cancelled,2
ORD-02472,12/8/2022,CUST85179,Shreya Iyer,40,Male,Central,Indore,Clothing,Kurta,8,3539.5,0.23,17882.7,6353.82,60.26,Net Banking,4,FALSE,Cancelled,9
ORD-02471,12/7/2022,CUST13297,Nikhil Gupta,35,Other,Central,Indore,Groceries,Sugar,1,211.63,0.34,100.19,8.8,38.35,Net Banking,3,FALSE,Delivered,6
ORD-02470,12/6/2022,CUST80242,Kavya Chatterjee,42,Female,South,Kochi,Beauty,Shampoo,10,412.53,0.16,2915.31,1264.21,48.52,UPI,3,FALSE,Delivered,10
ORD-02468,12/6/2022,CUST62783,Priya Mishra,35,Male,South,Bangalore,Clothing,T-Shirt,10,1323.89,0.17,7846.07,2864.34,73.19,Credit Card,3,FALSE,Delivered,6
ORD-02467,12/6/2022,CUST34028,Vikram Rao,14,Female,East,Guwahati,Electronics,Smartphone,1,7708.68,0.26,4938.48,534.97,101.65,EMI,2,FALSE,Shipped,6
ORD-02465,12/5/2022,CUST74998,Kavya Bhat,25,Female,North,Delhi,Clothing,Kurta,1,336.77,0.25,197.49,67.26,67.65,UPI,5,FALSE,Delivered,0
ORD-02464,12/5/2022,CUST86293,Rahul Kapoor,28,Male,South,Kochi,Furniture,Bed Frame,1,21880.63,0.13,15482.78,4167.88,65.81,Debit Card,5,FALSE,Delivered,7
ORD-02461,12/3/2022,CUST40699,Aarav Iyer,39,Female,North,Delhi,Furniture,Wardrobe,10,8976.94,0.1,59488.18,14335.73,53.25,UPI,5,FALSE,Delivered,3
ORD-02460,12/3/2022,CUST99353,Kavya Patel,53,Other,South,Kochi,Furniture,Sofa,8,18080.06,0.05,115257.52,35354.74,73.79,Credit Card,4,FALSE,Pending,8
ORD-02459,12/2/2022,CUST97641,Ananya Reddy,33,Male,South,Hyderabad,Clothing,T-Shirt,4,1231.26,0.07,3543.81,1397.23,42.37,Debit Card,3,FALSE,Delivered,9
ORD-02458,12/1/2022,CUST84016,Meera Verma,12,Male,East,Patna,Books,Self-Help Book,5,374.99,0.2,1324.11,579.51,83.9,Cash on Delivery,3,FALSE,Delivered,8
ORD-02457,12/1/2022,CUST32217,Rohan Reddy,24,Female,East,Patna,Sports,Yoga Mat,3,8281.49,0.28,14650.55,4700.02,73.15,UPI,3,FALSE,Delivered,2
ORD-02455,11/30/2022,CUST78730,Ananya Shah,30,Male,North,Delhi,Beauty,Perfume,9,489.2,0.11,3465.11,1799.02,53.71,EMI,5,FALSE,Delivered,1
ORD-02454,11/29/2022,CUST09118,Aarav Verma,27,Other,East,Kolkata,Sports,Football,1,2937.76,0.07,2128.61,360.5,64.66,Credit Card,5,FALSE,Delivered,6
ORD-02451,11/28/2022,CUST04161,Arjun Singh,58,Female,West,Pune,Sports,Dumbbells,9,13538.61,0.04,98932.09,24598.22,64.82,Credit Card,3,FALSE,Delivered,1
ORD-02450,11/28/2022,CUST85866,Nikhil Pillai,36,Female,Central,Bhopal,Sports,Football,8,7873.54,0.23,37930.36,9903.07,42.71,UPI,2,FALSE,Delivered,5
ORD-02449,11/28/2022,CUST58842,Aarav Iyer,16,Male,West,Ahmedabad,Electronics,Smartwatch,4,78431.71,0.06,265701.03,29588.2,70.58,UPI,1,FALSE,Shipped,10
ORD-02448,11/28/2022,CUST48568,Priya Chatterjee,37,Other,South,Hyderabad,Books,Biography,1,1315.36,0.14,962.09,365.81,67.33,Cash on Delivery,4,TRUE,Returned,2
ORD-02447,11/28/2022,CUST28654,Ananya Singh,34,Other,North,Amritsar,Groceries,Tea,3,394.51,0.05,858.05,56.54,50.11,UPI,2,FALSE,Shipped,7
ORD-02446,11/28/2022,CUST10062,Sanjay Bhat,65,Female,North,Delhi,Beauty,Lipstick,3,2301.12,0.01,5967.23,3374.68,44.75,Debit Card,3,FALSE,Delivered,9
ORD-02445,11/28/2022,CUST71240,Pooja Sharma,30,Other,North,Chandigarh,Books,Fiction Novel,5,1175.29,0.36,3025.64,1294.96,66.21,Net Banking,2,FALSE,Delivered,4
ORD-02443,11/26/2022,CUST14094,Ananya Bose,62,Female,East,Guwahati,Clothing,Kurta,6,2854.71,0.08,14003.32,2778.35,104.98,Credit Card,3,FALSE,Delivered,7
ORD-02442,11/26/2022,CUST44235,Rahul Iyer,58,Other,East,Patna,Groceries,Flour,6,487.77,0.31,1675.82,120.68,82.58,Credit Card,5,FALSE,Delivered,6
ORD-02441,11/25/2022,CUST43234,Rahul Singh,45,Male,North,Amritsar,Sports,Yoga Mat,9,8750.14,0.23,54615.07,15670.41,45.73,UPI,2,FALSE,delivered,8
ORD-02440,11/24/2022,CUST91846,Karan Nair,48,Other,North,Amritsar,Sports,Tennis Racket,2,1682.52,0.04,3162.9,650.21,69.29,Debit Card,2,FALSE,Delivered,2
ORD-02439,11/24/2022,CUST05236,Meera Rao,15,Female,Central,Raipur,Clothing,Saree,10,1673.29,0.06,12137.21,4599.2,66.5,Credit Card,4,FALSE,Delivered,2
ORD-02438,24/11/2022,CUST92064,Rahul Shah,30,Male,West,Mumbai,Electronics,Laptop,10,42734.97,0.19,285560.12,41480.81,68.69,Net Banking,4,FALSE,Delivered,6
ORD-02436,11/22/2022,CUST21059,Sanjay Gupta,31,Other,South,Bangalore,Groceries,Flour,9,51.92,0.31,278.98,26.11,58.05,Debit Card,2,FALSE,Delivered,8
ORD-02435,11/22/2022,CUST20967,Amit Sharma,36,Female,Central,Indore,Sports,Cricket Bat,9,8072.68,0.11,55849.13,10192.2,56.59,UPI,1,FALSE,Delivered,8
ORD-02434,11/20/2022,CUST85190,Nikhil Patel,45,Other,West,Surat,Electronics,Tablet,4,73017.83,0.22,192150.99,23288.67,32.14,Credit Card,3,FALSE,Delivered,8
ORD-02433,11/19/2022,CUST52680,Ritu Shah,40,Female,North,Delhi,Sports,Cycle,9,10073.67,0.2,59652.6,18108.91,53.9,EMI,4,FALSE,Cancelled,2
ORD-02431,11/17/2022,CUST33602,Ananya Chatterjee,31,Male,West,Mumbai,Clothing,Dress,9,2890.57,0.09,22605.25,10028.13,70.61,EMI,1,FALSE,Shipped,9
ORD-02430,11/17/2022,CUST93527,Deepa Verma,28,Other,South,Bangalore,Beauty,Sunscreen,9,113.69,0.22,699.53,335.72,40.1,UPI,5,TRUE,Returned,7
ORD-02429,11/16/2022,CUST34276,Sanjay Verma,35,Female,North,Amritsar,Furniture,Desk,4,9446.44,0.3,22683.91,5513.68,58.8,Debit Card,5,FALSE,Cancelled,9
ORD-02428,11/15/2022,CUST87410,Rahul Bose,14,Other,South,Kochi,Groceries,Rice (5kg),10,90.88,0.15,727.71,64.16,43,Net Banking,2,FALSE,Delivered,3
ORD-02427,15/11/2022,CUST68738,Ananya Pillai,20,Other,South,Chennai,Books,Biography,6,363.03,0,1819.63,726.19,64.27,UPI,5,FALSE,Delivered,7
ORD-02426,11/15/2022,CUST17865,Sanjay Pillai,32,Female,South,Bangalore,Groceries,Sugar,5,450.47,0.3,1325.61,106.62,50.58,Cash on Delivery,5,FALSE,Cancelled,7
ORD-02425,11/15/2022,CUST81941,Aditya Iyer,36,Male,North,Chandigarh,Sports,Football,4,1627.2,0.35,3842.87,894.8,32.06,EMI,4,FALSE,Delivered,1
ORD-02422,11/12/2022,CUST80806,Deepa Bhat,26,Male,North,Amritsar,Clothing,Dress,6,2781.83,0.34,10384.52,3543.82,47.91,Credit Card,2,FALSE,Delivered,3
ORD-02421,11/12/2022,CUST94458,Ritu Pillai,42,Male,South,Hyderabad,Electronics,Smartphone,4,76493.84,0.09,272766.46,29631.74,60.2,Cash on Delivery,4,FALSE,Delivered,3
ORD-02420,11/11/2022,CUST51531,Vikram Verma,15,Female,Central,Nagpur,Groceries,Cooking Oil,8,125.37,0.31,588.74,40.34,44.85,EMI,1,TRUE,Returned,5
ORD-02419,11/11/2022,CUST71186,Ananya Chatterjee,30,Male,Central,Nagpur,Sports,Cycle,2,9107.15,0.1,14915.74,3305.13,61.84,Cash on Delivery,1,FALSE,Delivered,1
ORD-02418,11/10/2022,CUST18934,Sunita Kumar,14,Male,West,Pune,Sports,Football,2,1772.04,0.27,2303.4,352.8,47.87,Cash on Delivery,2,FALSE,Delivered,8
ORD-02417,11/9/2022,CUST65187,Rahul Chatterjee,41,Female,West,Mumbai,Sports,Dumbbells,10,5187.53,0.13,41193.61,8791.81,49.73,UPI,3,FALSE,Delivered,2
ORD-02415,11/9/2022,CUST74245,Karan Reddy,37,Female,West,Surat,Groceries,Cooking Oil,9,389.41,0.02,2847.85,272.2,66.43,EMI,5,FALSE,Delivered,1
ORD-02414,11/9/2022,CUST28757,Meera Kapoor,43,Other,Central,Bhopal,Books,Textbook,6,1444.95,0.19,6041.34,2352.2,58.8,UPI,3,FALSE,Delivered,4
ORD-02410,11/6/2022,CUST42492,Vikram Das,31,Other,South,Bangalore,Electronics,Smartphone,2,71479.88,0.14,89772.04,10563.18,80.96,Credit Card,4,TRUE,Returned,3
ORD-02409,11/6/2022,CUST13324,Sanjay Iyer,31,Other,North,Delhi,Groceries,Tea,8,163.97,0.16,1055.34,91.59,24.74,Debit Card,4,FALSE,Shipped,8
ORD-02408,11/6/2022,CUST35312,Aarav Joshi,45,Male,South,Chennai,Books,Biography,6,922.08,0.39,2622.16,1193.45,101.28,UPI,5,FALSE,Delivered,9
ORD-02407,11/6/2022,CUST82035,Deepa Bhat,66,Male,West,Surat,Electronics,Tablet,4,23321.4,0.36,50337.85,8865.89,72.32,Debit Card,1,TRUE,Returned,7
ORD-02405,11/5/2022,CUST00698,Nikhil Joshi,46,Female,Central,Raipur,Beauty,Face Cream,10,1470.73,0.21,9648.06,5328.61,34.42,UPI,5,FALSE,Delivered,8
ORD-02404,11/5/2022,CUST20182,Kavya Joshi,33,Male,West,Surat,Electronics,Laptop,4,6142.5,0.28,15055.56,2596.19,76.47,EMI,5,FALSE,Delivered,4
ORD-02403,11/5/2022,CUST08149,Aarav Pillai,58,Male,East,Kolkata,Clothing,Jacket,9,1523.81,0.17,10204.55,3848.37,99.28,Net Banking,2,FALSE,shipped,8
ORD-02402,11/5/2022,CUST72572,Aarav Joshi,19,Male,South,Kochi,Books,Self-Help Book,2,483.7,0.17,699.82,225.52,101.82,Net Banking,2,FALSE,Delivered,1
ORD-02401,11/4/2022,CUST64655,Karan Chatterjee,21,Male,North,Chandigarh,Clothing,Kurta,9,3802.99,0.17,24949.89,9516.59,50.21,Credit Card,1,FALSE,Shipped,4
ORD-02400,11/4/2022,CUST21465,Pooja Kumar,33,Female,West,Ahmedabad,Clothing,Saree,7,525.25,0.03,3229.98,1218.39,48.82,UPI,4,FALSE,Delivered,8
ORD-02399,11/4/2022,CUST55942,Meera Singh,46,Other,South,Kochi,Electronics,Headphones,8,45292.92,0.39,211771.49,23511.04,58.92,Credit Card,4,FALSE,Delivered,6
ORD-02398,11/3/2022,CUST32655,Shreya Gupta,23,Male,East,Kolkata,Clothing,Dress,1,978.49,0.12,736.31,317.25,92.46,EMI,2,FALSE,Delivered,2
ORD-02397,11/2/2022,CUST53890,Kavya Kapoor,46,Other,North,Chandigarh,Clothing,Dress,3,1457.48,0.04,3326.03,1139.23,47.06,Credit Card,5,FALSE,Delivered,10
ORD-02396,11/2/2022,CUST15736,Deepa Kapoor,33,Other,East,Bhubaneswar,Furniture,Chair,3,4404.99,0.04,10146.47,2903.13,93.9,Debit Card,3,FALSE,Shipped,5
ORD-02395,11/1/2022,CUST38435,Aarav Das,34,Other,West,Mumbai,Electronics,Smartphone,5,17051.01,0.02,72489.63,12014.35,60.41,Debit Card,4,FALSE,Delivered,3
ORD-02394,11/1/2022,CUST48987,Arjun Bose,19,Female,South,Hyderabad,Beauty,Shampoo,4,901.35,0.21,2292.28,1103.36,70.49,UPI,3,FALSE,Delivered,9
ORD-02393,11/1/2022,CUST36476,Priya Iyer,32,Other,West,Pune,Groceries,Sugar,3,391.44,0.02,842.74,75.65,67.46,EMI,5,FALSE,Delivered,2
ORD-02392,11/1/2022,CUST20067,Priya Bhat,40,Male,North,Ludhiana,Electronics,Laptop,10,34447.29,0.14,242331.73,27631.34,29.16,Credit Card,5,FALSE,Shipped,6
ORD-02391,11/1/2022,CUST63245,Ananya Verma,29,Male,Central,Indore,Books,Textbook,4,1320.32,0.01,4535.42,950.65,39.09,Debit Card,3,FALSE,Delivered,5
ORD-02389,10/30/2022,CUST27494,Vikram Das,53,Female,East,Patna,Clothing,Kurta,8,1016.23,0.3,5817.06,2314.76,66.7,EMI,2,FALSE,Delivered,8
ORD-02388,10/30/2022,CUST96079,Kavya Bose,33,Male,West,Ahmedabad,Clothing,Kurta,8,3591.12,0.04,23914.76,6348.6,50.27,Cash on Delivery,2,FALSE,Cancelled,8
ORD-02387,10/30/2022,CUST50482,Aarav Iyer,26,Female,South,Kochi,Sports,Yoga Mat,8,10568.63,0.21,55630.33,14348.89,77.59,Debit Card,4,FALSE,Delivered,1
ORD-02385,10/28/2022,CUST01228,Nikhil Bose,27,Other,West,Mumbai,Groceries,Cooking Oil,5,69.84,0.3,256.11,21.93,48.03,Debit Card,1,FALSE,Delivered,5
ORD-02383,10/28/2022,CUST86276,Aarav Chatterjee,33,Female,North,Chandigarh,Beauty,Sunscreen,5,240.15,0.22,946.09,433.08,72.99,Cash on Delivery,3,FALSE,Delivered,2
ORD-02382,10/28/2022,CUST54015,Shreya Rao,48,Female,West,Pune,Sports,Dumbbells,1,14172.12,0.14,12312.75,2055.13,79.52,EMI,5,FALSE,Delivered,6
ORD-02381,10/28/2022,CUST35452,Rahul Singh,36,Female,North,Ludhiana,Electronics,Camera,6,6441.62,0.27,31528.73,5997.64,53.2,EMI,3,FALSE,cancelled,8
ORD-02380,10/27/2022,CUST77872,Vikram Chatterjee,12,Female,East,Kolkata,Groceries,Tea,6,473.26,0.33,1858.4,169.63,83.38,Cash on Delivery,1,FALSE,Delivered,1
ORD-02377,10/25/2022,CUST98234,Priya Das,37,Female,East,Kolkata,Books,Biography,3,641.95,0.29,1563.94,516.36,78.51,UPI,1,FALSE,Delivered,8
ORD-02376,25/10/2022,CUST02576,Pooja Verma,38,Other,East,Patna,Beauty,Shampoo,9,2282.24,0.27,15517.58,5898.92,86.96,UPI,3,FALSE,Cancelled,7
ORD-02374,10/23/2022,CUST40049,Aarav Chatterjee,50,Female,North,Amritsar,Furniture,Bed Frame,8,22347.78,0.29,121514.57,47789.83,10.59,Debit Card,1,FALSE,Delivered,4
ORD-02372,10/22/2022,CUST49286,Shreya Chatterjee,34,Female,Central,Bhopal,Sports,Yoga Mat,6,9589.48,0.15,48651.38,11292.58,25.65,EMI,3,TRUE,Returned,2
ORD-02371,10/21/2022,CUST84615,Pooja Rao,25,Female,South,Hyderabad,Beauty,Lipstick,6,253.65,0.18,1411.81,436.8,47.29,Cash on Delivery,5,FALSE,Delivered,3
ORD-02370,10/21/2022,CUST09289,Nisha Bose,28,Other,North,Ludhiana,Sports,Tennis Racket,3,10631.58,0.1,23303.04,4472.16,31.86,Debit Card,4,FALSE,Delivered,5
ORD-02369,10/21/2022,CUST82609,Pooja Iyer,6,Female,East,Bhubaneswar,Electronics,Smartphone,3,37130.62,0.18,79107.61,8678.14,66.27,Net Banking,5,FALSE,shipped,8
ORD-02367,10/20/2022,CUST71730,Meera Kapoor,33,Female,East,Patna,Books,Biography,6,353.19,0.37,1424.52,640.89,87.77,Net Banking,3,FALSE,Delivered,7
ORD-02366,10/19/2022,CUST55712,Shreya Bose,39,Other,South,Chennai,Beauty,Hair Oil,7,128.3,0.24,712.63,385.99,51.66,Cash on Delivery,1,FALSE,Cancelled,4
ORD-02365,10/18/2022,CUST12074,Ritu Joshi,51,Female,North,Amritsar,Sports,Football,10,14562.6,0.31,86000.34,18267.52,33.55,Cash on Delivery,5,FALSE,Delivered,4
ORD-02364,10/18/2022,CUST13899,Rohan Mishra,40,Male,South,Hyderabad,Groceries,Cooking Oil,1,480.83,0.03,413.43,28.39,66.81,EMI,2,TRUE,Returned,10
ORD-02363,10/18/2022,CUST91997,Karan Bose,38,Male,West,Surat,Electronics,Laptop,5,5729.21,0.26,21082.56,2258.77,47.72,Net Banking,4,FALSE,Cancelled,8
ORD-02362,10/18/2022,CUST09796,Shreya Mehta,2,Other,North,Ludhiana,Clothing,Kurta,5,3077.69,0.12,12279.25,4018.97,55.38,UPI,3,FALSE,Delivered,8
ORD-02359,10/17/2022,CUST04245,Sanjay Iyer,150,Male,South,Chennai,Groceries,Tea,1,297.84,0.32,181.61,14.32,62.86,Credit Card,4,FALSE,Delivered,6
ORD-02358,10/16/2022,CUST18994,Priya Rao,34,Other,South,Bangalore,Books,Self-Help Book,7,1297.73,0.09,8533.63,3189.67,93.17,UPI,3,FALSE,Delivered,5
ORD-02357,10/16/2022,CUST17365,Nikhil Pillai,36,Female,Central,Raipur,Groceries,Rice (5kg),8,394.24,0.28,2269.73,208.28,66.63,Credit Card,1,FALSE,Delivered,4
ORD-02356,10/16/2022,CUST40158,Kavya Pillai,36,Male,South,Chennai,Furniture,Chair,8,33543.43,0.22,218733.7,59861.82,56.8,EMI,2,FALSE,Delivered,8
ORD-02355,10/16/2022,CUST25582,Rahul Rao,31,Other,Central,Indore,Sports,Yoga Mat,2,963.86,0.4,1234.93,250.23,44.87,Credit Card,4,FALSE,Shipped,7
ORD-02353,10/13/2022,CUST90384,Arjun Verma,36,Female,Central,Nagpur,Furniture,Wardrobe,2,24650.72,0.23,33579.52,8642.75,35.1,Debit Card,5,FALSE,Delivered,2
ORD-02352,10/13/2022,CUST89546,Ananya Verma,26,Male,West,Mumbai,Clothing,Kurta,5,3741.86,0.22,13643.24,4735.93,53.44,UPI,4,TRUE,Returned,1
ORD-02351,10/13/2022,CUST84589,Ritu Joshi,55,Other,Central,Bhopal,Electronics,Tablet,10,13324.53,0.06,123315.72,14023.48,55.67,UPI,5,FALSE,Delivered,4
ORD-02350,10/13/2022,CUST49485,Sanjay Verma,47,Other,West,Surat,Groceries,Flour,2,463.54,0.14,751.49,62.99,75.64,Net Banking,5,FALSE,Delivered,2
ORD-02349,10/13/2022,CUST17978,Meera Verma,55,Other,Central,Nagpur,Electronics,Laptop,7,16843.15,0.36,63975.84,8190.65,81.28,Cash on Delivery,3,FALSE,Delivered,3
ORD-02348,10/12/2022,CUST12889,Rohan Mehta,27,Female,North,Ludhiana,Sports,Yoga Mat,9,13142.88,0.37,69394.08,16164.46,32.88,UPI,5,TRUE,Returned,1
ORD-02347,10/12/2022,CUST24182,Kavya Singh,36,Male,Central,Raipur,Groceries,Cooking Oil,3,403.22,0.33,824.95,82.5,62.33,Credit Card,3,FALSE,Delivered,9
ORD-02346,10/11/2022,CUST57309,Meera Bose,14,Female,North,Amritsar,Electronics,Camera,4,15142.49,0.12,54212.43,5733.17,98.24,EMI,2,FALSE,Pending,6
ORD-02345,10/11/2022,CUST71392,Kavya Shah,21,Male,South,Chennai,Books,Self-Help Book,4,1497.67,0.21,4793.89,1329.44,68.06,Net Banking,5,FALSE,Delivered,7
ORD-02344,10/11/2022,CUST14351,Kavya Singh,33,Other,South,Chennai,Furniture,Wardrobe,10,33036.39,0.15,296109.08,94051.67,73.88,UPI,4,FALSE,delivered,3
ORD-02343,11/10/2022,CUST93661,Ananya Pillai,19,Female,North,Delhi,Furniture,Desk,10,12399.19,0.23,113748.97,36698.33,41.96,EMI,1,TRUE,Returned,5
ORD-02342,10/11/2022,CUST03284,Pooja Bhat,31,Male,East,Kolkata,Electronics,Headphones,9,58781.51,0.2,399047.78,43776.4,94.29,EMI,4,FALSE,Delivered,2
ORD-02341,10/11/2022,CUST63955,Arjun Bose,33,Female,East,Guwahati,Books,Self-Help Book,4,417.82,0.02,1766.12,656.08,75.99,Cash on Delivery,2,FALSE,Delivered,3
ORD-02340,10/10/2022,CUST46573,Sunita Mishra,43,Male,East,Kolkata,Books,Comic Book,1,269.23,0.35,146.46,51.64,77.26,Debit Card,2,FALSE,Delivered,8
ORD-02339,10/10/2022,CUST12046,Kavya Verma,24,Other,Central,Nagpur,Furniture,Wardrobe,3,33100.17,0.31,61633.54,15026.15,64.31,UPI,2,TRUE,Returned,8
ORD-02338,10/10/2022,CUST94097,Aarav Joshi,60,Other,East,Guwahati,Electronics,Smartphone,8,29640.05,0.34,154607.71,15304.08,53.3,EMI,5,FALSE,Shipped,9
ORD-02337,10/10/2022,CUST50406,Rohan Mehta,21,Male,West,Ahmedabad,Electronics,Smartwatch,6,78971.02,0.22,377676.65,38339.77,61.31,EMI,3,FALSE,Shipped,9
ORD-02336,10/10/2022,CUST70109,Ananya Bose,52,Female,West,Ahmedabad,Groceries,Tea,8,473.63,0.35,3088.56,221.64,49.07,Net Banking,5,FALSE,Shipped,9
ORD-02335,10/9/2022,CUST67913,Priya Shah,27,Female,West,Pune,Electronics,Laptop,3,79758.61,0.33,167128.86,19212.28,56.24,Debit Card,1,FALSE,Cancelled,2
ORD-02334,10/9/2022,CUST20367,Karan Gupta,21,Other,South,Kochi,Sports,Cricket Bat,5,13397.51,0.34,43451.18,7788.1,73.66,Net Banking,4,FALSE,Delivered,5
ORD-02331,9/10/2022,CUST06489,Nikhil Verma,47,Other,South,Bangalore,Furniture,Sofa,6,5535.62,0.27,20778.29,3962.34,76.76,Credit Card,3,FALSE,Delivered,5
ORD-02330,10/8/2022,CUST47001,Nikhil Mishra,29,Other,Central,Nagpur,Sports,Cricket Bat,7,8342.21,0.31,46118.01,10147.74,47.94,Credit Card,5,FALSE,Delivered,1
ORD-02329,10/8/2022,CUST96865,Kavya Pillai,49,Female,East,Kolkata,Clothing,Kurta,9,3350.21,0.13,25300.71,10933.1,73.04,Net Banking,2,FALSE,Delivered,5
ORD-02328,10/8/2022,CUST09166,Ananya Mishra,21,Male,West,Pune,Groceries,Dal (1kg),5,142.7,0.29,560.89,25.3,26.87,EMI,5,FALSE,Delivered,8
ORD-02327,10/7/2022,CUST19975,Priya Kumar,23,Other,Central,Raipur,Furniture,Chair,8,14019.33,0.14,89382.21,25883.45,54.76,Cash on Delivery,5,FALSE,Cancelled,4
ORD-02326,10/6/2022,CUST89114,Aditya Patel,27,Female,South,Hyderabad,Furniture,Bookshelf,9,22455.86,0.23,158725.76,35481.88,64.83,Credit Card,4,FALSE,Delivered,4
ORD-02324,10/6/2022,CUST50408,Priya Nair,44,Female,North,Chandigarh,Electronics,Headphones,10,66222.83,0.39,364937.13,37488.21,35.08,Credit Card,3,FALSE,Delivered,9
ORD-02323,10/5/2022,CUST41015,Vikram Singh,42,Other,Central,Bhopal,Sports,Cricket Bat,5,5297.3,0.23,22206.97,5436.01,64.51,UPI,3,FALSE,Delivered,2
ORD-02322,10/5/2022,CUST93809,Kavya Sharma,44,Other,Central,Indore,Furniture,Bookshelf,8,32195.15,0.25,191258.73,53878.3,67.87,Cash on Delivery,2,FALSE,Delivered,4
ORD-02321,10/5/2022,CUST59579,Aarav Mehta,47,Male,Central,Indore,Beauty,Hair Oil,9,2425.68,0.16,13573.13,3678.22,64.69,UPI,1,FALSE,Delivered,9
ORD-02320,10/5/2022,CUST01629,Sanjay Patel,20,Male,North,Amritsar,Furniture,Desk,9,14626.63,0.32,81959.99,31885.26,43.74,Net Banking,5,FALSE,Delivered,1
ORD-02319,10/5/2022,CUST10347,Aditya Nair,24,Other,Central,Raipur,Sports,Yoga Mat,2,14531.26,0.22,19868.59,2388.6,58.71,UPI,5,FALSE,Delivered,1
ORD-02318,10/4/2022,CUST67509,Vikram Pillai,32,Male,South,Hyderabad,Furniture,Bed Frame,3,18611.53,0.04,52590.42,13887.81,99.49,Debit Card,3,FALSE,Delivered,4
ORD-02317,10/4/2022,CUST47149,Amit Verma,41,Other,North,Delhi,Clothing,Kurta,7,3985.89,0.33,19751.99,7041.24,37.55,UPI,5,FALSE,Shipped,2
ORD-02315,10/3/2022,CUST44222,Nikhil Pillai,37,Other,North,Ludhiana,Groceries,Rice (5kg),4,385.4,0.06,1455,86.48,49.02,Cash on Delivery,5,FALSE,Delivered,9
ORD-02314,10/3/2022,CUST99949,Karan Mishra,36,Other,East,Kolkata,Groceries,Cooking Oil,7,490.56,0.36,2209.98,120.11,92.2,Net Banking,3,FALSE,Shipped,2
ORD-02312,10/1/2022,CUST81714,Rohan Kumar,32,Female,East,Patna,Beauty,Shampoo,10,909.09,0.29,6829.99,3214.22,86.69,Cash on Delivery,2,FALSE,Delivered,4
ORD-02311,10/1/2022,CUST01001,Karan Sharma,44,Male,North,Amritsar,Furniture,Bed Frame,3,27210.05,0.19,62722.39,17708.26,59.37,Net Banking,2,FALSE,Delivered,3
ORD-02310,10/1/2022,CUST33052,Sunita Bhat,32,Other,North,Amritsar,Beauty,Hair Oil,8,963.22,0.23,5534.19,2484.8,60.98,EMI,3,FALSE,Delivered,3
ORD-02309,9/30/2022,CUST06929,Priya Verma,24,Other,Central,Raipur,Furniture,Desk,3,34037.07,0.1,115980.74,26885.75,49.16,UPI,2,FALSE,Delivered,8
ORD-02308,9/30/2022,CUST13492,Karan Reddy,35,Female,North,Delhi,Books,Self-Help Book,4,288.41,0.11,1085.19,430.86,39.44,Debit Card,5,TRUE,Returned,1
ORD-02306,9/29/2022,CUST12892,Nisha Pillai,35,Male,Central,Nagpur,Clothing,Jacket,2,3165.33,0.27,5468.29,1737.74,73.28,Credit Card,4,FALSE,delivered,2
ORD-02305,9/27/2022,CUST86884,Ritu Iyer,28,Other,West,Mumbai,Electronics,Tablet,9,29921.76,0.33,187176.31,25938.95,66.52,Debit Card,5,FALSE,Shipped,8
ORD-02304,9/27/2022,CUST81774,Meera Iyer,34,Male,East,Guwahati,Beauty,Hair Oil,8,1956.04,0.05,16158.29,7683.48,90.07,EMI,1,FALSE,Cancelled,4
ORD-02303,9/27/2022,CUST73687,Shreya Iyer,35,Male,West,Pune,Furniture,Bed Frame,6,4727.2,0.3,22747.1,6128.52,85.09,Net Banking,5,FALSE,Shipped,9
ORD-02302,9/25/2022,CUST57376,Aarav Singh,30,Male,Central,Nagpur,Clothing,Dress,2,1047.08,0.14,2238.06,854.12,49.15,Net Banking,5,FALSE,Delivered,6
ORD-02301,9/25/2022,CUST94749,Aarav Patel,52,Other,South,Hyderabad,Beauty,Hair Oil,3,1334.72,0.14,4167.5,1517.77,68.86,Net Banking,1,FALSE,Delivered,5
ORD-02299,9/24/2022,CUST52655,Ritu Verma,30,Female,South,Bangalore,Groceries,Rice (5kg),3,236.04,0.01,832.73,49.56,57.97,Credit Card,3,TRUE,Returned,8
ORD-02298,9/24/2022,CUST36266,Ritu Verma,31,Other,East,Guwahati,Sports,Yoga Mat,10,4545.91,0.01,55303.33,13195.84,71.77,EMI,3,FALSE,Delivered,9
ORD-02297,9/23/2022,CUST42672,Kavya Nair,33,Male,West,Mumbai,Beauty,Perfume,5,926.42,0.25,3809.66,1528.7,64.01,Debit Card,5,FALSE,Shipped,6
ORD-02296,9/23/2022,CUST31681,Ananya Rao,20,Other,South,Kochi,Sports,Tennis Racket,3,8809.72,0.38,18286.54,4538.4,76.08,Debit Card,5,TRUE,Returned,9
ORD-02294,9/22/2022,CUST45988,Sanjay Das,33,Male,North,Amritsar,Beauty,Hair Oil,7,437.18,0.02,3874.82,1697.95,54.03,Cash on Delivery,2,FALSE,Delivered,8
ORD-02293,9/21/2022,CUST83140,Kavya Iyer,19,Male,Central,Raipur,Furniture,Wardrobe,9,11670.17,0.29,98477.31,25127.73,70.57,Credit Card,2,FALSE,Pending,5
ORD-02292,9/21/2022,CUST08013,Ritu Gupta,41,Other,East,Bhubaneswar,Sports,Yoga Mat,2,8645.73,0.24,14376.69,3461.36,94.07,EMI,4,TRUE,Returned,3
ORD-02291,9/21/2022,CUST86351,Rohan Iyer,54,Female,Central,Indore,Books,Fiction Novel,2,1340.31,0.03,2902.07,1116.16,67.16,EMI,4,FALSE,Pending,7
ORD-02290,9/20/2022,CUST57859,Arjun Chatterjee,33,Male,South,Bangalore,Furniture,Wardrobe,10,29389.24,0.04,314322.83,104400.15,66.52,Cash on Delivery,1,FALSE,Delivered,6
ORD-02289,9/20/2022,CUST74884,Kavya Mishra,28,Other,East,Bhubaneswar,Electronics,Laptop,5,76773.58,0.12,367938.22,45756.9,84.18,UPI,2,FALSE,Delivered,5
ORD-02286,9/19/2022,CUST95250,Arjun Shah,44,Female,North,Delhi,Sports,Football,9,3394.34,0.06,39194.69,8874.98,16.96,Debit Card,2,TRUE,Returned,8
ORD-02285,9/19/2022,CUST27442,Rahul Sharma,25,Female,Central,Nagpur,Beauty,Perfume,6,226.83,0.24,1203.63,638.69,48.65,Debit Card,3,FALSE,Delivered,1
ORD-02284,9/19/2022,CUST37893,Deepa Rao,30,Male,East,Patna,Electronics,Camera,8,32204.55,0.02,332387.04,37369.29,86.45,UPI,3,FALSE,Delivered,6
ORD-02283,9/19/2022,CUST06888,Ananya Chatterjee,44,Male,South,Kochi,Clothing,Dress,8,598.22,0.37,3507.68,1290.64,67.18,UPI,5,FALSE,Delivered,7
ORD-02282,9/18/2022,CUST94046,Ananya Nair,38,Other,Central,Raipur,Electronics,Camera,5,11463.02,0.34,44107,3355.55,36.32,Cash on Delivery,5,FALSE,Delivered,10
ORD-02281,9/18/2022,CUST68153,Aditya Das,45,Female,North,Amritsar,Beauty,Perfume,9,2226.07,0.16,18524.57,7612.81,50.45,EMI,4,FALSE,Delivered,2
ORD-02280,9/16/2022,CUST85697,Nisha Kumar,38,Male,South,Hyderabad,Furniture,Chair,5,22143.81,0.12,118422.68,31149.72,53.5,EMI,2,TRUE,Returned,8
ORD-02279,9/16/2022,CUST11155,Ananya Verma,52,Female,West,Mumbai,Electronics,Laptop,6,13712.65,0.21,88050.54,10911.94,44.8,Debit Card,2,FALSE,Delivered,5
ORD-02278,9/16/2022,CUST26869,Aarav Mehta,28,Female,East,Bhubaneswar,Sports,Cycle,5,10621.22,0.03,58513.74,13918.5,72.95,Credit Card,4,FALSE,Pending,3
ORD-02277,9/16/2022,CUST41635,Priya Pillai,22,Female,North,Amritsar,Electronics,Laptop,4,63972.59,0.28,208355.63,16914.36,37.35,UPI,1,FALSE,Cancelled,7
ORD-02276,9/16/2022,CUST27939,Aarav Pillai,37,Female,North,Delhi,Sports,Yoga Mat,4,590.58,0.26,2166.86,376.29,74.83,Cash on Delivery,1,FALSE,Pending,5
ORD-02274,9/15/2022,CUST66737,Ananya Patel,43,Female,South,Chennai,Clothing,T-Shirt,0,803.12,0.07,911.76,328.33,73.01,Credit Card,3,FALSE,Delivered,7
ORD-02273,9/15/2022,CUST71816,Nisha Verma,36,Female,Central,Nagpur,Books,Textbook,9,1131.92,0.12,10966.62,3680.22,39.84,EMI,3,FALSE,Delivered,7
ORD-02272,9/14/2022,CUST73221,Deepa Patel,28,Male,North,Chandigarh,Beauty,Sunscreen,10,537.83,0.23,4825.68,2340.29,51.8,Net Banking,5,FALSE,Delivered,10
ORD-02271,9/14/2022,CUST64969,Amit Gupta,37,Other,East,Kolkata,Electronics,Headphones,7,44012.8,0.02,388387,49485.75,89.27,Cash on Delivery,1,FALSE,delivered,7
ORD-02270,9/14/2022,CUST31062,Vikram Pillai,15,Other,North,Ludhiana,Beauty,Lipstick,7,111.14,0.37,567.33,305.65,44.94,Net Banking,4,FALSE,Delivered,9
ORD-02267,9/13/2022,CUST18261,Kavya Iyer,35,Male,North,Delhi,Beauty,Perfume,1,2480.5,0.07,2697.26,1008.27,42.84,UPI,2,TRUE,Returned,9
ORD-02266,9/12/2022,CUST21061,Sanjay Das,23,Other,West,Surat,Beauty,Shampoo,10,767.55,0.35,6213.65,2480.34,45.37,Cash on Delivery,4,FALSE,Delivered,5
ORD-02265,9/12/2022,CUST40896,Deepa Rao,48,Female,West,Mumbai,Electronics,Headphones,7,17875.78,0.39,88594.37,10922.5,64.93,Credit Card,1,FALSE,Shipped,3
ORD-02263,9/11/2022,CUST80227,Karan Joshi,37,Male,North,Amritsar,Groceries,Dal (1kg),3,466.4,0.19,1143.9,83.86,52.43,EMI,5,FALSE,Delivered,10
ORD-02261,9/11/2022,CUST28968,Ananya Mehta,25,Male,West,Ahmedabad,Electronics,Camera,5,48089.2,0.19,248755.47,16926,96.45,Debit Card,4,FALSE,Delivered,9
ORD-02260,9/10/2022,CUST10492,Rahul Patel,61,Other,West,Surat,Beauty,Lipstick,9,1292.16,0.22,10154.82,3046.85,70.59,Credit Card,2,TRUE,Returned,6
ORD-02259,9/10/2022,CUST42519,Meera Reddy,46,Male,Central,Nagpur,Sports,Football,2,2331.76,0,5912.22,1433.92,38.85,Debit Card,5,FALSE,Delivered,1
ORD-02257,9/10/2022,CUST98457,Nikhil Nair,45,Other,North,Ludhiana,Electronics,Tablet,4,37633.82,0.33,125197.09,14972.92,53.12,UPI,4,FALSE,Delivered,2
ORD-02256,9/10/2022,CUST76072,Karan Pillai,21,Other,West,Pune,Furniture,Bookshelf,9,29503.49,0.02,295846.81,62680.47,44.27,Debit Card,1,FALSE,Shipped,3
ORD-02255,9/9/2022,CUST86286,Amit Verma,23,Female,North,Delhi,Sports,Yoga Mat,1,10374.72,0.04,10806.31,2109.69,63.95,Cash on Delivery,3,FALSE,Cancelled,3
ORD-02254,9/9/2022,CUST33459,Nisha Sharma,33,Female,North,Delhi,Furniture,Desk,10,5472.78,0.24,53170.77,15999.21,73.94,Debit Card,4,FALSE,Delivered,9
ORD-02253,9/9/2022,CUST22702,Arjun Rao,54,Female,East,Kolkata,Furniture,Wardrobe,5,26136.57,0,148485.58,38154.91,66.36,UPI,1,FALSE,Cancelled,5
ORD-02252,9/8/2022,CUST72140,Ritu Nair,60,Male,East,Guwahati,Groceries,Rice (5kg),6,415.02,0.39,1807.15,138.97,100.53,Credit Card,1,FALSE,Cancelled,3
ORD-02251,9/8/2022,CUST41014,Deepa Bhat,26,Other,West,Surat,Furniture,Bed Frame,2,21391.95,0.09,42758.89,8615.36,88.4,Debit Card,2,TRUE,Returned,3
ORD-02249,9/8/2022,CUST22912,Aarav Bhat,22,Female,East,Bhubaneswar,Groceries,Cooking Oil,6,129.66,0.08,1008.28,60.96,63.39,Net Banking,5,FALSE,Delivered,3
ORD-02248,9/7/2022,CUST63445,Sunita Patel,47,Male,West,Surat,Sports,Dumbbells,2,14129.5,0.01,34498.58,6979.34,74.75,Debit Card,3,FALSE,Delivered,2
ORD-02246,9/7/2022,CUST14634,Aditya Das,31,Female,South,Chennai,Beauty,Hair Oil,3,1422.97,0.38,2383.68,815.73,65.75,UPI,2,FALSE,Delivered,2
ORD-02244,9/6/2022,CUST41690,Sanjay Joshi,37,Other,Central,Raipur,Groceries,Tea,10,133.2,0.32,1074.27,100.19,64.48,EMI,3,FALSE,Delivered,8
ORD-02243,9/6/2022,CUST19197,Pooja Mehta,25,Male,North,Amritsar,Books,Self-Help Book,1,834.25,0.18,828.78,257.11,40.7,EMI,1,FALSE,Cancelled,2
ORD-02242,9/4/2022,CUST95868,Arjun Sharma,31,Female,South,Chennai,Furniture,Wardrobe,8,4977.01,0.28,33795.38,9634.2,84.09,UPI,4,FALSE,Delivered,8
ORD-02241,9/4/2022,CUST64655,Kavya Patel,21,Female,East,Guwahati,Electronics,Headphones,4,41499.34,0,175476.12,19809.16,73.44,Debit Card,4,FALSE,Shipped,1
ORD-02240,9/4/2022,CUST70797,Sunita Bhat,20,Female,North,Delhi,Furniture,Sofa,3,18846.39,0.36,38600,11313.95,56.75,Cash on Delivery,5,FALSE,Delivered,4
ORD-02239,9/3/2022,CUST33232,Ritu Kumar,57,Other,West,Pune,Clothing,T-Shirt,3,3199.67,0.02,9330.68,3697.29,67.55,UPI,5,FALSE,Delivered,9
ORD-02238,9/2/2022,CUST61636,Karan Singh,55,Female,South,Kochi,Electronics,Smartwatch,4,32640.78,0.24,122369.56,13905.31,46.2,UPI,3,TRUE,Returned,9
ORD-02236,9/1/2022,CUST58809,Rohan Iyer,34,Female,South,Chennai,Beauty,Shampoo,9,1011.72,0.19,8905.76,2925.83,96.59,Net Banking,1,FALSE,Delivered,4
ORD-02234,8/31/2022,CUST98675,Sunita Shah,28,Female,East,Bhubaneswar,Beauty,Lipstick,8,1190.38,0.29,9135.75,5877.03,93.18,UPI,1,TRUE,Returned,1
ORD-02233,8/31/2022,CUST53670,Deepa Iyer,32,Male,West,Surat,Clothing,Dress,7,3559.36,0.26,22968.4,9552.92,50.49,Net Banking,4,FALSE,Delivered,5
ORD-02232,8/30/2022,CUST33157,Shreya Rao,49,Female,South,Bangalore,Clothing,T-Shirt,10,3789.09,0.2,42644.14,11567.08,53.05,UPI,5,FALSE,Pending,1
ORD-02231,30/08/2022,CUST06734,Priya Mehta,26,Female,East,Guwahati,Electronics,Camera,7,49602.62,0.08,439375.74,57634.77,76.26,EMI,4,TRUE,Returned,7
ORD-02230,8/30/2022,CUST49677,Vikram Rao,36,Other,East,Kolkata,Sports,Dumbbells,5,13503.49,0.07,73166.71,10338.38,81.11,Debit Card,3,FALSE,Delivered,9
ORD-02229,8/30/2022,CUST82156,Arjun Reddy,35,Male,North,Chandigarh,Furniture,Bookshelf,3,29848.47,0.26,88033.69,26851.32,62.97,Debit Card,5,FALSE,Pending,10
ORD-02228,8/29/2022,CUST45867,Pooja Gupta,53,Other,Central,Raipur,Furniture,Bed Frame,5,16148.89,0.31,65510.48,17083.16,56.19,Cash on Delivery,5,FALSE,Delivered,1
ORD-02227,8/29/2022,CUST03537,Priya Singh,27,Other,East,Bhubaneswar,Sports,Cricket Bat,1,5779.22,0.31,5109.23,997.26,61.33,Debit Card,4,TRUE,Returned,5
ORD-02226,8/29/2022,CUST46124,Rahul Mehta,26,Male,North,Amritsar,Books,Cook Book,9,830.37,0.25,6671.85,3182.54,37.06,Cash on Delivery,2,FALSE,Delivered,2
ORD-02225,8/28/2022,CUST76092,Amit Iyer,33,Other,West,Surat,Groceries,Tea,6,497.75,0.39,2474.96,216.67,65.8,Cash on Delivery,1,FALSE,Pending,3
ORD-02224,8/28/2022,CUST30540,Priya Bhat,25,Female,West,Ahmedabad,Sports,Cycle,7,8703.41,0.09,68163.65,14340.35,62,Debit Card,2,FALSE,Delivered,1
ORD-02223,8/28/2022,CUST98444,Ritu Mehta,15,Male,East,Guwahati,Sports,Dumbbells,1,8591.44,0.03,11764.77,2988.26,69.66,UPI,3,FALSE,delivered,8
ORD-02222,28/08/2022,CUST57957,Rohan Iyer,33,Male,Central,Raipur,Beauty,Face Cream,5,1366.62,0.31,7613.24,4061.59,45.32,Net Banking,4,FALSE,Shipped,7
ORD-02221,8/27/2022,CUST03778,Sanjay Gupta,39,Male,South,Chennai,Clothing,Dress,2,2544.65,0.09,5282.35,1652.06,68.22,Debit Card,3,FALSE,Delivered,3
ORD-02220,8/26/2022,CUST94861,Nikhil Patel,63,Female,West,Ahmedabad,Sports,Tennis Racket,1,9516.54,0.07,11604.33,2275.4,75.61,Debit Card,4,FALSE,Shipped,4
ORD-02219,8/26/2022,CUST79612,Meera Bose,55,Other,South,Kochi,Clothing,Dress,3,2275.89,0.37,5784.15,2003.88,91.14,Credit Card,2,FALSE,Pending,8
ORD-02218,8/26/2022,CUST37517,Ritu Bhat,33,Other,South,Chennai,Sports,Football,3,4765.92,0.05,17857.42,4889.44,59.58,Net Banking,2,FALSE,Delivered,9
ORD-02217,8/26/2022,CUST06113,Rohan Nair,31,Other,South,Bangalore,Beauty,Shampoo,6,1131.18,0.05,8793.46,4445.68,69.49,Credit Card,1,FALSE,Delivered,8
ORD-02216,8/25/2022,CUST38823,Deepa Mehta,35,Female,North,Amritsar,Electronics,Tablet,7,62975.42,0.22,468129.68,79235.51,49.03,EMI,2,TRUE,Returned,9
ORD-02215,8/25/2022,CUST27310,Amit Das,32,Male,East,Guwahati,Groceries,Rice (5kg),5,285.26,0.18,1618.63,120.43,93.11,UPI,5,FALSE,Delivered,5
ORD-02214,8/25/2022,CUST69266,Meera Iyer,42,Female,South,Kochi,Sports,Yoga Mat,3,11700.18,0.34,31335.42,7211.28,61.57,Cash on Delivery,2,FALSE,Delivered,4
ORD-02213,8/24/2022,CUST26490,Arjun Bhat,28,Female,East,Guwahati,Electronics,Headphones,1,51058.89,0.38,41545.59,5436.55,71.72,Net Banking,2,TRUE,Returned,5
ORD-02212,8/23/2022,CUST44717,Meera Chatterjee,34,Male,East,Kolkata,Electronics,Headphones,6,45624.04,0.24,274607.48,23542.83,97.97,UPI,4,FALSE,Delivered,7
ORD-02211,8/23/2022,CUST05906,Shreya Shah,24,Male,Central,Indore,Books,Self-Help Book,6,1482.8,0.37,7222.87,1783.07,73.5,Credit Card,2,FALSE,Delivered,7
ORD-02210,8/21/2022,CUST53700,Ananya Shah,49,Female,South,Chennai,Furniture,Chair,3,25395.64,0.3,82667.82,28762.52,86.28,UPI,4,FALSE,Delivered,5
ORD-02209,8/21/2022,CUST97691,Aarav Reddy,44,Female,South,Hyderabad,Books,Comic Book,2,1390.9,0.4,2194.06,741.62,68.5,Credit Card,2,FALSE,Delivered,8
ORD-02208,8/21/2022,CUST55072,Rohan Pillai,35,Other,West,Surat,Electronics,Laptop,7,5978.14,0.38,31403.12,3202.9,68.28,EMI,2,FALSE,Cancelled,9
ORD-02207,8/20/2022,CUST52808,Nisha Kapoor,32,Female,East,Bhubaneswar,Books,Comic Book,8,748.13,0.13,6986.54,2050.35,76.68,Debit Card,2,FALSE,Delivered,3
ORD-02205,8/19/2022,CUST91054,Shreya Chatterjee,14,Other,North,Ludhiana,Beauty,Face Cream,4,894.71,0.06,4573.8,2107.23,40.06,Debit Card,1,TRUE,Returned,3
ORD-02204,8/19/2022,CUST80382,Priya Verma,40,Other,North,Ludhiana,Books,Biography,3,692.33,0.14,2204.16,747.75,48.08,Debit Card,4,FALSE,delivered,4
ORD-02202,17/08/2022,CUST31801,Karan Joshi,25,Male,East,Patna,Groceries,Dal (1kg),5,51.58,0.3,237.06,24.71,82.67,Credit Card,2,TRUE,Returned,6
ORD-02201,8/17/2022,CUST38678,Karan Reddy,25,Male,West,Surat,Electronics,Headphones,4,67647.58,0.07,353527.87,36275.65,52.43,EMI,2,FALSE,Delivered,8
ORD-02200,8/17/2022,CUST75677,Rahul Iyer,33,Other,Central,Nagpur,Clothing,Kurta,9,3159.45,0.11,29757.86,9057.31,53.6,Cash on Delivery,3,FALSE,delivered,3
ORD-02199,8/16/2022,CUST65100,Priya Patel,41,Female,East,Kolkata,Books,Fiction Novel,2,244.36,0.12,485.28,192.95,79.16,Cash on Delivery,2,FALSE,Pending,2
ORD-02198,8/16/2022,CUST07881,Sanjay Verma,28,Male,West,Mumbai,Beauty,Sunscreen,8,858.66,0.08,9147.31,5355.56,64.49,Debit Card,5,FALSE,Delivered,2
ORD-02197,8/16/2022,CUST78749,Aarav Joshi,36,Male,South,Hyderabad,Clothing,Jacket,7,1443.52,0.13,11305.88,3465.68,55.23,Credit Card,1,TRUE,Returned,5
ORD-02196,8/15/2022,CUST89124,Ananya Sharma,18,Other,North,Amritsar,Beauty,Sunscreen,1,1639.28,0.06,1994.57,1129.16,33.72,Credit Card,5,FALSE,Delivered,7
ORD-02195,8/15/2022,CUST93002,Rahul Mehta,39,Other,East,Bhubaneswar,Furniture,Bookshelf,1,27840.27,0.33,29507.88,7118.47,59.77,Cash on Delivery,4,FALSE,Delivered,4
ORD-02192,8/15/2022,CUST61790,Amit Kumar,32,Other,East,Kolkata,Furniture,Sofa,3,23445.9,0.31,60026.42,15012.25,54.92,Credit Card,1,TRUE,Returned,7
ORD-02191,8/15/2022,CUST30252,Amit Rao,53,Female,South,Bangalore,Books,Self-Help Book,5,1366.96,0.33,5049.74,2062.06,90.56,Cash on Delivery,1,FALSE,Delivered,8
ORD-02190,8/14/2022,CUST31810,Priya Kapoor,48,Other,West,Surat,Groceries,Rice (5kg),2,179.94,0.39,272.5,14.86,56.43,EMI,1,FALSE,Shipped,3
ORD-02189,8/14/2022,CUST72195,Rahul Shah,39,Male,East,Guwahati,Beauty,Lipstick,6,553.63,0.36,2469.37,684.81,53.3,Debit Card,5,FALSE,shipped,4
ORD-02188,8/14/2022,CUST93685,Vikram Singh,19,Other,South,Chennai,Electronics,Laptop,10,46080.58,0.33,392607.23,38045.24,42.13,Credit Card,1,FALSE,Delivered,7
ORD-02187,8/14/2022,CUST47298,Shreya Gupta,36,Other,North,Amritsar,Books,Comic Book,1,1129.04,0.28,1081.22,412.61,40.43,Net Banking,1,TRUE,Returned,10
ORD-02186,8/14/2022,CUST37457,Pooja Singh,35,Other,Central,Raipur,Beauty,Sunscreen,1,2306.84,0.07,3142.24,1403.38,57.67,Credit Card,5,FALSE,Delivered,10
ORD-02184,8/13/2022,CUST04059,Nisha Joshi,17,Other,East,Guwahati,Electronics,Laptop,3,73253.06,0.25,209838.58,32607.06,80.92,Credit Card,4,FALSE,Pending,6
ORD-02183,8/13/2022,CUST73899,Meera Sharma,52,Female,East,Bhubaneswar,Groceries,Sugar,2,245.29,0.28,480.57,45.1,88.28,Net Banking,5,FALSE,Delivered,5
ORD-02182,8/13/2022,CUST10127,Sunita Pillai,39,Other,East,Guwahati,Electronics,Laptop,9,56874.87,0.3,478142.34,58158.93,63.71,Net Banking,4,TRUE,Returned,2
ORD-02181,8/13/2022,CUST50045,Arjun Verma,21,Male,North,Chandigarh,Clothing,Jeans,8,3588.17,0.24,31618.79,13674.74,86.78,EMI,1,FALSE,Delivered,7
ORD-02180,8/13/2022,CUST97256,Sanjay Sharma,50,Male,North,Ludhiana,Electronics,Laptop,6,6117.71,0.16,40557.08,4428.08,28.16,Debit Card,3,FALSE,Shipped,4
ORD-02178,8/12/2022,CUST85408,Nisha Chatterjee,64,Female,South,Bangalore,Books,Biography,5,923.72,0.19,4931.75,2749.25,63.68,Net Banking,2,TRUE,Returned,1
ORD-02177,8/12/2022,CUST13161,Sanjay Pillai,26,Male,Central,Nagpur,Sports,Tennis Racket,3,13900.23,0.06,55053.72,12908.85,55.5,Credit Card,5,FALSE,Delivered,3
ORD-02176,8/12/2022,CUST51575,Karan Mishra,30,Other,North,Ludhiana,Sports,Football,7,14759.38,0,128001.22,25740.07,70.7,Net Banking,3,FALSE,Delivered,7
ORD-02175,8/12/2022,CUST77531,Deepa Gupta,37,Male,South,Kochi,Beauty,Shampoo,2,2364.83,0.07,5331.18,2254.41,60.96,EMI,1,FALSE,Delivered,4
ORD-02174,8/11/2022,CUST21947,Pooja Das,14,Male,Central,Raipur,Groceries,Rice (5kg),4,226.35,0.07,989.86,91.52,55.59,Debit Card,1,FALSE,Pending,3
ORD-02172,8/10/2022,CUST49313,Rohan Verma,38,Other,South,Kochi,Sports,Cricket Bat,4,2688.74,0.36,7914.11,1551.65,54.97,UPI,2,FALSE,Cancelled,1
ORD-02171,8/9/2022,CUST77492,Karan Sharma,33,Male,South,Chennai,Clothing,Saree,1,1170.22,0.37,1011.25,422.66,82.03,Debit Card,4,FALSE,Delivered,2
ORD-02170,8/9/2022,CUST83068,Kavya Shah,42,Other,Central,Nagpur,Books,Self-Help Book,3,969.7,0.1,3355.24,1386.74,44.19,Credit Card,1,FALSE,Delivered,4
ORD-02169,8/9/2022,CUST26086,Aarav Verma,45,Male,West,Ahmedabad,Clothing,Jeans,3,3376.07,0.07,13544.47,5495.51,69.6,EMI,5,FALSE,Delivered,3
ORD-02168,8/9/2022,CUST41061,Priya Iyer,39,Male,West,Mumbai,Books,Textbook,4,426.71,0.25,1765.74,838.62,39.2,Debit Card,4,TRUE,Returned,8
ORD-02167,8/8/2022,CUST40588,Nisha Reddy,12,Other,East,Guwahati,Sports,Cycle,1,14470.85,0.3,15068.8,2928.52,80.56,Cash on Delivery,1,FALSE,Delivered,10
ORD-02166,8/8/2022,CUST56943,Ritu Verma,42,Male,West,Mumbai,Beauty,Hair Oil,6,2467.58,0.37,12318.96,6222.84,67.89,Debit Card,2,FALSE,Delivered,10
ORD-02165,8/6/2022,CUST76665,Meera Kumar,41,Other,South,Kochi,Clothing,T-Shirt,3,3296.83,0.21,11607.78,3249.52,63.52,Cash on Delivery,3,FALSE,Pending,8
ORD-02164,8/6/2022,CUST84076,Arjun Kumar,20,Male,East,Guwahati,Books,Self-Help Book,4,529.18,0.37,1721.22,611.14,96.64,UPI,5,FALSE,Delivered,8
ORD-02161,8/5/2022,CUST39402,Vikram Iyer,38,Other,South,Chennai,Furniture,Sofa,5,17880.95,0.03,116528.23,33231.6,47.07,Net Banking,1,FALSE,Pending,2
ORD-02160,8/5/2022,CUST01889,Rahul Verma,31,Other,Central,Raipur,Beauty,Hair Oil,4,1536.84,0,8572.24,4876.08,73.06,Debit Card,5,FALSE,Delivered,6
ORD-02159,8/4/2022,CUST82127,Vikram Joshi,20,Female,West,Surat,Beauty,Shampoo,6,2223.4,0.39,10336.77,4822.67,54.1,UPI,1,FALSE,Delivered,1
ORD-02158,8/4/2022,CUST11487,Sanjay Singh,39,Male,South,Hyderabad,Groceries,Tea,2,287.46,0.12,696.47,45.33,63.51,UPI,2,FALSE,Cancelled,4
ORD-02156,8/4/2022,CUST99111,Meera Nair,33,Other,Central,Bhopal,Beauty,Sunscreen,1,1864.55,0.02,2317.03,835.39,82.42,EMI,1,TRUE,Returned,5
ORD-02155,8/4/2022,CUST14965,Rohan Pillai,36,Female,South,Chennai,Sports,Tennis Racket,5,10085.52,0.04,65977.61,14440.37,73.11,UPI,2,TRUE,Returned,5
ORD-02153,8/3/2022,CUST05495,Vikram Singh,45,Female,North,Delhi,Clothing,Kurta,1,2503.3,0.15,2937.26,723.88,47.55,EMI,2,TRUE,Returned,10
ORD-02150,8/1/2022,CUST80481,Sanjay Mishra,53,Female,West,Surat,Beauty,Sunscreen,4,356.27,0.25,1442.88,531.3,38.09,Net Banking,5,FALSE,Delivered,5
ORD-02149,8/1/2022,CUST84198,Priya Pillai,15,Female,South,Hyderabad,Sports,Football,3,7029.88,0,30080.08,7677.44,83.89,EMI,2,FALSE,Shipped,10
ORD-02148,7/31/2022,CUST63511,Pooja Nair,28,Male,East,Patna,Books,Fiction Novel,6,817.12,0.36,4458.93,1524.76,74.5,Cash on Delivery,1,TRUE,Returned,9
ORD-02147,7/31/2022,CUST10089,Vikram Bhat,47,Other,East,Patna,Clothing,Saree,2,3551.33,0.03,9440.78,3804.23,97.74,Net Banking,3,FALSE,delivered,8
ORD-02146,7/31/2022,CUST25921,Amit Pillai,37,Male,East,Guwahati,Groceries,Rice (5kg),5,421.63,0.36,1981.36,174.59,64.86,UPI,5,FALSE,Delivered,1
ORD-02145,7/31/2022,CUST18861,Nikhil Kapoor,28,Female,West,Surat,Books,Textbook,5,539.41,0.11,3571.01,1290.67,66.22,Net Banking,3,FALSE,Delivered,10
ORD-02144,7/30/2022,CUST57185,Aditya Pillai,45,Other,West,Ahmedabad,Clothing,Jacket,3,1239.18,0.11,4592.68,1338.61,61.11,EMI,1,FALSE,Cancelled,10
ORD-02143,7/30/2022,CUST46675,Pooja Rao,12,Male,Central,Bhopal,Electronics,Headphones,10,30900.53,0.18,388463.02,37366.2,64.67,EMI,1,TRUE,Returned,6
ORD-02142,7/29/2022,CUST09685,Shreya Gupta,42,Female,North,Chandigarh,Sports,Yoga Mat,3,7955.73,0.22,26168.55,5570.15,48.56,Debit Card,1,FALSE,Delivered,2
ORD-02141,7/28/2022,CUST81398,Ananya Reddy,53,Female,North,Delhi,Books,Comic Book,10,772.14,0.4,6278.32,2969.03,72.12,Cash on Delivery,2,FALSE,Cancelled,4
ORD-02140,7/28/2022,CUST21643,Shreya Mehta,26,Female,North,Amritsar,Books,Fiction Novel,6,868.63,0.18,5798,3070,44.25,Net Banking,4,FALSE,Shipped,7
ORD-02139,7/28/2022,CUST46079,Ananya Chatterjee,40,Other,North,Delhi,Beauty,Hair Oil,8,1990.6,0.37,14038.19,5997.36,71.99,UPI,2,FALSE,Delivered,9
ORD-02138,7/27/2022,CUST43306,Rohan Chatterjee,49,Other,West,Surat,Electronics,Laptop,5,69337.89,0.18,362912.13,39925.8,31.5,Debit Card,4,FALSE,delivered,4
ORD-02137,7/27/2022,CUST01916,Pooja Verma,37,Female,Central,Nagpur,Furniture,Desk,8,31076.19,0.36,234872.45,66519.22,47.98,Net Banking,2,FALSE,Delivered,6
ORD-02136,7/27/2022,CUST11127,Karan Singh,20,Female,East,Kolkata,Furniture,Bed Frame,2,31495.21,0.33,64795.12,24291.07,75.12,Cash on Delivery,2,FALSE,Delivered,2
ORD-02135,7/25/2022,CUST59057,Sunita Patel,44,Other,East,Kolkata,Sports,Tennis Racket,8,12531.28,0.26,102179.33,18509.68,84.53,Cash on Delivery,1,FALSE,Shipped,6
ORD-02134,7/25/2022,CUST70079,Aditya Shah,33,Male,West,Mumbai,Beauty,Shampoo,2,879.32,0.11,2351.24,1051.59,52.42,Cash on Delivery,5,FALSE,Delivered,5
ORD-02133,7/25/2022,CUST89826,Arjun Joshi,22,Other,East,Kolkata,Clothing,T-Shirt,7,1729.47,0.05,17045.1,6459.75,79.27,Cash on Delivery,1,TRUE,Returned,8
ORD-02132,7/24/2022,CUST62399,Rohan Bose,45,Other,South,Chennai,Furniture,Sofa,4,25587.02,0.31,106262.43,24161.7,68.96,Debit Card,2,FALSE,Delivered,2
ORD-02130,7/24/2022,CUST23716,Vikram Nair,46,Other,West,Surat,Beauty,Face Cream,8,1555.78,0.04,16126.18,4937.06,68.28,Net Banking,3,FALSE,Delivered,10
ORD-02129,7/24/2022,CUST19983,Amit Chatterjee,35,Other,South,Hyderabad,Books,Biography,4,278.07,0.38,1035.4,495.92,99.54,Cash on Delivery,2,FALSE,Delivered,2
ORD-02128,7/24/2022,CUST18334,Sanjay Kumar,3,Male,North,Chandigarh,Groceries,Cooking Oil,7,371.4,0.26,2827.1,304.02,51.93,Net Banking,1,TRUE,Returned,6
ORD-02127,24/07/2022,CUST94881,Aditya Das,24,Female,South,Bangalore,Books,Self-Help Book,5,1265.36,0.03,8924.63,3374.31,72.97,Cash on Delivery,2,FALSE,Delivered,5
ORD-02126,7/24/2022,CUST82300,Aditya Verma,54,Other,West,Pune,Beauty,Sunscreen,2,1392.89,0.22,3170.9,1551.48,64.72,UPI,3,FALSE,Cancelled,3
ORD-02125,7/24/2022,CUST56134,Pooja Nair,33,Other,Central,Bhopal,Groceries,Dal (1kg),4,63.82,0.37,257.56,22.21,49.45,UPI,4,TRUE,Returned,10
ORD-02124,7/23/2022,CUST24923,Karan Mishra,23,Male,West,Pune,Books,Cook Book,6,1164.68,0.35,5939.75,1561.14,57.35,Debit Card,2,TRUE,Returned,5
ORD-02123,23/07/2022,CUST62186,Sunita Pillai,27,Other,South,Bangalore,Clothing,Kurta,7,1384.84,0.25,11886.58,2574.91,74.62,Net Banking,2,TRUE,Returned,5
ORD-02122,7/22/2022,CUST58669,Ananya Rao,54,Other,East,Bhubaneswar,Beauty,Perfume,9,1933.74,0.4,14508.76,4077.16,88.26,Debit Card,4,FALSE,Delivered,6
ORD-02120,7/22/2022,CUST74638,Rohan Verma,40,Male,East,Guwahati,Groceries,Flour,8,473.04,0.33,4049.28,301.36,76.1,Cash on Delivery,5,FALSE,delivered,9
ORD-02119,7/22/2022,CUST07014,Rohan Iyer,21,Other,Central,Raipur,Sports,Cycle,5,11099.1,0.05,82679.97,21389.61,42.92,EMI,2,FALSE,Delivered,7
ORD-02115,7/19/2022,CUST34821,Sunita Mehta,58,Female,East,Kolkata,Furniture,Wardrobe,8,6806.19,0.1,67597,26754.18,63.82,Net Banking,5,FALSE,Delivered,1
ORD-02114,7/19/2022,CUST71584,Kavya Mehta,28,Female,South,Kochi,Furniture,Sofa,2,23522.83,0.15,53090.46,18316.25,70.07,EMI,2,FALSE,Delivered,8
ORD-02113,19/07/2022,CUST19165,Aditya Kapoor,28,Female,South,Hyderabad,Groceries,Cooking Oil,3,187.48,0.13,717.47,70.37,77.82,EMI,1,FALSE,Delivered,10
ORD-02112,7/18/2022,CUST60338,Nikhil Joshi,33,Female,North,Amritsar,Furniture,Chair,4,3037.37,0.1,12378.84,3013.5,45.31,Debit Card,3,FALSE,Cancelled,4
ORD-02111,7/18/2022,CUST33335,Aditya Chatterjee,48,Other,West,Mumbai,Furniture,Sofa,10,28298.23,0.25,341316.69,107787.95,94.71,Debit Card,4,FALSE,Delivered,4
ORD-02109,7/17/2022,CUST39644,Rohan Bose,42,Male,East,Guwahati,Clothing,T-Shirt,7,2784.47,0.09,25867.22,7897.77,98.75,Credit Card,3,TRUE,Returned,8
ORD-02108,7/17/2022,CUST78376,Shreya Das,44,Male,West,Ahmedabad,Furniture,Bed Frame,5,7769.34,0.25,39143.38,11912.85,60.21,UPI,2,FALSE,delivered,8
ORD-02107,7/17/2022,CUST39752,Priya Pillai,41,Male,West,Pune,Furniture,Wardrobe,7,7570.52,0.33,50975.7,14523.56,71.96,Debit Card,3,FALSE,Delivered,1
ORD-02106,7/16/2022,CUST15065,Amit Verma,36,Female,Central,Nagpur,Sports,Cricket Bat,6,7187.46,0.27,45280.94,7760.51,48.71,EMI,3,FALSE,Delivered,5
ORD-02105,7/16/2022,CUST23451,Rahul Reddy,28,Other,West,Mumbai,Books,Comic Book,10,1326.18,0.2,16441.16,5803.82,73.42,Cash on Delivery,3,FALSE,Delivered,5
ORD-02104,15/07/2022,CUST15485,Sanjay Iyer,49,Female,North,Ludhiana,Groceries,Cooking Oil,4,363.4,0.33,1689.72,153.17,55.45,Cash on Delivery,1,FALSE,Delivered,3
ORD-02103,7/14/2022,CUST67925,Sanjay Gupta,32,Other,North,Delhi,Beauty,Perfume,7,920.5,0.1,8123.9,4006.12,47.75,Debit Card,1,FALSE,Shipped,4
ORD-02102,7/14/2022,CUST33411,Karan Bose,48,Male,South,Bangalore,Sports,Yoga Mat,9,3817.71,0.25,41379.36,8384.06,104.35,UPI,5,FALSE,Delivered,9
ORD-02101,7/13/2022,CUST17742,Meera Verma,47,Female,South,Hyderabad,Electronics,Smartphone,6,9010.34,0.38,49758.87,5134.33,75.34,UPI,4,FALSE,delivered,10
ORD-02100,7/13/2022,CUST74233,Nisha Chatterjee,28,Other,Central,Raipur,Groceries,Rice (5kg),2,116.27,0.28,240.6,20.5,46.11,Cash on Delivery,2,FALSE,Pending,9
ORD-02099,7/12/2022,CUST13620,Amit Das,39,Male,South,Hyderabad,Beauty,Shampoo,4,1632.26,0.4,5867.49,2226.87,61.99,UPI,4,FALSE,Delivered,7
ORD-02098,7/12/2022,CUST81045,Ananya Mishra,53,Female,East,Kolkata,Books,Comic Book,4,1230.08,0.31,4786.22,2225.06,92.84,Net Banking,1,FALSE,Delivered,3
ORD-02095,7/10/2022,CUST53657,Meera Nair,0,Other,West,Surat,Electronics,Smartphone,1,48337.97,0.32,44955.59,5471.73,70.75,Cash on Delivery,3,FALSE,Cancelled,2
ORD-02094,7/10/2022,CUST96963,Pooja Singh,28,Female,East,Kolkata,Sports,Football,8,3340.32,0.25,28705.04,6012.3,87.45,Net Banking,3,FALSE,Shipped,5
ORD-02093,7/9/2022,CUST94639,Arjun Singh,33,Male,Central,Raipur,Groceries,Sugar,8,369.94,0.26,3428.74,224.86,71.66,EMI,2,FALSE,Delivered,5
ORD-02092,7/9/2022,CUST11724,Aarav Reddy,38,Male,East,Patna,Groceries,Tea,10,282.32,0.11,3690.15,255.64,68.13,EMI,4,TRUE,Returned,2
ORD-02091,7/9/2022,CUST74431,Nikhil Chatterjee,44,Female,South,Kochi,Electronics,Smartwatch,4,6126.05,0.17,32461.48,3172.94,65.78,EMI,4,FALSE,Delivered,10
ORD-02090,7/9/2022,CUST03478,Sunita Mishra,33,Female,Central,Nagpur,Books,Comic Book,-1,1491.38,0.11,2043.42,838.22,72.14,UPI,5,FALSE,Delivered,3
ORD-02089,7/9/2022,CUST77763,Shreya Nair,25,Male,North,Ludhiana,Furniture,Bed Frame,6,28297.1,0.3,183102.21,41267.82,77.25,Credit Card,1,FALSE,Delivered,3
ORD-02088,7/9/2022,CUST29896,Amit Verma,43,Other,West,Mumbai,Beauty,Sunscreen,6,2056.5,0.18,13191.89,5400.15,38.67,Net Banking,5,FALSE,Cancelled,5
ORD-02087,7/8/2022,CUST38893,Sunita Pillai,14,Other,Central,Bhopal,Electronics,Tablet,2,73303.92,0.03,235156.16,20863.19,67.75,Cash on Delivery,4,FALSE,Delivered,9
ORD-02086,7/8/2022,CUST76981,Vikram Sharma,32,Male,West,Ahmedabad,Furniture,Wardrobe,4,34455.3,0.15,170405.41,53474.69,73.85,Cash on Delivery,1,FALSE,Delivered,8
ORD-02085,7/7/2022,CUST42353,Vikram Shah,53,Male,East,Guwahati,Electronics,Laptop,6,10929.88,0.16,85653.85,12561.33,76.61,EMI,1,FALSE,Delivered,1
ORD-02084,7/7/2022,CUST67930,Ritu Das,42,Male,West,Surat,Furniture,Bed Frame,6,4221.96,0.25,27887.17,11561.41,56.54,Net Banking,2,FALSE,Delivered,5
ORD-02083,7/7/2022,CUST58154,Karan Chatterjee,33,Other,West,Surat,Furniture,Bookshelf,6,6433.11,0.05,51511.32,11059.52,68.21,Net Banking,1,FALSE,Delivered,7
ORD-02082,7/7/2022,CUST70646,Karan Bhat,39,Male,North,Amritsar,Groceries,Flour,2,345.49,0.39,710.96,51.95,61.64,UPI,4,FALSE,Delivered,10
ORD-02081,7/6/2022,CUST66488,Sunita Das,27,Female,South,Chennai,Beauty,Perfume,9,1127.06,0.38,9829.11,4003.53,54.43,EMI,5,FALSE,Delivered,5
ORD-02080,7/6/2022,CUST66538,Rahul Pillai,50,Other,South,Bangalore,Furniture,Desk,5,33788.21,0.14,211505.45,61443.22,95.75,Cash on Delivery,3,TRUE,Returned,7
ORD-02079,7/6/2022,CUST04011,Ananya Mehta,42,Male,South,Kochi,Clothing,T-Shirt,8,946.16,0.31,7291.61,3065.47,76.81,UPI,2,FALSE,Delivered,8
ORD-02078,7/5/2022,CUST50258,Pooja Joshi,32,Other,North,Amritsar,Books,Comic Book,4,407.5,0.21,1683.33,655.53,64,Net Banking,2,FALSE,Delivered,8
ORD-02077,7/5/2022,CUST06928,Rahul Bhat,29,Other,West,Surat,Clothing,T-Shirt,1,332.88,0.4,306.13,129.76,83.16,Debit Card,2,FALSE,Delivered,6
ORD-02076,7/5/2022,CUST05587,Priya Reddy,29,Other,West,Ahmedabad,Furniture,Bed Frame,9,22071.92,0.17,262066.11,66644.99,54.47,EMI,3,FALSE,Delivered,4
ORD-02075,7/4/2022,CUST98678,Karan Kumar,63,Other,West,Ahmedabad,Electronics,Laptop,9,34736.78,0.4,281102.55,27723.9,59.96,Debit Card,3,FALSE,Delivered,4
ORD-02074,7/4/2022,CUST45847,Ananya Bose,53,Other,East,Guwahati,Groceries,Cooking Oil,1,365.27,0.16,496.1,27.14,70.65,Net Banking,4,FALSE,Cancelled,2
ORD-02073,7/3/2022,CUST56467,Karan Kumar,36,Other,Central,Nagpur,Beauty,Hair Oil,7,541.57,0.38,3426.91,1569.49,60.06,EMI,2,FALSE,Delivered,3
ORD-02072,7/3/2022,CUST80210,Arjun Pillai,47,Other,East,Bhubaneswar,Groceries,Sugar,9,402.48,0.34,3545.6,235.12,108.84,Credit Card,5,FALSE,Delivered,1
ORD-02071,7/3/2022,CUST84689,Meera Sharma,25,Other,West,Mumbai,Beauty,Lipstick,10,718.67,0.32,6934.59,2686.48,47.47,Cash on Delivery,4,FALSE,Delivered,6
ORD-02068,7/2/2022,CUST60687,Rahul Joshi,40,Female,West,Surat,Furniture,Sofa,9,33837.01,0.22,353282.34,116653.75,42.65,Net Banking,1,FALSE,Delivered,4
ORD-02067,7/1/2022,CUST70593,Shreya Nair,34,Male,West,Surat,Electronics,Smartwatch,5,38796.6,0.21,209644.29,25458.48,62.35,UPI,4,FALSE,Cancelled,8
ORD-02066,6/30/2022,CUST80371,Pooja Pillai,22,Male,West,Pune,Groceries,Cooking Oil,4,291.88,0.37,1107.62,79.28,60.21,EMI,2,TRUE,Returned,1
ORD-02065,6/30/2022,CUST70033,Nisha Sharma,31,Male,East,Guwahati,Beauty,Lipstick,3,1275.56,0.37,3369.84,1461.23,99.3,Cash on Delivery,5,FALSE,Delivered,2
ORD-02064,6/29/2022,CUST47972,Nisha Reddy,28,Female,West,Mumbai,Beauty,Lipstick,7,854.71,0.09,7728.92,3265.65,55.34,UPI,3,FALSE,Delivered,2
ORD-02063,6/29/2022,CUST13406,Rahul Kumar,18,Male,South,Hyderabad,Groceries,Cooking Oil,4,122.82,0.04,681.47,47.66,66.72,Net Banking,5,FALSE,Delivered,10
ORD-02062,6/28/2022,CUST44853,Arjun Shah,27,Female,Central,Raipur,Groceries,Rice (5kg),1,197.09,0.32,204.25,20.87,46.31,Debit Card,1,FALSE,Shipped,5
ORD-02061,6/28/2022,CUST88965,Nisha Nair,28,Male,East,Patna,Sports,Dumbbells,10,6754.43,0.27,62381.81,13614.67,90.67,UPI,2,TRUE,Returned,5
ORD-02060,6/27/2022,CUST37656,Karan Sharma,36,Male,Central,Nagpur,Furniture,Wardrobe,10,30431.62,0.19,346543.18,123711.59,58.75,Debit Card,4,FALSE,Delivered,10
ORD-02059,6/27/2022,CUST09208,Deepa Nair,48,Male,West,Pune,Groceries,Sugar,3,357.08,0.33,1019.24,100.4,57.72,Debit Card,4,FALSE,Delivered,8
ORD-02058,6/27/2022,CUST44617,Nikhil Reddy,21,Other,South,Bangalore,Furniture,Desk,8,3549.62,0.22,30702.91,10062.41,77.82,EMI,5,TRUE,Returned,5
ORD-02057,6/25/2022,CUST88172,Pooja Sharma,44,Female,East,Bhubaneswar,Furniture,Bed Frame,4,34052.07,0.07,210338.05,69009.61,65.24,UPI,2,FALSE,Pending,2
ORD-02056,6/25/2022,CUST33480,Pooja Singh,31,Other,West,Surat,Sports,Yoga Mat,1,12201.41,0.38,11448.72,2473.09,54.83,EMI,1,FALSE,Delivered,5
ORD-02055,6/24/2022,CUST92237,Arjun Patel,33,Other,South,Chennai,Electronics,Smartwatch,7,54204.8,0.01,574778.48,66152.73,87.36,EMI,1,FALSE,Delivered,8
ORD-02054,6/24/2022,CUST61332,Karan Iyer,51,Other,South,Bangalore,Groceries,Sugar,10,53.46,0.05,815.23,88.15,67.32,Debit Card,1,FALSE,Cancelled,9
ORD-02053,6/23/2022,CUST33570,Deepa Bose,41,Male,South,Chennai,Furniture,Sofa,10,21783.3,0.09,276349.79,53595.22,73.39,Cash on Delivery,4,TRUE,Returned,2
ORD-02052,6/23/2022,CUST10079,Pooja Singh,29,Male,South,Bangalore,Electronics,Smartwatch,8,48445.16,0.26,371584.08,63270.83,70.06,Cash on Delivery,5,FALSE,Delivered,8
ORD-02051,21/06/2022,CUST76675,Rohan Kapoor,51,Male,South,Chennai,Groceries,Flour,1,341.43,0.34,376.21,32.95,85.56,Credit Card,4,FALSE,Cancelled,7
ORD-02050,6/21/2022,CUST02327,Sunita Mehta,23,Male,West,Mumbai,Clothing,Dress,3,1462.24,0.05,6441.47,2494.41,69.71,Credit Card,3,FALSE,Shipped,7
ORD-02049,6/21/2022,CUST42115,Pooja Chatterjee,55,Female,North,Delhi,Beauty,Sunscreen,7,2037.82,0.02,21578.84,9156.6,69.79,Credit Card,3,FALSE,Shipped,8
ORD-02047,6/20/2022,CUST63577,Sunita Iyer,49,Male,Central,Indore,Groceries,Flour,8,377.69,0.27,3219.24,244.77,42.69,Credit Card,1,FALSE,delivered,4
ORD-02046,6/19/2022,CUST75262,Ananya Mehta,22,Female,Central,Raipur,Electronics,Laptop,1,40586.06,0.03,56057.11,7068.43,52.63,Debit Card,4,FALSE,Delivered,10
ORD-02045,6/18/2022,CUST85893,Meera Pillai,25,Female,South,Bangalore,Groceries,Flour,7,70.02,0.29,494.91,44.9,75.32,UPI,2,FALSE,Pending,5
ORD-02044,6/18/2022,CUST01603,Kavya Verma,30,Female,South,Chennai,Furniture,Desk,8,25000.7,0.06,272564.22,76789.22,67.03,Debit Card,4,FALSE,Delivered,1
ORD-02043,6/18/2022,CUST44040,Rahul Bose,31,Female,East,Bhubaneswar,Beauty,Hair Oil,4,1974.29,0.37,8398,3117.66,87.34,Credit Card,1,TRUE,Returned,9
ORD-02042,6/18/2022,CUST37864,Sanjay Kapoor,49,Other,South,Hyderabad,Sports,Cycle,1,3118.43,0.23,3847.49,1157.76,70.54,Credit Card,4,FALSE,Delivered,3
ORD-02041,6/18/2022,CUST04308,Sanjay Singh,29,Male,East,Kolkata,Electronics,Smartwatch,8,15107.58,0.15,173570.72,21830.12,77.28,Cash on Delivery,4,FALSE,Delivered,10
ORD-02040,6/17/2022,CUST10264,Ritu Bose,21,Other,North,Ludhiana,Beauty,Hair Oil,9,217.37,0.23,2271.02,949.07,51.63,EMI,2,TRUE,Returned,8
ORD-02039,6/17/2022,CUST14314,Karan Singh,38,Other,East,Patna,Sports,Yoga Mat,6,14693.99,0.23,98156.4,22834.62,68.94,Debit Card,2,FALSE,Delivered,4
ORD-02038,6/17/2022,CUST04354,Meera Verma,50,Other,East,Bhubaneswar,Beauty,Face Cream,2,884.91,0.29,2004.25,1116.42,82.19,Credit Card,2,FALSE,Shipped,3
ORD-02036,6/16/2022,CUST01271,Ritu Gupta,21,Female,South,Chennai,Groceries,Cooking Oil,9,468.64,0.21,5155.01,228.82,46.36,Credit Card,4,FALSE,Delivered,5
ORD-02035,6/16/2022,CUST24912,Vikram Chatterjee,20,Female,South,Kochi,Groceries,Flour,3,328.35,0.36,955.25,66.63,38.42,Credit Card,1,TRUE,Returned,3
ORD-02034,6/15/2022,CUST52824,Sanjay Rao,45,Male,East,Bhubaneswar,Clothing,Kurta,3,3907.45,0.07,16325.84,7720.27,94.28,EMI,4,FALSE,Delivered,5
ORD-02033,6/15/2022,CUST51814,Ritu Kumar,38,Other,East,Guwahati,Sports,Tennis Racket,9,12169.11,0.1,140742.77,29276.65,63.19,Net Banking,5,FALSE,Pending,8
ORD-02032,6/14/2022,CUST87100,Priya Das,31,Female,North,Chandigarh,Sports,Dumbbells,1,9438.79,0.06,12679.99,2911.92,48.64,Net Banking,3,FALSE,Delivered,8
ORD-02030,6/14/2022,CUST98295,Ritu Rao,17,Male,West,Pune,Sports,Football,1,13827.19,0.4,13665.74,2472.59,24.48,Net Banking,3,FALSE,Cancelled,3
ORD-02029,6/13/2022,CUST10164,Nisha Bose,49,Other,East,Bhubaneswar,Electronics,Smartphone,2,67980.1,0.22,166434.21,17621.96,84.59,Net Banking,3,FALSE,Delivered,9
ORD-02028,6/13/2022,CUST57353,Meera Singh,28,Male,Central,Bhopal,Groceries,Tea,1,431.51,0.26,545.27,23.26,56.68,UPI,3,FALSE,Delivered,5
ORD-02027,6/13/2022,CUST24879,Kavya Chatterjee,50,Female,South,Chennai,Furniture,Chair,3,16614.08,0.33,50453.16,12964.62,63.05,Credit Card,2,TRUE,Returned,5
ORD-02026,6/12/2022,CUST80310,Deepa Kapoor,28,Other,Central,Bhopal,Groceries,Tea,8,115.46,0.22,1183.48,105.86,42.35,EMI,4,FALSE,Cancelled,8
ORD-02023,6/10/2022,CUST72866,Vikram Mishra,41,Male,North,Amritsar,Sports,Tennis Racket,4,11418.62,0.21,52022.28,11855.66,52.64,Cash on Delivery,2,FALSE,Delivered,1
ORD-02022,6/10/2022,CUST15844,Rohan Verma,39,Female,East,Guwahati,Clothing,Kurta,3,1256.16,0.05,5186.09,2331.26,90.36,EMI,5,FALSE,Delivered,9
ORD-02020,6/10/2022,CUST31285,Ananya Patel,33,Other,West,Pune,Groceries,Flour,8,267.91,0.03,2920.99,292.84,61.35,Cash on Delivery,2,FALSE,Delivered,1
ORD-02019,6/9/2022,CUST93903,Karan Patel,28,Other,Central,Indore,Groceries,Sugar,10,430.31,0.09,5372.93,397.37,47.6,Net Banking,1,FALSE,Delivered,2
ORD-02018,6/9/2022,CUST30360,Deepa Patel,26,Female,East,Kolkata,Furniture,Chair,7,27994.03,0.19,268698.01,53596.61,69.11,Cash on Delivery,3,FALSE,Cancelled,2
ORD-02017,6/9/2022,CUST95440,Rohan Iyer,32,Other,North,Chandigarh,Beauty,Shampoo,8,1772.53,0.28,15579.91,4615.51,68.18,EMI,1,TRUE,Returned,3
ORD-02016,6/9/2022,CUST87101,Nikhil Bose,20,Male,East,Guwahati,Groceries,Cooking Oil,4,342.63,0.04,1796.99,105.07,65.4,UPI,3,FALSE,Delivered,2
ORD-02015,6/7/2022,CUST43193,Rahul Mehta,36,Other,South,Kochi,Furniture,Chair,1,22337.23,0.08,24297.67,7115.37,44.4,UPI,3,FALSE,Delivered,10
ORD-02014,6/6/2022,CUST26242,Rohan Chatterjee,50,Female,North,Delhi,Furniture,Sofa,9,18354.53,0.4,119623.01,46776.23,60.02,Credit Card,3,FALSE,delivered,10
ORD-02012,6/6/2022,CUST50838,Sunita Sharma,35,Male,North,Amritsar,Beauty,Hair Oil,3,151.66,0.28,490.46,194.08,50.29,UPI,3,FALSE,Delivered,1
ORD-02011,6/5/2022,CUST67385,Kavya Shah,52,Female,West,Pune,Sports,Cricket Bat,10,6308.82,0.36,65319.25,13727.44,63.87,Net Banking,1,TRUE,Returned,7
ORD-02009,6/5/2022,CUST02356,Aarav Kapoor,28,Other,East,Kolkata,Furniture,Desk,5,34373.42,0.27,169000.08,50613.06,89.82,Debit Card,1,TRUE,Returned,5
ORD-02008,6/4/2022,CUST38535,Ritu Chatterjee,24,Female,North,Ludhiana,Books,Comic Book,5,1362.67,0.35,6858.54,3271.94,53.41,Net Banking,2,FALSE,Delivered,7
ORD-02007,6/4/2022,CUST96054,Ritu Nair,40,Other,East,Bhubaneswar,Electronics,Smartphone,7,21000.78,0.3,174189.34,24923.4,115.73,UPI,5,FALSE,Delivered,6
ORD-02006,6/4/2022,CUST22452,Sanjay Verma,8,Other,North,Amritsar,Clothing,Jeans,7,2943.52,0.27,21771.76,5661.41,21.72,Credit Card,4,FALSE,Shipped,3
ORD-02005,6/3/2022,CUST62519,Priya Joshi,46,Female,South,Bangalore,Beauty,Sunscreen,10,1635.87,0.21,18889.25,9364.27,65.41,Cash on Delivery,4,FALSE,Delivered,4
ORD-02004,6/3/2022,CUST71669,Nikhil Singh,17,Other,West,Mumbai,Books,Self-Help Book,4,664.43,0.18,2827.28,858.56,89.26,Net Banking,3,FALSE,Delivered,8
ORD-02003,6/2/2022,CUST91911,Sunita Mishra,24,Other,Central,Raipur,Electronics,Smartwatch,7,72204.48,0.06,746567.96,96807.83,51.76,Net Banking,4,FALSE,Delivered,3
ORD-02002,6/2/2022,CUST93495,Karan Mehta,24,Other,Central,Nagpur,Electronics,Smartphone,4,79903.31,0.19,381040.75,46291.37,49.66,Credit Card,2,FALSE,Delivered,9
ORD-02001,6/2/2022,CUST78982,Deepa Reddy,27,Other,Central,Nagpur,Sports,Cricket Bat,2,1793.14,0.22,4474.84,1103.43,40.65,Cash on Delivery,2,TRUE,Returned,9
ORD-02000,6/2/2022,CUST60137,Sanjay Sharma,35,Female,East,Patna,Sports,Cricket Bat,6,6661.26,0.13,55550.3,11352.36,99.9,Cash on Delivery,2,FALSE,Delivered,8
ORD-01999,6/1/2022,CUST83431,Aditya Patel,53,Other,West,Mumbai,Beauty,Sunscreen,7,1167.86,0.15,10729.59,5022.26,56.89,Debit Card,2,FALSE,Delivered,8
ORD-01997,6/1/2022,CUST56393,Sunita Rao,32,Male,North,Chandigarh,Groceries,Dal (1kg),9,493.26,0.08,6307.15,506.13,45.11,UPI,3,FALSE,Cancelled,9
ORD-01996,6/1/2022,CUST48253,Meera Kumar,36,Male,North,Chandigarh,Clothing,Saree,5,451.03,0.19,2632.07,1165.89,23.32,Net Banking,5,FALSE,Delivered,10
ORD-01995,5/30/2022,CUST56565,Sunita Joshi,25,Male,East,Bhubaneswar,Groceries,Tea,9,363.51,0.23,3460.81,307.15,84.69,Cash on Delivery,4,TRUE,Returned,7
ORD-01993,5/30/2022,CUST20457,Vikram Kumar,40,Other,North,Ludhiana,Sports,Tennis Racket,9,14422.23,0.21,145427.41,40739.98,58.92,EMI,5,FALSE,Delivered,1
ORD-01992,5/30/2022,CUST42274,Nisha Reddy,38,Other,South,Chennai,Sports,Tennis Racket,10,2313.34,0.07,26178.67,6071.72,54.61,Debit Card,1,TRUE,Returned,3
ORD-01991,5/30/2022,CUST25027,Nisha Mishra,24,Female,East,Bhubaneswar,Beauty,Hair Oil,8,1075.32,0.25,9458.95,4920.35,101.65,Credit Card,1,TRUE,Returned,8
ORD-01989,5/28/2022,CUST57444,Amit Bose,30,Female,North,Ludhiana,Clothing,Jeans,2,3929.54,0.16,9882.86,4050.34,67.09,Cash on Delivery,3,FALSE,Delivered,5
ORD-01988,5/28/2022,CUST56529,Sunita Bose,29,Other,Central,Bhopal,Sports,Yoga Mat,3,1982.04,0.26,6584.46,1776.74,74.51,Net Banking,1,TRUE,Returned,2
ORD-01987,5/28/2022,CUST54169,Meera Pillai,23,Male,West,Mumbai,Electronics,Headphones,6,5871.14,0.18,43719.56,4755.5,68.01,Debit Card,2,FALSE,Delivered,5
ORD-01986,5/27/2022,CUST51062,Vikram Kumar,22,Male,West,Ahmedabad,Groceries,Tea,2,190.58,0.32,399.58,33.13,70.16,Cash on Delivery,4,FALSE,Delivered,8
ORD-01985,5/26/2022,CUST62252,Vikram Mehta,22,Male,Central,Bhopal,Sports,Dumbbells,4,871.51,0.38,3475.68,572.32,44.83,UPI,3,FALSE,Delivered,3
ORD-01984,5/26/2022,CUST04061,Karan Sharma,31,Female,West,Mumbai,Clothing,Kurta,10,1278.88,0.2,17829.4,6153.63,43.3,Credit Card,3,FALSE,Delivered,8
ORD-01983,5/26/2022,CUST55032,Meera Nair,26,Other,Central,Nagpur,Sports,Dumbbells,3,6064.09,0.03,24706.43,6641.4,55.09,Credit Card,2,FALSE,Delivered,6
ORD-01982,26/05/2022,CUST60037,Shreya Singh,45,Other,South,Chennai,Books,Cook Book,2,567.24,0.14,1366.97,547.22,86.26,Net Banking,4,FALSE,Delivered,3
ORD-01981,5/25/2022,CUST59895,Sanjay Rao,34,Male,East,Bhubaneswar,Electronics,Smartwatch,10,74467.03,0.06,941142.08,81264.87,92.07,EMI,4,FALSE,Delivered,10
ORD-01979,25/05/2022,CUST52587,Rohan Das,46,Male,North,Amritsar,Beauty,Hair Oil,8,1707.74,0.01,18873.13,10051.04,76.8,Debit Card,2,FALSE,Delivered,3
ORD-01978,5/24/2022,CUST43165,Kavya Kumar,15,Other,South,Chennai,Electronics,Headphones,7,48577.53,0.07,483408.08,36816.91,57.45,EMI,2,FALSE,Delivered,4
ORD-01977,5/23/2022,CUST02433,Arjun Gupta,27,Other,North,Ludhiana,Furniture,Wardrobe,2,14453.77,0.22,32603.05,8034.59,53.68,UPI,5,FALSE,Delivered,9
ORD-01976,5/23/2022,CUST97057,Sanjay Mishra,19,Male,South,Hyderabad,Books,Biography,2,925.2,0.09,2492.19,582.47,86.46,Debit Card,5,FALSE,Cancelled,10
ORD-01974,5/22/2022,CUST96684,Rahul Pillai,25,Female,South,Bangalore,Books,Self-Help Book,1,429.32,0.37,331.72,193.26,89.48,Net Banking,3,FALSE,Cancelled,9
ORD-01973,5/22/2022,CUST45923,Ananya Rao,22,Male,West,Ahmedabad,Electronics,Headphones,2,72469.02,0.38,127833.79,12280.09,49.21,Net Banking,4,FALSE,Cancelled,1
ORD-01972,5/21/2022,CUST38989,Shreya Pillai,47,Female,West,Pune,Groceries,Rice (5kg),2,209.57,0.4,406.36,24.52,47.01,EMI,3,FALSE,Delivered,8
ORD-01971,5/21/2022,CUST35736,Pooja Verma,28,Other,Central,Nagpur,Furniture,Chair,10,28073.85,0.05,383279,108417.14,54.05,EMI,1,FALSE,Delivered,8
ORD-01970,5/21/2022,CUST49802,Arjun Mishra,28,Male,North,Delhi,Furniture,Desk,9,25541.61,0.2,282283.64,106013.67,68.96,Cash on Delivery,3,FALSE,Delivered,4
ORD-01967,5/20/2022,CUST03799,Rohan Bose,38,Female,North,Chandigarh,Books,Comic Book,5,951.75,0.02,5936.18,2402.75,54.03,EMI,3,FALSE,Delivered,6
ORD-01966,5/18/2022,CUST97427,Priya Bose,15,Female,North,Amritsar,Sports,Tennis Racket,1,2681.34,0.12,3807.13,587.09,75.5,UPI,3,TRUE,Returned,4
ORD-01965,5/18/2022,CUST41329,Nikhil Verma,37,Female,West,Mumbai,Clothing,Saree,9,2779.53,0.35,21070.99,8557.51,60.61,EMI,2,FALSE,Delivered,7
ORD-01964,5/17/2022,CUST41576,Vikram Das,38,Female,West,Pune,Books,Biography,10,550.81,0.07,6670.17,3295.18,67.61,Cash on Delivery,4,FALSE,Delivered,4
ORD-01963,16/05/2022,CUST48981,Rahul Bhat,34,Female,West,Ahmedabad,Clothing,Saree,6,3595.66,0.08,28857.83,14157.85,33.61,Net Banking,3,FALSE,Delivered,5
ORD-01962,16/05/2022,CUST39536,Sunita Rao,53,Female,North,Ludhiana,Books,Cook Book,6,308.33,0.17,2120.28,875.63,48.94,Credit Card,4,FALSE,delivered,5
ORD-01961,5/16/2022,CUST60023,Rohan Rao,32,Female,West,Mumbai,Sports,Dumbbells,6,1826.8,0.07,14790.65,3473.29,74.41,Credit Card,2,TRUE,Returned,6
ORD-01960,5/16/2022,CUST87825,Karan Kumar,35,Female,South,Chennai,Groceries,Tea,4,88.31,0.38,308.15,28.01,51.4,EMI,3,TRUE,Returned,5
ORD-01959,5/16/2022,CUST38124,Amit Sharma,48,Female,South,Hyderabad,Beauty,Shampoo,1,2120.93,0.22,2475.08,882.31,64.27,Debit Card,5,FALSE,Delivered,5
ORD-01957,5/15/2022,CUST64737,Rahul Kapoor,57,Other,North,Amritsar,Electronics,Headphones,5,40573.07,0.31,232526.04,20245.06,51.87,UPI,5,FALSE,Delivered,5
ORD-01956,5/15/2022,CUST35857,Nisha Patel,48,Other,East,Kolkata,Beauty,Face Cream,2,722.06,0.2,2091.67,471.88,87.98,Net Banking,5,FALSE,Shipped,3
ORD-01954,5/14/2022,CUST34853,Sanjay Das,29,Other,West,Surat,Groceries,Tea,5,218.21,0.33,1300.18,113.46,55.11,Credit Card,5,FALSE,Shipped,9
ORD-01953,5/13/2022,CUST12422,Nikhil Kumar,33,Female,North,Chandigarh,Books,Self-Help Book,8,941.99,0.39,6393.22,2237.36,56.26,EMI,1,TRUE,Returned,9
ORD-01952,5/13/2022,CUST78875,Nikhil Mishra,44,Male,East,Patna,Groceries,Cooking Oil,3,284.88,0.26,817.39,50.93,105.48,UPI,3,TRUE,Returned,10
ORD-01951,5/11/2022,CUST38752,Pooja Sharma,52,Female,South,Bangalore,Clothing,Jeans,5,3102.98,0.11,20951.58,8948.88,34.13,UPI,5,FALSE,Delivered,8
ORD-01950,5/11/2022,CUST82536,Sanjay Bose,17,Female,West,Mumbai,Groceries,Cooking Oil,8,186.85,0.28,1720.56,141.73,50.9,Debit Card,1,FALSE,Cancelled,6
ORD-01949,5/11/2022,CUST55786,Deepa Mehta,20,Female,South,Chennai,Beauty,Face Cream,6,2429.19,0.34,14916.43,8055.68,40.45,UPI,2,FALSE,Delivered,10
ORD-01948,5/10/2022,CUST73300,Nikhil Singh,22,Female,West,Surat,Furniture,Wardrobe,4,18771.18,0.12,90435.12,21095.21,68.93,Net Banking,5,FALSE,Delivered,1
ORD-01947,5/10/2022,CUST34455,Meera Rao,35,Male,South,Kochi,Sports,Tennis Racket,3,9576.43,0.23,35621.92,9543.5,20.04,UPI,2,FALSE,Delivered,2
ORD-01946,5/9/2022,CUST58038,Arjun Joshi,43,Other,West,Pune,Groceries,Rice (5kg),10,378.93,0.36,3399.01,209.1,60.05,Credit Card,1,FALSE,Delivered,1
ORD-01945,5/8/2022,CUST15198,Aarav Bhat,33,Other,Central,Nagpur,Clothing,T-Shirt,7,607.95,0.38,3644.03,1026.1,64.63,Net Banking,3,FALSE,Delivered,1
ORD-01944,5/8/2022,CUST18548,Rahul Bose,31,Male,East,Guwahati,Beauty,Sunscreen,4,1176.04,0.18,6347.47,2342.58,88.08,Net Banking,4,FALSE,Delivered,6
ORD-01943,5/8/2022,CUST27635,Arjun Chatterjee,36,Female,West,Ahmedabad,Sports,Tennis Racket,4,9134.37,0.29,34788.58,8944.34,65.47,Net Banking,5,FALSE,Delivered,4
ORD-01942,5/8/2022,CUST68557,Sunita Patel,43,Male,North,Amritsar,Books,Cook Book,6,1175.95,0.21,6295.77,2412.95,48.24,UPI,1,FALSE,Delivered,8
ORD-01941,5/6/2022,CUST72548,Vikram Verma,40,Female,Central,Bhopal,Beauty,Face Cream,5,663.74,0.09,4621.52,2166.11,60.08,Credit Card,2,FALSE,Delivered,4
ORD-01940,6/5/2022,CUST29935,Sanjay Mishra,30,Female,West,Surat,Beauty,Sunscreen,8,2364.86,0.15,20195.66,11817.43,58.27,Debit Card,5,FALSE,Delivered,5
ORD-01938,5/5/2022,CUST09891,Ananya Rao,42,Female,Central,Indore,Books,Fiction Novel,7,1019.7,0.33,6327.55,3242.6,49.01,Credit Card,5,FALSE,Delivered,6
ORD-01937,5/5/2022,CUST01091,Sunita Das,32,Male,West,Pune,Beauty,Shampoo,3,1685.48,0.05,6564.17,3034.89,79.19,Debit Card,1,FALSE,Cancelled,1
ORD-01936,5/5/2022,CUST63093,Nikhil Gupta,35,Other,West,Mumbai,Electronics,Laptop,4,35805.64,0.22,175898.51,16761.62,64.56,Net Banking,2,FALSE,Cancelled,9
ORD-01935,5/4/2022,CUST62118,Deepa Kumar,34,Female,North,Chandigarh,Groceries,Tea,6,429.91,0.13,2947.93,145.45,42.69,Debit Card,5,FALSE,Delivered,3
ORD-01934,5/4/2022,CUST13888,Nikhil Verma,14,Female,East,Bhubaneswar,Clothing,Dress,1,487.63,0.12,645.7,264.52,80.56,Net Banking,3,FALSE,Shipped,6
ORD-01933,5/3/2022,CUST20246,Amit Singh,45,Male,Central,Raipur,Beauty,Hair Oil,5,434.1,0.36,2157.36,864.87,41.13,UPI,4,FALSE,delivered,7
ORD-01932,5/3/2022,CUST81283,Kavya Joshi,54,Female,Central,Nagpur,Furniture,Desk,8,31153.02,0.2,268467.06,50396.19,31.05,EMI,1,FALSE,Delivered,7
ORD-01931,5/3/2022,CUST56329,Amit Shah,36,Other,Central,Indore,Electronics,Laptop,9,58361.52,0.14,656523.77,75288.8,48.7,Cash on Delivery,3,FALSE,Delivered,6
ORD-01929,5/2/2022,CUST34607,Amit Das,15,Other,East,Guwahati,Furniture,Bed Frame,3,20759.26,0.28,64376.44,13716.94,81.77,Net Banking,3,FALSE,Delivered,10
ORD-01928,5/2/2022,CUST06307,Ananya Reddy,56,Male,South,Bangalore,Sports,Cycle,1,9069.14,0.29,8752.76,1861.72,32.62,Debit Card,4,FALSE,pending,5
ORD-01927,5/2/2022,CUST95099,Nisha Verma,23,Other,West,Pune,Clothing,Kurta,9,2847.87,0.1,33393.53,12191.27,82.56,Debit Card,2,FALSE,Cancelled,1
ORD-01926,5/2/2022,CUST98569,Amit Joshi,29,Female,West,Mumbai,Beauty,Lipstick,4,1147.98,0.2,6361.05,3168.26,65.04,Credit Card,4,FALSE,Shipped,3
ORD-01925,5/1/2022,CUST73689,Meera Chatterjee,41,Male,South,Kochi,Clothing,Jeans,9,3373.39,0.02,45729.43,18565.86,73.18,Cash on Delivery,2,FALSE,Delivered,4
ORD-01924,4/30/2022,CUST39294,Amit Reddy,30,Female,South,Chennai,Groceries,Sugar,1,306.96,0.37,278.33,24.24,44.4,UPI,1,FALSE,Delivered,3
ORD-01923,4/30/2022,CUST85826,Kavya Mishra,51,Male,West,Surat,Groceries,Cooking Oil,1,478.65,0.01,646.28,61.75,46.06,EMI,3,FALSE,Cancelled,1
ORD-01922,4/30/2022,CUST64561,Deepa Das,55,Other,South,Hyderabad,Groceries,Rice (5kg),1,116.8,0.34,98.72,7.87,74.41,Credit Card,4,FALSE,Delivered,3
ORD-01921,4/29/2022,CUST32688,Ananya Mehta,16,Male,East,Kolkata,Books,Textbook,7,331.77,0.38,1662.51,587.87,93.29,Credit Card,3,FALSE,Delivered,2
ORD-01920,4/29/2022,CUST28329,Vikram Sharma,28,Male,West,Mumbai,Groceries,Sugar,10,321.34,0.16,4232.71,408.89,47.89,Credit Card,1,FALSE,delivered,9
ORD-01919,4/28/2022,CUST47510,Ritu Gupta,37,Female,East,Kolkata,Groceries,Flour,2,104.13,0.39,155.91,16.21,58.21,EMI,3,TRUE,Returned,10
ORD-01918,4/28/2022,CUST04256,Ananya Bhat,35,Male,South,Bangalore,Electronics,Smartphone,6,39743.58,0.06,290848.39,32188.69,78.1,UPI,5,FALSE,Delivered,45
ORD-01917,4/28/2022,CUST61040,Aditya Sharma,21,Male,West,Ahmedabad,Groceries,Flour,9,150.66,0.3,1376.18,82.84,30.25,EMI,5,FALSE,Delivered,4
ORD-01916,4/27/2022,CUST40084,Aarav Rao,47,Male,South,Chennai,Groceries,Tea,4,288.13,0.01,1536.04,122.61,62.28,Net Banking,2,FALSE,shipped,7
ORD-01915,4/27/2022,CUST50959,Rahul Kapoor,35,Male,North,Chandigarh,Sports,Dumbbells,8,13974.28,0.21,125535.27,26988.18,63.87,UPI,4,FALSE,Pending,3
ORD-01913,4/25/2022,CUST36526,Ananya Kapoor,2,Other,Central,Nagpur,Sports,Tennis Racket,9,1049.52,0.1,10418.77,2621.33,73.93,EMI,2,FALSE,Delivered,5
ORD-01911,4/24/2022,CUST11183,Aditya Patel,19,Female,East,Kolkata,Books,Fiction Novel,5,610.98,0.16,3679.38,1422.56,53.99,Cash on Delivery,4,FALSE,Delivered,4
ORD-01910,4/24/2022,CUST00866,Nisha Joshi,18,Female,Central,Raipur,Electronics,Tablet,1,23696.79,0.36,19360.65,2981.96,18.02,EMI,4,FALSE,Delivered,9
ORD-01909,4/24/2022,CUST04537,Meera Sharma,37,Other,North,Amritsar,Books,Cook Book,10,549.69,0.15,6379.06,2818.11,41.87,EMI,2,TRUE,Returned,5
ORD-01907,4/23/2022,CUST58083,Sanjay Kapoor,31,Male,Central,Raipur,Sports,Cricket Bat,6,12397.94,0.35,69539.73,14673.82,51.27,UPI,2,FALSE,Delivered,1
ORD-01905,4/21/2022,CUST28422,Ananya Nair,35,Female,West,Pune,Books,Cook Book,5,540.77,0.28,2814.83,1625.95,54.23,EMI,5,FALSE,Delivered,7
ORD-01904,4/21/2022,CUST84621,Pooja Kumar,31,Other,East,Guwahati,Electronics,Tablet,5,7801.31,0.4,32476.66,4169.84,72.94,Credit Card,5,FALSE,Delivered,7
ORD-01902,4/20/2022,CUST14081,Nikhil Reddy,26,Other,Central,Bhopal,Electronics,Laptop,5,8793.32,0.25,45113.12,6647.66,30.21,UPI,1,FALSE,Delivered,10
ORD-01901,4/20/2022,CUST72800,Vikram Rao,46,Other,East,Kolkata,Books,Biography,2,231.44,0.36,417.99,155.21,103.55,EMI,3,FALSE,Cancelled,8
ORD-01899,4/17/2022,CUST81485,Amit Bose,18,Other,West,Surat,Furniture,Bookshelf,5,15688.53,0.03,85481.83,16735.14,49.69,Credit Card,4,FALSE,Delivered,10
ORD-01898,4/17/2022,CUST93402,Sanjay Joshi,37,Female,East,Bhubaneswar,Groceries,Rice (5kg),10,64.44,0.04,923.93,67.39,69.3,UPI,3,TRUE,Returned,2
ORD-01897,4/17/2022,CUST32469,Sanjay Nair,35,Other,West,Ahmedabad,Beauty,Shampoo,2,1778.44,0.11,3512.3,1648.35,93.12,Debit Card,1,TRUE,Returned,7
ORD-01896,4/17/2022,CUST56422,Kavya Shah,23,Female,East,Kolkata,Sports,Cricket Bat,1,8106.93,0.27,7375.32,1061.19,82.98,Credit Card,3,FALSE,Delivered,4
ORD-01895,4/16/2022,CUST07132,Meera Mishra,32,Other,Central,Nagpur,Groceries,Dal (1kg),6,85.52,0.26,564.09,43.08,32.8,Debit Card,4,FALSE,Delivered,7
ORD-01894,4/16/2022,CUST28783,Rohan Shah,42,Male,East,Bhubaneswar,Beauty,Perfume,7,2235.02,0.37,11756.21,7295.66,68.83,UPI,1,TRUE,Returned,8
ORD-01893,4/16/2022,CUST98008,Amit Singh,39,Female,Central,Bhopal,Clothing,Dress,3,3710.29,0.05,14616.34,5360.81,62.88,Cash on Delivery,4,FALSE,Delivered,4
ORD-01892,4/16/2022,CUST98022,Rahul Reddy,51,Other,West,Surat,Beauty,Shampoo,7,1556.32,0.13,12767.61,6509.98,58.7,UPI,5,FALSE,Delivered,9
ORD-01891,4/15/2022,CUST26370,Deepa Mishra,23,Other,West,Pune,Furniture,Desk,8,34992.04,0.11,286556.78,82342.39,35.17,EMI,4,FALSE,Pending,1
ORD-01890,4/15/2022,CUST59516,Priya Nair,46,Female,South,Kochi,Clothing,T-Shirt,8,2375.65,0.39,14431.7,5032.2,74.26,UPI,3,FALSE,Delivered,5
ORD-01889,4/15/2022,CUST95351,Amit Bhat,40,Male,North,Amritsar,Sports,Yoga Mat,5,7694.53,0.2,39253.99,7429.11,45.05,Net Banking,2,TRUE,Returned,2
ORD-01888,4/14/2022,CUST48280,Aarav Pillai,38,Female,West,Ahmedabad,Groceries,Sugar,7,366.53,0.01,3649.29,335.94,46.6,Cash on Delivery,2,FALSE,Delivered,2
ORD-01887,4/13/2022,CUST32630,Vikram Shah,27,Male,Central,Raipur,Sports,Tennis Racket,8,10307.31,0.04,110726.11,34280.73,65.12,UPI,4,FALSE,Delivered,8
ORD-01886,4/12/2022,CUST07676,Pooja Sharma,39,Other,West,Pune,Sports,Dumbbells,3,3135.03,0.09,11451.49,2694.43,82.19,Debit Card,1,TRUE,Returned,3
ORD-01885,4/12/2022,CUST27246,Ananya Mehta,39,Female,South,Bangalore,Books,Self-Help Book,10,231.25,0.27,2387.56,908.86,50.77,Cash on Delivery,1,FALSE,Pending,5
ORD-01884,4/11/2022,CUST42306,Shreya Sharma,62,Female,West,Pune,Beauty,Perfume,7,519.13,0.35,3102.68,1514.19,82.54,Cash on Delivery,1,TRUE,Returned,9
ORD-01883,4/10/2022,CUST03672,Amit Shah,24,Male,West,Pune,Furniture,Bookshelf,9,11907.81,0.18,119048.66,42582.04,73.86,Cash on Delivery,5,FALSE,Delivered,10
ORD-01882,4/10/2022,CUST32524,Priya Joshi,56,Male,Central,Bhopal,Furniture,Sofa,10,34008.99,0.11,426011.42,100494.87,51.53,Cash on Delivery,1,FALSE,Cancelled,3
ORD-01880,4/10/2022,CUST68733,Nikhil Nair,37,Male,East,Patna,Groceries,Flour,2,153.14,0.29,289.25,25.46,77.75,UPI,5,FALSE,Delivered,8
ORD-01879,4/8/2022,CUST41248,Shreya Bose,18,Female,North,Amritsar,Groceries,Rice (5kg),6,160.93,0.38,746,49.52,43.23,UPI,4,FALSE,Delivered,5
ORD-01878,4/7/2022,CUST99942,Nisha Rao,30,Other,Central,Indore,Clothing,Saree,10,456.07,0.37,3899.94,1169.33,45,Cash on Delivery,5,FALSE,Delivered,9
ORD-01877,4/7/2022,CUST48958,Ritu Sharma,39,Male,South,Bangalore,Books,Fiction Novel,1,801.96,0.04,1115.18,461.7,65.93,Cash on Delivery,5,FALSE,Delivered,2
ORD-01875,7/4/2022,CUST64095,Arjun Das,30,Female,East,Patna,Clothing,Saree,7,411.78,0.28,3259.85,1493.17,93.37,Credit Card,1,TRUE,Returned,3
ORD-01874,4/7/2022,CUST43568,Pooja Kapoor,56,Male,East,Bhubaneswar,Books,Textbook,10,781.54,0.38,5556.24,2168.7,78.77,Net Banking,5,FALSE,Delivered,4
ORD-01873,4/6/2022,CUST87809,Kavya Das,32,Male,North,Chandigarh,Sports,Cricket Bat,3,12278.87,0.07,50117.69,7600.27,55.32,Debit Card,5,FALSE,Delivered,2
ORD-01872,4/6/2022,CUST60962,Shreya Rao,30,Male,North,Amritsar,Sports,Cricket Bat,10,8393.4,0.27,79799.46,13093.99,54.18,Net Banking,2,FALSE,Delivered,8
ORD-01871,4/5/2022,CUST74013,Arjun Singh,41,Female,North,Delhi,Electronics,Headphones,2,17140.58,0.38,30862.38,4123.18,34.79,Debit Card,2,FALSE,Delivered,5
ORD-01870,4/5/2022,CUST73941,Aditya Mehta,48,Male,East,Bhubaneswar,Groceries,Cooking Oil,2,393.55,0.02,1057.65,87.14,87.03,Debit Card,1,FALSE,Delivered,1
ORD-01869,4/4/2022,CUST89646,Rohan Shah,45,Other,East,Kolkata,Sports,Football,3,1955.47,0.16,6238.78,1430,93.12,Cash on Delivery,3,FALSE,Shipped,3
ORD-01868,4/4/2022,CUST05359,Aditya Mehta,26,Female,East,Kolkata,Electronics,Camera,8,64439.74,0.23,542100.67,80671.01,103.41,Debit Card,1,FALSE,Delivered,3
ORD-01867,4/3/2022,CUST11136,Meera Gupta,39,Other,East,Kolkata,Sports,Cricket Bat,4,1061.59,0.01,5761.67,990.61,66.63,Credit Card,1,FALSE,Delivered,7
ORD-01866,4/3/2022,CUST49530,Rohan Nair,29,Female,West,Pune,Electronics,Laptop,7,64794.43,0.05,532883.15,75066.29,73.84,Debit Card,2,TRUE,Returned,5
ORD-01865,4/2/2022,CUST36542,Sanjay Bhat,44,Female,North,Chandigarh,Electronics,Laptop,6,8309.27,0.28,51030.14,6755.64,53.74,Debit Card,5,FALSE,Delivered,8
ORD-01864,4/2/2022,CUST09459,Aarav Shah,44,Male,East,Guwahati,Clothing,Jacket,8,2007.46,0.07,22694.82,8877.57,29.19,Net Banking,5,FALSE,Delivered,8
ORD-01863,4/2/2022,CUST08965,Pooja Bose,49,Other,West,Ahmedabad,Furniture,Bookshelf,2,29772.1,0.21,57845.42,17251.72,57.47,Net Banking,2,FALSE,Pending,6
ORD-01862,4/2/2022,CUST38887,Aditya Nair,39,Other,West,Ahmedabad,Groceries,Dal (1kg),3,475.6,0.18,1586.7,154.07,65.63,Credit Card,1,FALSE,Shipped,10
ORD-01860,4/1/2022,CUST41096,Kavya Reddy,27,Male,West,Surat,Furniture,Bookshelf,10,21474.06,0.33,214328.13,31877.36,49.93,EMI,2,FALSE,Delivered,8
ORD-01859,4/1/2022,CUST93119,Nisha Joshi,46,Female,West,Ahmedabad,Groceries,Cooking Oil,4,330.31,0.23,1343.96,143.62,54.53,UPI,2,FALSE,Delivered,9
ORD-01856,3/31/2022,CUST17816,Nisha Das,22,Other,East,Guwahati,Electronics,Laptop,9,51210.29,0.26,431521.81,47793.41,80.02,EMI,3,FALSE,Delivered,7
ORD-01855,3/31/2022,CUST85967,Karan Chatterjee,35,Other,South,Chennai,Furniture,Chair,9,10240.02,0.33,76243.39,10430.54,83.76,Net Banking,3,FALSE,Delivered,4
ORD-01854,3/31/2022,CUST02552,Rahul Bhat,61,Other,Central,Bhopal,Clothing,Kurta,6,2927.23,0.17,15014.03,6682.89,76.05,Credit Card,1,TRUE,Returned,2
ORD-01853,3/30/2022,CUST27427,Ritu Reddy,49,Female,East,Patna,Books,Cook Book,7,1034.3,0.21,7324.98,2536.09,60.36,Credit Card,5,FALSE,Delivered,4
ORD-01852,3/30/2022,CUST44543,Shreya Nair,21,Female,Central,Nagpur,Beauty,Shampoo,1,2086.47,0.4,1378.93,777.51,51,EMI,5,FALSE,Shipped,6
ORD-01851,3/30/2022,CUST81634,Ananya Kumar,36,Male,West,Surat,Electronics,Tablet,1,28957.64,0.33,18619.85,1514.95,63.73,Debit Card,5,FALSE,Delivered,10
ORD-01850,3/30/2022,CUST64792,Amit Kumar,38,Male,South,Hyderabad,Sports,Cycle,4,14204.71,0.27,54400.72,13383.31,93.83,UPI,1,TRUE,Returned,10
ORD-01848,3/29/2022,CUST43339,Arjun Pillai,28,Male,South,Kochi,Sports,Cricket Bat,7,6478.95,0.22,43346.6,8443.99,69.59,EMI,1,FALSE,Delivered,2
ORD-01847,3/27/2022,CUST23650,Sanjay Patel,43,Male,South,Bangalore,Electronics,Headphones,6,36964.92,0.07,229078.34,22543.08,71.02,UPI,3,FALSE,Delivered,6
ORD-01846,3/27/2022,CUST07057,Karan Joshi,30,Female,Central,Bhopal,Electronics,Headphones,2,58913.07,0.37,86706.37,9273.59,54.91,Cash on Delivery,2,FALSE,Shipped,3
ORD-01845,3/27/2022,CUST10325,Ananya Joshi,27,Male,East,Guwahati,Electronics,Smartphone,7,49930.01,0.18,305814.52,52733.26,87.99,Credit Card,2,TRUE,Returned,1
ORD-01844,3/26/2022,CUST38409,Kavya Verma,46,Other,West,Surat,Clothing,Saree,6,2129.97,0.33,10588.9,4603.57,41.82,Net Banking,2,FALSE,Delivered,1
ORD-01843,3/26/2022,CUST28515,Nikhil Singh,29,Male,East,Guwahati,Furniture,Bed Frame,2,7344.48,0.18,14733.39,4347.31,74.59,Cash on Delivery,5,FALSE,Delivered,4
ORD-01842,3/26/2022,CUST29238,Nisha Kapoor,31,Male,South,Hyderabad,Groceries,Rice (5kg),4,240.11,0.22,999.98,98.61,73.81,Net Banking,3,FALSE,Delivered,10
ORD-01841,3/26/2022,CUST02321,Sunita Patel,26,Female,West,Surat,Beauty,Shampoo,10,160.57,0.38,1214.1,697.82,51.31,Credit Card,3,FALSE,Delivered,2
ORD-01840,3/26/2022,CUST17949,Ananya Patel,34,Female,Central,Indore,Furniture,Chair,4,31307.38,0.26,105074.92,26306.21,72.12,Cash on Delivery,4,FALSE,Delivered,4
ORD-01838,3/25/2022,CUST27510,Kavya Joshi,16,Female,West,Mumbai,Groceries,Cooking Oil,4,393.16,0.06,1961.61,197.05,79.1,UPI,5,FALSE,Delivered,4
ORD-01837,25/03/2022,CUST54771,Arjun Nair,26,Male,South,Chennai,Sports,Yoga Mat,9,8324.77,0.01,78776.93,19757.51,114.04,Net Banking,4,FALSE,Shipped,3
ORD-01836,3/25/2022,CUST59858,Arjun Chatterjee,51,Female,Central,Raipur,Clothing,Dress,4,3759.12,0.06,16565.63,5889.66,49.87,Cash on Delivery,3,FALSE,Delivered,1
ORD-01835,3/25/2022,CUST19761,Sanjay Gupta,35,Other,East,Bhubaneswar,Groceries,Rice (5kg),6,113.85,0.12,739.35,42.47,94.73,UPI,5,FALSE,Delivered,9
ORD-01833,3/24/2022,CUST97409,Shreya Patel,27,Female,South,Hyderabad,Books,Biography,5,845.02,0.38,3063.76,1423.14,65.17,EMI,3,FALSE,Delivered,7
ORD-01831,3/24/2022,CUST23447,Arjun Sharma,17,Male,Central,Nagpur,Clothing,Kurta,4,2766.72,0.34,8239.18,3180.32,51.11,Net Banking,5,FALSE,Delivered,7
ORD-01830,3/24/2022,CUST13979,Vikram Chatterjee,28,Male,South,Chennai,Books,Cook Book,9,200.61,0.28,1329.23,806.66,52.8,Net Banking,4,FALSE,delivered,9
ORD-01829,3/22/2022,CUST59422,Vikram Das,44,Other,Central,Raipur,Beauty,Face Cream,1,2044.93,0.23,1828.13,565,44.76,UPI,2,TRUE,Returned,2
ORD-01828,3/19/2022,CUST21183,Karan Joshi,50,Male,East,Patna,Furniture,Wardrobe,6,14556.36,0.03,99451.13,38970.92,88.32,EMI,3,FALSE,Delivered,9
ORD-01827,3/19/2022,CUST19509,Kavya Nair,13,Other,Central,Raipur,Beauty,Lipstick,1,2486.96,0.3,1982.36,610.56,67.35,Credit Card,2,FALSE,Delivered,10
ORD-01825,3/17/2022,CUST98135,Aarav Mehta,17,Other,South,Bangalore,Groceries,Dal (1kg),2,57.7,0.13,117.1,5.26,69.54,Cash on Delivery,4,FALSE,Pending,4
ORD-01823,3/16/2022,CUST35405,Pooja Mishra,35,Female,Central,Raipur,Sports,Cycle,4,5236.27,0.09,24896.51,4435.73,74.78,Cash on Delivery,1,FALSE,Shipped,8
ORD-01822,3/16/2022,CUST25475,Kavya Pillai,54,Female,East,Bhubaneswar,Clothing,Jacket,8,3480.42,0.26,26432.66,9634.62,82.01,EMI,2,TRUE,Returned,10
ORD-01819,3/15/2022,CUST63222,Priya Reddy,39,Female,East,Bhubaneswar,Furniture,Desk,3,5315.14,0.2,17403.33,5876.17,97.08,Credit Card,5,FALSE,Delivered,6
ORD-01818,3/15/2022,CUST25648,Rahul Rao,40,Other,West,Mumbai,Electronics,Smartphone,7,62327.01,0.11,437292.1,49721.96,38.92,Credit Card,2,FALSE,Delivered,5
ORD-01817,3/15/2022,CUST33739,Vikram Iyer,33,Other,North,Chandigarh,Books,Textbook,10,1209.42,0.39,9490.36,4575.74,31.85,Credit Card,3,FALSE,Delivered,6
ORD-01815,3/15/2022,CUST92618,Amit Pillai,44,Other,North,Chandigarh,Clothing,Saree,2,348.61,0.37,468.08,156.44,76.85,EMI,3,FALSE,Delivered,6
ORD-01814,3/14/2022,CUST08792,Rahul Gupta,26,Male,South,Bangalore,Clothing,Dress,10,1706.05,0.04,17995.41,6453.4,89.15,UPI,5,FALSE,Delivered,4
ORD-01813,3/12/2022,CUST37116,Nisha Das,47,Other,Central,Nagpur,Clothing,T-Shirt,1,1385.37,0.08,1543.45,661.84,62.19,Credit Card,2,FALSE,Delivered,5
ORD-01812,3/12/2022,CUST87331,Priya Iyer,37,Other,South,Hyderabad,Clothing,Saree,2,3062.06,0,6405.51,1929.46,60.97,Credit Card,4,FALSE,Delivered,6
ORD-01811,3/12/2022,CUST60426,Arjun Pillai,41,Other,South,Hyderabad,Sports,Dumbbells,7,14019.83,0.29,84559.35,18758.65,70.82,Debit Card,5,FALSE,Delivered,1
ORD-01810,3/11/2022,CUST43650,Arjun Patel,14,Other,East,Bhubaneswar,Furniture,Wardrobe,8,26505.13,0.04,238656.22,68339.51,84.53,Net Banking,5,FALSE,Delivered,7
ORD-01809,3/11/2022,CUST33015,Sunita Iyer,25,Other,South,Bangalore,Electronics,Headphones,9,15199.01,0.23,129545.79,19098.67,60.16,Cash on Delivery,1,FALSE,Delivered,6
ORD-01807,3/11/2022,CUST23271,Sanjay Shah,44,Other,Central,Indore,Electronics,Smartphone,7,73496.4,0.29,393016.21,42248.31,47.62,EMI,2,FALSE,Delivered,9
ORD-01806,3/10/2022,CUST55100,Rohan Rao,44,Male,West,Pune,Electronics,Laptop,8,33693.65,0.27,241104.48,26410.1,80.85,EMI,4,FALSE,Delivered,4
ORD-01805,3/10/2022,CUST13304,Sanjay Nair,44,Other,South,Hyderabad,Sports,Cycle,3,10264.85,0.09,30609.29,8490.63,39.51,Net Banking,5,FALSE,Delivered,8
ORD-01804,3/10/2022,CUST98137,Amit Mishra,21,Female,North,Delhi,Books,Self-Help Book,1,268.61,0.02,281.46,81.29,49.64,EMI,5,FALSE,Delivered,1
ORD-01803,3/8/2022,CUST75917,Nikhil Iyer,48,Female,North,Amritsar,Groceries,Sugar,1,259.95,0.3,210.74,16.68,40.85,Net Banking,3,FALSE,Delivered,9
ORD-01802,3/8/2022,CUST29312,Arjun Verma,35,Other,East,Kolkata,Beauty,Hair Oil,1,2317.49,0.12,2469.09,1307.37,92.14,Credit Card,4,FALSE,Delivered,4
ORD-01801,3/8/2022,CUST42354,Pooja Singh,30,Male,South,Chennai,Electronics,Smartphone,6,16805.34,0.37,72535.92,4060.33,71.78,Debit Card,4,FALSE,Delivered,3
ORD-01800,3/8/2022,CUST93477,Sunita Joshi,29,Female,South,Kochi,Books,Self-Help Book,1,1151.01,0.17,1165.98,528.79,79.86,Net Banking,5,FALSE,Delivered,1
ORD-01798,3/7/2022,CUST89556,Vikram Bose,31,Other,South,Kochi,Groceries,Rice (5kg),3,323.91,0,1207.23,88.05,64.99,Debit Card,1,FALSE,Cancelled,3
ORD-01797,3/7/2022,CUST91049,Arjun Bhat,30,Female,Central,Nagpur,Electronics,Smartphone,7,56508.01,0.17,346370.5,51195.31,55.94,EMI,1,FALSE,Cancelled,5
ORD-01794,3/5/2022,CUST42681,Deepa Joshi,40,Male,West,Pune,Sports,Football,1,1321.99,0.39,995.97,202.59,63.12,Debit Card,4,FALSE,Delivered,7
ORD-01793,3/5/2022,CUST72099,Aarav Das,44,Female,West,Mumbai,Furniture,Wardrobe,10,30639.28,0.33,251539.23,67740.72,51.84,UPI,1,FALSE,Delivered,4
ORD-01792,3/5/2022,CUST77726,Meera Kapoor,57,Other,South,Chennai,Electronics,Tablet,1,19912.96,0.27,19091.83,2309.9,49.5,Cash on Delivery,3,FALSE,Delivered,5
ORD-01791,3/4/2022,CUST01822,Priya Reddy,46,Female,West,Ahmedabad,Books,Textbook,9,1062.87,0.06,10261.94,4417.85,54.68,EMI,1,FALSE,Delivered,8
ORD-01789,3/4/2022,CUST43962,Rohan Mishra,49,Male,Central,Indore,Clothing,Kurta,1,2434.6,0.04,2589.54,635.65,29.56,EMI,3,FALSE,Delivered,1
ORD-01788,3/4/2022,CUST10753,Kavya Kumar,51,Male,Central,Indore,Beauty,Face Cream,6,153.84,0.09,1006.96,616.53,54.61,Debit Card,3,FALSE,Delivered,9
ORD-01787,3/3/2022,CUST70372,Deepa Verma,16,Female,West,Surat,Beauty,Hair Oil,8,1468.81,0.02,12672.79,4798.36,35.31,Cash on Delivery,4,FALSE,Delivered,8
ORD-01786,3/3/2022,CUST84190,Rohan Kapoor,26,Male,East,Bhubaneswar,Beauty,Shampoo,5,2389.78,0.27,9862.27,4445.3,88.28,Credit Card,1,FALSE,Delivered,6
ORD-01785,3/3/2022,CUST57566,Sanjay Kumar,36,Male,South,Chennai,Groceries,Rice (5kg),10,206.1,0.35,1777.49,133.97,79.95,UPI,2,FALSE,Delivered,1
ORD-01784,3/2/2022,CUST21830,Shreya Joshi,17,Other,South,Bangalore,Sports,Tennis Racket,5,5150.64,0.37,19963.26,3851.26,75.38,UPI,4,FALSE,Pending,3
ORD-01783,3/2/2022,CUST27111,Rohan Gupta,37,Female,West,Ahmedabad,Groceries,Flour,5,86.9,0.34,357.63,31.6,52.67,Net Banking,4,FALSE,Delivered,2
ORD-01782,3/2/2022,CUST00399,Sunita Patel,26,Female,Central,Bhopal,Furniture,Sofa,4,9797.48,0.19,35253.8,6234.5,54.57,Credit Card,4,FALSE,Delivered,10
ORD-01781,3/2/2022,CUST31446,Priya Singh,57,Female,North,Chandigarh,Beauty,Face Cream,6,583.99,0.26,2822.23,1322.69,22.05,Credit Card,4,FALSE,Shipped,6
ORD-01780,3/1/2022,CUST67461,Aditya Kapoor,16,Male,North,Chandigarh,Sports,Dumbbells,2,13902.39,0.37,20309.9,5540.98,37.83,Net Banking,3,FALSE,delivered,7
ORD-01779,2/28/2022,CUST52985,Karan Mehta,12,Female,East,Patna,Furniture,Desk,6,9814.26,0.23,39342.72,8877.95,54.67,UPI,1,TRUE,Returned,8
ORD-01778,2/28/2022,CUST75473,Nisha Kapoor,41,Other,East,Patna,Books,Textbook,8,1067.22,0.26,5458.98,2138.94,104.44,Debit Card,4,FALSE,Cancelled,4
ORD-01777,2/27/2022,CUST89073,Nisha Das,26,Female,South,Kochi,Clothing,Kurta,7,3036.93,0.24,15791.37,5788.85,87.14,Net Banking,1,FALSE,Delivered,10
ORD-01776,2/27/2022,CUST91761,Priya Patel,27,Female,East,Bhubaneswar,Sports,Dumbbells,10,5565.04,0.32,39181,7825.8,71.62,Credit Card,4,FALSE,Delivered,3
ORD-01774,2/25/2022,CUST82194,Meera Joshi,28,Other,East,Guwahati,Beauty,Hair Oil,2,2223.47,0.28,3216.13,1585.85,71.53,Debit Card,5,FALSE,Delivered,10
ORD-01773,2/23/2022,CUST06303,Arjun Shah,44,Female,North,Chandigarh,Furniture,Bed Frame,10,18135.2,0.08,146993.72,36601.82,42.09,Cash on Delivery,2,FALSE,Shipped,7
ORD-01772,2/23/2022,CUST66243,Sanjay Mehta,36,Other,South,Chennai,Clothing,T-Shirt,4,3567.47,0.14,11439.79,2952.33,90.15,Cash on Delivery,4,FALSE,Cancelled,4
ORD-01768,2/22/2022,CUST56693,Amit Bhat,50,Male,Central,Indore,Clothing,T-Shirt,7,3304.59,0.12,18587.24,8409.65,54.71,Debit Card,2,FALSE,Delivered,9
ORD-01767,2/21/2022,CUST86434,Kavya Joshi,37,Other,Central,Nagpur,Sports,Tennis Racket,6,4023.89,0.1,22623.39,2450.18,43.87,Credit Card,4,FALSE,Cancelled,2
ORD-01766,2/21/2022,CUST87890,Karan Mishra,46,Other,Central,Nagpur,Books,Textbook,4,378.9,0.39,957.41,235.48,29.15,Credit Card,5,FALSE,Delivered,3
ORD-01765,2/20/2022,CUST28045,Rahul Gupta,35,Female,North,Delhi,Books,Fiction Novel,3,477.72,0.39,901.37,311.79,41.76,EMI,1,TRUE,Returned,2
ORD-01764,2/19/2022,CUST85243,Meera Mehta,34,Male,North,Delhi,Groceries,Tea,10,459.8,0.32,3495.22,314,45.01,UPI,1,FALSE,Delivered,6
ORD-01762,2/19/2022,CUST02740,Kavya Gupta,41,Female,West,Ahmedabad,Electronics,Smartphone,9,9157.81,0.33,55730.83,7761.83,67.23,EMI,3,FALSE,Delivered,3
ORD-01761,2/19/2022,CUST42165,Vikram Joshi,60,Female,East,Kolkata,Clothing,Saree,1,944.02,0.18,670.28,181.9,78.51,Credit Card,5,FALSE,Delivered,3
ORD-01760,2/18/2022,CUST10245,Vikram Mehta,45,Other,Central,Bhopal,Beauty,Sunscreen,3,1152.55,0.19,3015.35,955.16,65.06,Cash on Delivery,1,FALSE,Delivered,2
ORD-01759,2/18/2022,CUST59330,Deepa Patel,34,Male,West,Surat,Groceries,Tea,4,421.19,0.39,993.67,79.81,83.46,UPI,3,FALSE,Delivered,6
ORD-01758,2/18/2022,CUST87654,Pooja Verma,24,Female,West,Surat,Books,Fiction Novel,5,433.78,0.16,1626.67,566.47,70.39,Cash on Delivery,5,FALSE,Delivered,9
ORD-01757,2/17/2022,CUST67988,Nikhil Kapoor,30,Other,South,Chennai,Beauty,Perfume,3,1566.52,0.37,2439.84,1173.24,81.77,EMI,1,TRUE,Returned,3
ORD-01756,2/17/2022,CUST12665,Pooja Sharma,35,Other,Central,Raipur,Furniture,Bed Frame,1,28755.19,0.03,24177.47,5824.34,35.93,EMI,4,FALSE,Delivered,4
ORD-01754,2/17/2022,CUST11385,Nisha Rao,46,Female,East,Guwahati,Furniture,Desk,6,33082.65,0.31,130650.07,42902.13,79.09,Net Banking,4,FALSE,Delivered,8
ORD-01751,2/16/2022,CUST01506,Sunita Mishra,36,Female,East,Guwahati,Groceries,Flour,10,340.07,0,3411.77,221.45,94.4,UPI,1,FALSE,delivered,10
ORD-01750,2/16/2022,CUST58944,Sunita Verma,12,Male,West,Mumbai,Furniture,Sofa,6,15789.89,0.27,56911.9,13231.78,66.76,Credit Card,1,TRUE,Returned,2
ORD-01749,2/15/2022,CUST77699,Deepa Joshi,17,Other,South,Chennai,Sports,Football,5,5142.95,0.05,24280.58,4000.08,50.97,EMI,1,TRUE,Returned,3
ORD-01748,2/15/2022,CUST68997,Pooja Kumar,56,Female,East,Kolkata,Clothing,Saree,10,3465.09,0.2,25651.74,8796.12,99.4,EMI,5,FALSE,Delivered,9
ORD-01747,2/14/2022,CUST14531,Meera Gupta,27,Male,North,Ludhiana,Furniture,Wardrobe,9,14001.85,0.05,118164.26,40660.47,55.44,UPI,1,TRUE,Returned,1
ORD-01746,2/14/2022,CUST09453,Arjun Gupta,30,Male,North,Delhi,Clothing,Jeans,4,3616.81,0.01,14243.78,3640.83,40.58,Debit Card,4,FALSE,Shipped,2
ORD-01743,2/13/2022,CUST21723,Kavya Gupta,31,Other,North,Ludhiana,Books,Comic Book,3,1239.02,0.3,2496.6,753.81,47.04,Credit Card,3,FALSE,Delivered,1
ORD-01742,2/13/2022,CUST91415,Aarav Gupta,44,Female,Central,Nagpur,Groceries,Dal (1kg),9,479.9,0.32,3253.67,232.06,40.19,Credit Card,4,FALSE,Shipped,3
ORD-01741,2/12/2022,CUST77934,Rahul Singh,42,Other,North,Amritsar,Sports,Tennis Racket,8,3604.43,0.14,22742.31,5019.11,45.29,Cash on Delivery,3,FALSE,Delivered,1
ORD-01740,2/12/2022,CUST21895,Sanjay Reddy,56,Male,South,Hyderabad,Clothing,Jeans,2,2432.6,0.26,3968.93,1931.36,84.81,Net Banking,5,FALSE,Delivered,8
ORD-01739,12/2/2022,CUST00395,Arjun Reddy,42,Male,North,Ludhiana,Beauty,Face Cream,7,881.3,0.24,4536.6,2608.91,49.35,UPI,2,FALSE,Delivered,3
ORD-01738,2/11/2022,CUST50460,Amit Mehta,40,Female,East,Bhubaneswar,Books,Biography,5,1456.57,0.27,4835.66,2312.44,71.9,Cash on Delivery,1,FALSE,Cancelled,4
ORD-01736,10/2/2022,CUST73835,Aditya Reddy,27,Female,West,Mumbai,Clothing,Dress,2,3211.68,0.36,3765.49,1384.04,46.54,EMI,4,FALSE,Delivered,8
ORD-01735,2/9/2022,CUST25514,Nikhil Bhat,49,Male,North,Ludhiana,Electronics,Headphones,6,56561.21,0.28,224338.28,29151.1,44.91,EMI,3,FALSE,Pending,6
ORD-01732,2/8/2022,CUST51801,Shreya Gupta,18,Male,South,Bangalore,Books,Fiction Novel,999,709.64,0.16,533420.31,141347.64,82.77,Debit Card,2,TRUE,Returned,2
ORD-01731,2/8/2022,CUST81381,Aarav Bose,65,Male,North,Chandigarh,Groceries,Flour,10,299.21,0.19,2491.46,268.35,16.74,Net Banking,3,FALSE,Delivered,9
ORD-01730,2/8/2022,CUST08530,Priya Verma,38,Male,South,Kochi,Sports,Cycle,1,11257.57,0.19,9056.57,2063.37,75.32,Credit Card,5,FALSE,Delivered,1
ORD-01729,2/8/2022,CUST21576,Rohan Joshi,20,Other,Central,Bhopal,Furniture,Desk,9,22414.18,0.26,154810.39,52685.24,39.71,UPI,4,FALSE,Delivered,5
ORD-01728,2/8/2022,CUST08152,Arjun Pillai,14,Female,East,Kolkata,Beauty,Sunscreen,5,2361.07,0.36,6532.57,2671.52,102.42,Credit Card,4,FALSE,Delivered,1
ORD-01726,2/7/2022,CUST66954,Kavya Singh,28,Female,East,Kolkata,Furniture,Bed Frame,3,22715.24,0.26,47070.16,14935.41,83.56,UPI,4,FALSE,Delivered,8
ORD-01725,2/7/2022,CUST13925,Sanjay Nair,3,Female,Central,Raipur,Furniture,Sofa,5,26645.28,0.03,122381.62,47367.72,56.14,Debit Card,4,FALSE,Delivered,2
ORD-01724,2/6/2022,CUST56841,Priya Gupta,20,Male,East,Guwahati,Clothing,Jacket,2,2075.29,0.21,2998.78,1031.57,62.3,Debit Card,4,FALSE,Delivered,1
ORD-01723,2/5/2022,CUST24447,Kavya Verma,51,Other,South,Chennai,Books,Comic Book,2,429.2,0.19,650.28,159.72,70.44,UPI,1,FALSE,Delivered,1
ORD-01722,5/2/2022,CUST63028,Deepa Mishra,31,Other,Central,Bhopal,Groceries,Tea,8,367.78,0.05,2940.06,156.67,59.05,Net Banking,3,FALSE,Delivered,10
ORD-01721,2/5/2022,CUST05033,Pooja Mishra,22,Male,West,Ahmedabad,Sports,Football,8,11620.56,0.18,89828.71,25898.31,50.64,Debit Card,4,FALSE,Delivered,2
ORD-01720,2/5/2022,CUST86385,Priya Pillai,25,Other,Central,Raipur,Sports,Dumbbells,5,5502.6,0.01,28294.84,8865.25,65.01,Cash on Delivery,4,FALSE,Delivered,4
ORD-01718,2/2/2022,CUST91928,Vikram Kapoor,39,Male,West,Surat,Sports,Football,7,6522.84,0.09,37840.55,7201.91,45.29,EMI,3,TRUE,Returned,3
ORD-01717,2/2/2022,CUST55628,Priya Singh,35,Other,North,Amritsar,Books,Fiction Novel,0,1351.01,0.14,1116.21,341.54,36.21,UPI,1,TRUE,Returned,2
ORD-01716,2/2/2022,CUST37025,Nikhil Joshi,36,Other,North,Ludhiana,Sports,Cricket Bat,3,1355.28,0.1,3611.47,631.16,55.05,Debit Card,3,FALSE,Delivered,3
ORD-01715,2/2/2022,CUST08565,Kavya Das,48,Male,Central,Raipur,Books,Fiction Novel,2,1014.61,0.03,1625.5,685.16,49.94,UPI,5,FALSE,Delivered,7
ORD-01714,2/2/2022,CUST52422,Priya Mishra,8,Other,Central,Indore,Sports,Football,5,13240.63,0.26,46691.07,9265.4,67.49,Net Banking,5,FALSE,Delivered,5
ORD-01713,2/1/2022,CUST87459,Sanjay Das,22,Male,South,Chennai,Clothing,T-Shirt,9,766.29,0.28,4890.43,1599.31,46.79,UPI,1,FALSE,delivered,7
ORD-01710,2/1/2022,CUST45078,Priya Reddy,36,Male,North,Chandigarh,Electronics,Smartwatch,1,21382.9,0.19,18387.23,1757.16,13.65,Cash on Delivery,5,FALSE,Delivered,6
ORD-01709,2/1/2022,CUST24292,Kavya Kumar,38,Male,North,Chandigarh,Furniture,Desk,6,33340.2,0.09,161632.18,59885,37.52,Credit Card,3,FALSE,Cancelled,7
ORD-01708,2/1/2022,CUST87498,Amit Sharma,39,Male,Central,Nagpur,Books,Self-Help Book,1,1394.93,0.2,1128.26,431.19,99.26,Credit Card,4,FALSE,Delivered,6
ORD-01707,1/31/2022,CUST39127,Aditya Kumar,38,Male,South,Bangalore,Beauty,Sunscreen,3,2463.48,0.09,5478.55,2170.17,88.35,Cash on Delivery,1,TRUE,Returned,3
ORD-01705,1/30/2022,CUST77601,Rohan Mishra,54,Other,West,Mumbai,Furniture,Wardrobe,5,15638.22,0.12,53952.69,13304.82,71.64,Credit Card,1,FALSE,Delivered,4
ORD-01704,1/30/2022,CUST33909,Amit Reddy,28,Female,North,Chandigarh,Books,Comic Book,4,1134.89,0.05,3201.22,939.71,68.97,Net Banking,4,FALSE,Delivered,2
ORD-01703,1/30/2022,CUST78614,Arjun Iyer,47,Female,West,Pune,Clothing,Dress,4,1960.32,0.03,7027.87,2732.62,65.85,Debit Card,2,FALSE,Delivered,1
ORD-01702,1/30/2022,CUST81394,Nikhil Kumar,27,Male,North,Amritsar,Beauty,Hair Oil,10,2477.1,0.19,19204,9210.86,24.71,Credit Card,5,FALSE,Cancelled,8
ORD-01701,1/28/2022,CUST47772,Shreya Bose,14,Female,West,Ahmedabad,Groceries,Dal (1kg),2,274.81,0.15,379.5,24.26,46.69,EMI,4,FALSE,Delivered,4
ORD-01700,1/28/2022,CUST75005,Meera Bhat,16,Female,South,Bangalore,Sports,Tennis Racket,3,14928.96,0.4,21823.19,4574.82,60.83,UPI,1,FALSE,Delivered,8
ORD-01699,1/28/2022,CUST22943,Nisha Shah,42,Male,North,Amritsar,Sports,Tennis Racket,10,6054.48,0.06,48184.42,9832.73,59.24,Credit Card,1,TRUE,Returned,6
ORD-01698,1/28/2022,CUST81725,Nikhil Singh,29,Other,East,Bhubaneswar,Furniture,Sofa,4,30087.03,0.2,73826.31,20501.91,80.38,Debit Card,1,FALSE,Delivered,7
ORD-01697,1/28/2022,CUST17647,Nikhil Joshi,30,Male,North,Amritsar,Clothing,Kurta,8,670.37,0.4,2707.64,886.76,85.42,Cash on Delivery,1,TRUE,Returned,7
ORD-01696,1/28/2022,CUST42627,Shreya Verma,41,Male,North,Chandigarh,Books,Comic Book,2,921.77,0.34,1063.82,488.6,72.61,Credit Card,4,FALSE,Delivered,1
ORD-01695,1/27/2022,CUST18018,Vikram Gupta,19,Female,South,Kochi,Electronics,Smartwatch,6,20306.85,0.36,67574.41,6252.6,80.91,Cash on Delivery,5,FALSE,Delivered,6
ORD-01694,1/26/2022,CUST30040,Karan Kumar,24,Other,West,Ahmedabad,Electronics,Tablet,4,30494.73,0.39,68016.24,8846.49,53.6,Debit Card,2,FALSE,Delivered,4
ORD-01693,1/24/2022,CUST37446,Shreya Das,66,Other,North,Delhi,Beauty,Lipstick,9,265.25,0.18,1737.45,685.06,28.69,Credit Card,2,FALSE,Delivered,5
ORD-01692,1/24/2022,CUST69225,Sanjay Bhat,18,Female,West,Pune,Beauty,Face Cream,7,2018.15,0.11,10594.06,5708.86,69.44,Net Banking,2,FALSE,pending,1
ORD-01691,1/24/2022,CUST25926,Sunita Joshi,47,Other,Central,Indore,Clothing,Jeans,9,2676.81,0.06,20021.18,6907.31,80.49,Debit Card,1,FALSE,Delivered,7
ORD-01690,1/23/2022,CUST13726,Sanjay Joshi,42,Other,East,Guwahati,Books,Self-Help Book,1,293.65,0.21,216.04,87.2,77.91,Credit Card,3,FALSE,Shipped,3
ORD-01689,1/23/2022,CUST51141,Kavya Verma,28,Female,West,Mumbai,Furniture,Wardrobe,4,9575.92,0.13,30650.77,8465.15,71.9,UPI,1,FALSE,Delivered,5
ORD-01687,1/22/2022,CUST88552,Vikram Singh,48,Male,West,Mumbai,Beauty,Face Cream,9,2217.86,0.24,11510.54,6314.77,50.57,Net Banking,3,FALSE,Delivered,3
ORD-01686,1/21/2022,CUST44944,Rohan Singh,24,Male,Central,Raipur,Furniture,Chair,8,6492.13,0.09,42405.18,10060.56,52.57,Credit Card,3,FALSE,Delivered,10
ORD-01685,1/21/2022,CUST87567,Rahul Shah,41,Other,South,Kochi,Beauty,Hair Oil,5,1126.89,0.3,3560.92,953.02,77.15,EMI,4,FALSE,Delivered,3
ORD-01684,1/21/2022,CUST67104,Aarav Sharma,36,Other,North,Delhi,Sports,Cricket Bat,1,14530.7,0.16,10169.91,2350.09,60.97,UPI,3,TRUE,Returned,8
ORD-01683,1/20/2022,CUST56977,Nikhil Mehta,31,Female,North,Ludhiana,Sports,Football,8,4915.85,0.4,20462.27,3522.42,71.09,Debit Card,2,FALSE,Delivered,10
ORD-01682,1/20/2022,CUST60153,Meera Verma,3,Male,North,Chandigarh,Beauty,Sunscreen,3,790.57,0.33,1419.61,752.09,45.71,UPI,1,FALSE,Delivered,2
ORD-01681,1/20/2022,CUST96522,Karan Gupta,56,Other,West,Ahmedabad,Furniture,Sofa,2,27991.06,0.24,34746.07,12370.47,77.48,EMI,2,TRUE,Returned,6
ORD-01680,1/19/2022,CUST80666,Priya Shah,21,Female,East,Bhubaneswar,Furniture,Wardrobe,6,21414.6,0.08,101055.44,14653.33,77.51,Cash on Delivery,4,FALSE,Delivered,8
ORD-01679,1/19/2022,CUST27192,Karan Pillai,36,Female,South,Hyderabad,Books,Textbook,7,903.3,0.22,4147.54,1984.59,55.08,UPI,2,FALSE,Delivered,3
ORD-01678,1/19/2022,CUST69653,Karan Sharma,25,Male,West,Ahmedabad,Sports,Yoga Mat,10,14755.73,0.33,79877.72,17279.41,54.29,Debit Card,5,FALSE,Delivered,6
ORD-01677,1/18/2022,CUST23764,Karan Pillai,22,Male,East,Patna,Clothing,Dress,2,2911.58,0.4,2708.74,1155.62,78.02,Cash on Delivery,1,FALSE,Delivered,6
ORD-01676,1/18/2022,CUST65261,Shreya Chatterjee,30,Other,Central,Indore,Furniture,Sofa,3,30465.56,0.24,48391.98,16835.51,57.1,Cash on Delivery,5,FALSE,Delivered,3
ORD-01675,1/18/2022,CUST33813,Nikhil Reddy,36,Other,West,Pune,Beauty,Perfume,5,1392.93,0.4,3575.81,1461.67,71.76,Net Banking,3,FALSE,Delivered,10
ORD-01674,1/17/2022,CUST09628,Sunita Mehta,38,Female,South,Hyderabad,Furniture,Bed Frame,9,18712.5,0.28,98718.08,31705.16,69.33,Cash on Delivery,4,FALSE,Delivered,7
ORD-01673,1/17/2022,CUST61953,Nikhil Iyer,36,Male,West,Mumbai,Beauty,Perfume,7,1098.02,0.23,4476.08,2091.36,61.05,Cash on Delivery,3,FALSE,Delivered,10
ORD-01672,1/17/2022,CUST15767,Pooja Shah,15,Other,East,Kolkata,Clothing,Jacket,1,2361.4,0.32,1313.73,339.86,57.6,Credit Card,3,FALSE,delivered,3
ORD-01671,1/17/2022,CUST45922,Sunita Chatterjee,44,Other,Central,Bhopal,Beauty,Lipstick,9,1064.67,0.33,5679.24,3280.89,74.79,Cash on Delivery,4,TRUE,Returned,10
ORD-01670,1/15/2022,CUST23703,Aditya Kapoor,29,Female,North,Chandigarh,Clothing,Saree,2,2248.1,0.26,3192.69,1599.72,34.36,Cash on Delivery,4,TRUE,Returned,5
ORD-01667,1/13/2022,CUST51290,Shreya Kumar,60,Other,East,Patna,Groceries,Tea,5,77.06,0.11,253.58,18.83,83.91,Net Banking,4,FALSE,Delivered,10
ORD-01666,1/13/2022,CUST87705,Aditya Iyer,35,Other,North,Ludhiana,Electronics,Camera,5,49380.11,0.26,163008.08,20346.12,62.16,Net Banking,2,FALSE,Delivered,8
ORD-01665,1/13/2022,CUST72087,Pooja Mishra,41,Male,South,Chennai,Sports,Tennis Racket,7,14245.64,0.23,63223.16,13091.37,63.46,UPI,1,FALSE,Delivered,3
ORD-01663,1/12/2022,CUST47721,Karan Mishra,47,Male,North,Delhi,Beauty,Face Cream,7,183.5,0.06,941.96,329.15,81.3,Cash on Delivery,5,FALSE,Delivered,7
ORD-01662,1/12/2022,CUST29153,Deepa Iyer,26,Other,Central,Raipur,Beauty,Face Cream,6,779.63,0.18,3057.53,1544.23,28.85,EMI,2,TRUE,Returned,9
ORD-01661,1/11/2022,CUST94914,Nisha Mishra,36,Other,South,Kochi,Clothing,Kurta,3,3496.76,0.05,8060.61,2308.11,40.95,Credit Card,4,FALSE,Delivered,3
ORD-01660,1/10/2022,CUST07883,Aditya Joshi,35,Female,Central,Nagpur,Sports,Yoga Mat,3,14314.59,0.28,24565.05,6700.1,49.08,Debit Card,2,TRUE,Returned,7
ORD-01658,9/1/2022,CUST14731,Aditya Patel,37,Female,Central,Nagpur,Beauty,Perfume,2,1173.03,0.29,1370.12,604.94,50.86,Debit Card,3,FALSE,Delivered,1
ORD-01657,1/8/2022,CUST72051,Sunita Bhat,32,Male,West,Mumbai,Beauty,Sunscreen,2,332.8,0.24,429.47,235.77,47.12,Net Banking,1,FALSE,Delivered,2
ORD-01656,1/8/2022,CUST94727,Karan Singh,30,Female,East,Guwahati,Clothing,Dress,5,2059.67,0.04,9298.94,5107.08,80.05,Credit Card,4,FALSE,Delivered,3
ORD-01655,1/8/2022,CUST92097,Ritu Das,6,Male,South,Bangalore,Clothing,Jacket,4,2590.7,0.01,8555.42,3097.74,67.93,Net Banking,4,FALSE,Delivered,9
ORD-01654,1/7/2022,CUST39219,Meera Iyer,5,Male,East,Kolkata,Clothing,T-Shirt,1,1100.4,0.24,775.04,226.32,62.15,Credit Card,2,FALSE,Delivered,8
ORD-01653,1/7/2022,CUST39228,Pooja Gupta,38,Female,South,Chennai,Electronics,Tablet,5,67069.95,0.35,187015.17,19234.1,53.96,EMI,2,FALSE,Pending,6
ORD-01652,1/7/2022,CUST31119,Arjun Das,33,Other,North,Ludhiana,Electronics,Tablet,5,27023.75,0.03,98800.7,15632.48,68.45,Credit Card,4,FALSE,Delivered,7
ORD-01651,1/7/2022,CUST43881,Ananya Mehta,28,Other,North,Ludhiana,Furniture,Desk,2,15019.51,0.21,22257.16,6736.14,45.65,UPI,2,FALSE,Cancelled,7
ORD-01650,1/5/2022,CUST51192,Deepa Mishra,28,Female,West,Surat,Beauty,Face Cream,5,305.51,0.04,1323.32,396.56,77.17,UPI,1,FALSE,Delivered,4
ORD-01649,1/5/2022,CUST44360,Vikram Iyer,28,Other,North,Amritsar,Furniture,Bed Frame,10,9788.59,0.18,56440.79,15796.43,48.09,Net Banking,1,TRUE,Returned,7
ORD-01648,1/5/2022,CUST42883,Vikram Joshi,32,Male,North,Amritsar,Clothing,Saree,7,3381.19,0.39,11933.01,3903.15,52.43,EMI,3,TRUE,Returned,4
ORD-01647,1/4/2022,CUST89140,Aditya Pillai,20,Male,West,Surat,Sports,Dumbbells,5,2889.82,0.01,12487.02,2820.46,70.26,Credit Card,5,FALSE,Delivered,9
ORD-01646,1/4/2022,CUST16475,Nisha Reddy,37,Male,Central,Nagpur,Beauty,Face Cream,8,2293.23,0.01,15979.96,7902.58,42.27,EMI,3,FALSE,Delivered,2
ORD-01644,1/2/2022,CUST20877,Vikram Gupta,36,Male,North,Delhi,Electronics,Camera,6,72040.03,0.01,368787.75,39292.14,53.76,Cash on Delivery,5,FALSE,Shipped,9
ORD-01643,1/1/2022,CUST47779,Vikram Iyer,16,Other,East,Guwahati,Clothing,Jacket,2,2623.07,0.38,3223.71,1450.69,53.01,EMI,2,FALSE,delivered,5
ORD-01642,1/1/2022,CUST25067,Nisha Kapoor,41,Male,West,Ahmedabad,Furniture,Sofa,8,9398.82,0.31,49236.11,15030.83,77.65,Credit Card,4,FALSE,Delivered,9
ORD-01641,1/1/2022,CUST87800,Rahul Patel,51,Male,East,Bhubaneswar,Furniture,Bookshelf,1,27509.11,0.34,17323.1,3413.01,50.42,Credit Card,2,TRUE,Returned,9
ORD-01640,12/31/2021,CUST78194,Shreya Mishra,58,Male,West,Mumbai,Sports,Yoga Mat,3,726.67,0.34,1042.72,281.95,34.18,Cash on Delivery,1,FALSE,Shipped,9
ORD-01639,12/31/2021,CUST37611,Aditya Sharma,48,Female,North,Amritsar,Furniture,Bookshelf,10,33336.04,0.22,196057.15,62738.27,43.07,EMI,2,FALSE,Delivered,10
ORD-01638,12/30/2021,CUST98630,Shreya Sharma,41,Male,South,Chennai,Electronics,Camera,9,41722.41,0.2,220158.56,25206.08,62.46,UPI,2,FALSE,Delivered,7
ORD-01637,12/30/2021,CUST05372,Ritu Shah,18,Other,Central,Indore,Books,Comic Book,5,679.37,0.17,1782.03,915.89,55.83,EMI,2,FALSE,Delivered,8
ORD-01636,12/30/2021,CUST55664,Vikram Mishra,41,Female,South,Chennai,Clothing,Saree,7,691.98,0.26,2427.47,740.52,59.13,Cash on Delivery,1,FALSE,Delivered,1
ORD-01634,12/29/2021,CUST19177,Sanjay Mehta,55,Other,North,Chandigarh,Clothing,Jacket,6,2259.04,0.36,6753.1,2777.61,41.85,Net Banking,2,FALSE,Delivered,6
ORD-01633,12/29/2021,CUST05863,Meera Das,16,Male,South,Hyderabad,Sports,Football,2,13090.85,0.33,11935.37,2166.22,87.29,UPI,2,FALSE,Delivered,5
ORD-01632,12/28/2021,CUST95874,Aditya Bhat,41,Female,East,Bhubaneswar,Sports,Football,8,6352.95,0.12,31396.56,5551.7,90.42,Net Banking,1,TRUE,Returned,9
ORD-01631,12/27/2021,CUST37296,Meera Chatterjee,49,Male,North,Chandigarh,Furniture,Bookshelf,4,7533.42,0.13,23033.05,7287.96,68.3,Credit Card,5,FALSE,Delivered,6
ORD-01629,12/27/2021,CUST37392,Amit Mehta,50,Other,West,Ahmedabad,Beauty,Lipstick,9,1833.53,0.17,10130.45,6082.08,40.13,Net Banking,1,TRUE,Returned,3
ORD-01628,12/27/2021,CUST55053,Arjun Iyer,28,Other,North,Amritsar,Books,Textbook,5,441.77,0.12,1538.75,611.16,71.69,Credit Card,4,FALSE,Cancelled,7
ORD-01627,12/27/2021,CUST42701,Aarav Joshi,48,Male,South,Kochi,Clothing,Jacket,10,593.55,0.18,3624.78,896.12,78,Debit Card,5,FALSE,Delivered,9
ORD-01626,12/27/2021,CUST71913,Aditya Das,49,Female,East,Guwahati,Sports,Cricket Bat,8,5432.7,0.02,31946.52,4581.83,74.44,Credit Card,4,FALSE,Delivered,3
ORD-01625,12/26/2021,CUST55070,Nikhil Verma,38,Female,West,Mumbai,Clothing,Saree,9,3852.76,0.08,26003.08,7426.65,50.19,Credit Card,5,FALSE,Delivered,9
ORD-01624,12/26/2021,CUST88996,Nisha Singh,17,Male,West,Mumbai,Beauty,Shampoo,1,2178.97,0.2,1341.05,779.45,65.86,Debit Card,2,TRUE,Returned,9
ORD-01623,12/26/2021,CUST05179,Priya Mehta,31,Female,North,Amritsar,Sports,Yoga Mat,3,11948.26,0.37,16327.78,3332.82,46.24,EMI,1,TRUE,Returned,9
ORD-01622,12/26/2021,CUST32470,Deepa Rao,44,Male,Central,Raipur,Clothing,Kurta,7,2270,0.09,11066.01,3221.05,55.24,Cash on Delivery,5,FALSE,Delivered,8
ORD-01621,12/26/2021,CUST91294,Karan Kumar,32,Female,South,Bangalore,Books,Self-Help Book,8,1023.77,0.35,4221.36,1605.93,33.93,Credit Card,2,FALSE,Cancelled,4
ORD-01618,12/25/2021,CUST82777,Rahul Singh,53,Female,West,Mumbai,Sports,Dumbbells,5,7179.94,0.31,21400.72,2403.2,65.86,Debit Card,2,FALSE,Delivered,8
ORD-01617,12/25/2021,CUST68176,Sanjay Chatterjee,19,Male,Central,Nagpur,Furniture,Sofa,1,10289.79,0.25,5945.61,1688.17,44.08,Debit Card,2,FALSE,Pending,7
ORD-01616,12/24/2021,CUST87932,Ananya Kapoor,22,Male,South,Chennai,Clothing,Kurta,4,1566.74,0.07,3925.14,1682.6,77.04,Debit Card,4,FALSE,Shipped,9
ORD-01615,12/24/2021,CUST49728,Sunita Singh,32,Female,Central,Bhopal,Clothing,Jacket,3,3628.14,0.24,6186.65,2322.32,52.79,EMI,2,FALSE,Delivered,1
ORD-01614,12/23/2021,CUST91726,Priya Shah,45,Other,Central,Bhopal,Electronics,Laptop,4,55475.84,0.06,176358.34,22566.53,40.68,Debit Card,4,FALSE,Cancelled,2
ORD-01613,12/22/2021,CUST60005,Sanjay Shah,27,Female,North,Amritsar,Furniture,Wardrobe,4,17068.97,0.24,42127.94,13207.2,37.21,Debit Card,4,FALSE,Delivered,1
ORD-01612,12/21/2021,CUST27676,Meera Bose,33,Female,North,Chandigarh,Groceries,Sugar,6,377.46,0.31,1187.16,62.24,64.09,Net Banking,2,FALSE,Shipped,5
ORD-01611,12/21/2021,CUST14221,Nisha Iyer,51,Other,West,Ahmedabad,Books,Textbook,10,1181.99,0.01,8278.99,3933.86,52.54,Debit Card,5,TRUE,Returned,10
ORD-01610,12/20/2021,CUST76313,Arjun Pillai,40,Other,Central,Bhopal,Books,Textbook,7,1347.81,0.14,5535.71,1992.64,32.85,Credit Card,2,FALSE,delivered,9
ORD-01609,20/12/2021,CUST09235,Rahul Bose,37,Other,West,Ahmedabad,Beauty,Shampoo,2,984.2,0.17,1250.93,608.62,62.93,Credit Card,2,FALSE,Delivered,9
ORD-01608,12/19/2021,CUST49887,Sunita Bose,41,Other,West,Pune,Books,Self-Help Book,1,1086.72,0.16,733.62,191.01,81.14,Cash on Delivery,2,FALSE,Delivered,7
ORD-01607,12/18/2021,CUST44100,Deepa Mehta,66,Other,North,Ludhiana,Books,Biography,5,199.85,0.07,616.48,277.4,37.23,Credit Card,3,FALSE,Delivered,2
ORD-01605,12/16/2021,CUST74310,Rohan Bhat,29,Female,West,Surat,Clothing,Dress,1,3977.51,0.3,1958.29,447.76,61.65,UPI,1,FALSE,Delivered,9
ORD-01603,12/15/2021,CUST45758,Sanjay Nair,25,Other,West,Pune,Beauty,Shampoo,4,2108.75,0.32,4272.12,1577.65,74.62,EMI,2,FALSE,Delivered,6
ORD-01602,12/15/2021,CUST98061,Amit Verma,41,Other,East,Guwahati,Groceries,Tea,5,273.75,0.05,1113.01,84.56,81.92,Debit Card,1,FALSE,delivered,5
ORD-01601,12/15/2021,CUST25228,Meera Kumar,45,Female,Central,Raipur,Beauty,Sunscreen,8,1478.6,0.07,8581.43,3617.51,72.32,UPI,2,FALSE,delivered,8
ORD-01600,12/14/2021,CUST62870,Nisha Sharma,26,Other,Central,Indore,Groceries,Sugar,10,293.89,0.38,1212.94,128.26,43.01,Net Banking,1,FALSE,Pending,6
ORD-01599,12/14/2021,CUST93504,Rahul Kumar,40,Male,West,Surat,Groceries,Sugar,1,324.69,0.21,195.27,15.34,67.29,UPI,4,TRUE,Returned,6
ORD-01598,12/14/2021,CUST10754,Priya Singh,48,Other,North,Delhi,Electronics,Camera,7,52086.42,0,273692,39729.58,59.26,Debit Card,5,TRUE,Returned,3
ORD-01597,12/14/2021,CUST58607,Kavya Kumar,25,Male,Central,Indore,Beauty,Face Cream,1,2412.42,0.02,1867.03,770.96,51.08,Cash on Delivery,1,FALSE,Delivered,10
ORD-01594,12/13/2021,CUST74210,Ananya Iyer,49,Female,East,Bhubaneswar,Clothing,Saree,1,3144.7,0.35,1412.65,506.25,89.01,Cash on Delivery,3,FALSE,Shipped,5
ORD-01593,12/12/2021,CUST14125,Sunita Singh,37,Female,North,Amritsar,Groceries,Sugar,5,225.72,0.01,877.93,110.9,57.3,Cash on Delivery,2,TRUE,Returned,7
ORD-01592,12/11/2021,CUST98096,Priya Mishra,25,Female,Central,Raipur,Clothing,Jeans,5,3611.23,0.37,8343.34,2810.97,31.7,Debit Card,3,TRUE,Returned,5
ORD-01590,12/10/2021,CUST86639,Sanjay Bose,32,Male,West,Mumbai,Beauty,Face Cream,7,1768.37,0.03,7423.51,3260.02,49.67,EMI,2,TRUE,Returned,2
ORD-01589,12/10/2021,CUST24981,Rohan Mehta,29,Female,East,Patna,Sports,Dumbbells,8,14455.23,0.07,81451.9,14095.31,69.38,Credit Card,1,FALSE,Delivered,1
ORD-01588,12/10/2021,CUST52878,Karan Das,25,Female,East,Patna,Furniture,Bookshelf,1,22660.17,0.02,14757.73,4052.14,91.15,Cash on Delivery,4,FALSE,Pending,10
ORD-01587,12/10/2021,CUST32752,Karan Joshi,44,Male,North,Amritsar,Electronics,Camera,5,11301.06,0.25,34158.03,4246.6,53.85,Credit Card,3,FALSE,Pending,6
ORD-01586,12/10/2021,CUST03363,Ananya Das,32,Other,North,Chandigarh,Sports,Tennis Racket,8,8526.34,0.2,43308.39,15373.18,43.24,UPI,1,FALSE,Cancelled,4
ORD-01585,12/9/2021,CUST80517,Meera Pillai,25,Female,East,Patna,Sports,Yoga Mat,6,12768.97,0.03,54563.15,14418.02,94.15,Debit Card,5,FALSE,Delivered,2
ORD-01584,12/9/2021,CUST51398,Karan Bose,36,Female,North,Delhi,Books,Self-Help Book,3,586.88,0.33,916.67,373.51,36.45,EMI,4,FALSE,Delivered,1
ORD-01582,12/9/2021,CUST72045,Rahul Mehta,51,Other,South,Hyderabad,Books,Biography,8,1131.49,0.18,4640.1,1566.98,88.17,Debit Card,5,FALSE,Delivered,4
ORD-01581,12/8/2021,CUST13351,Meera Patel,37,Female,West,Mumbai,Books,Biography,7,762.53,0.39,2355.01,1196.24,65.27,EMI,4,FALSE,Cancelled,5
ORD-01580,12/7/2021,CUST43143,Sanjay Bose,46,Female,South,Kochi,Sports,Cycle,3,11079.73,0.28,19386.16,3946.3,44.65,Debit Card,1,FALSE,Delivered,5
ORD-01579,12/5/2021,CUST34002,Shreya Das,12,Male,South,Chennai,Electronics,Tablet,5,64878.88,0.37,154831,19600.91,55.95,Net Banking,1,FALSE,Delivered,8
ORD-01578,12/5/2021,CUST75792,Karan Joshi,38,Other,West,Surat,Clothing,Jeans,3,3600.05,0.1,7315.14,3342.94,28.05,Credit Card,3,TRUE,Returned,1
ORD-01577,12/4/2021,CUST22334,Sanjay Kapoor,46,Other,Central,Nagpur,Beauty,Sunscreen,8,2183.25,0.33,9813.33,3029.21,47.17,UPI,2,FALSE,Delivered,5
ORD-01576,12/4/2021,CUST61202,Nisha Pillai,26,Other,South,Bangalore,Sports,Tennis Racket,7,8356.94,0.39,24580.36,5738.36,56.15,Net Banking,5,FALSE,Delivered,2
ORD-01575,12/4/2021,CUST95435,Arjun Pillai,35,Female,West,Surat,Books,Textbook,4,505.02,0.2,1347.72,718.98,63.47,UPI,2,FALSE,Delivered,7
ORD-01573,12/4/2021,CUST89799,Priya Iyer,43,Male,East,Guwahati,Groceries,Tea,6,479.7,0.21,1769.61,138.58,81.02,Debit Card,1,FALSE,Delivered,4
ORD-01572,12/3/2021,CUST23827,Amit Bose,24,Female,Central,Raipur,Clothing,Jacket,7,2400.11,0.15,9585.11,3359.68,55.43,UPI,2,FALSE,Delivered,10
ORD-01571,12/3/2021,CUST56653,Nisha Sharma,30,Male,Central,Raipur,Clothing,T-Shirt,8,3931.3,0.21,17747.79,5566.53,73.66,UPI,3,TRUE,Returned,-1
ORD-01570,12/3/2021,CUST84183,Amit Shah,21,Male,North,Amritsar,Electronics,Smartwatch,9,53847.63,0.31,246850.13,37649.52,59.17,UPI,4,FALSE,delivered,2
ORD-01566,12/1/2021,CUST20422,Karan Shah,13,Female,North,Delhi,Books,Cook Book,3,675.22,0.25,973.92,371.91,21.24,EMI,5,FALSE,Delivered,8
ORD-01565,11/30/2021,CUST50049,Meera Nair,28,Other,West,Surat,Clothing,T-Shirt,6,3969.96,0.03,17673.42,4862.5,49.67,EMI,2,FALSE,Shipped,2
ORD-01564,11/30/2021,CUST24016,Kavya Patel,64,Male,North,Chandigarh,Books,Textbook,5,625.59,0.02,2682.13,910.71,43.73,UPI,5,FALSE,Delivered,7
ORD-01563,11/30/2021,CUST36817,Meera Iyer,41,Other,East,Guwahati,Books,Self-Help Book,9,433.76,0.33,1929.18,781.78,97.16,EMI,4,FALSE,Cancelled,2
ORD-01562,11/30/2021,CUST52989,Meera Bose,37,Female,Central,Nagpur,Groceries,Tea,10,114.63,0.27,544.49,42.94,49.31,EMI,4,FALSE,Delivered,8
ORD-01561,11/30/2021,CUST70340,Rohan Patel,25,Male,North,Amritsar,Electronics,Tablet,2,62340.2,0.11,85395.8,8409.34,66.81,UPI,4,FALSE,Delivered,6
ORD-01560,11/30/2021,CUST99753,Sunita Singh,58,Female,West,Pune,Sports,Football,10,12971.47,0.35,65353.81,15914.47,51.11,Credit Card,3,FALSE,Delivered,7
ORD-01558,11/29/2021,CUST50687,Rahul Nair,21,Female,East,Patna,Books,Fiction Novel,10,722.86,0.15,5123.02,2442.73,55.76,UPI,1,FALSE,Delivered,4
ORD-01557,29/11/2021,CUST23869,Amit Reddy,54,Other,South,Bangalore,Books,Fiction Novel,3,789.1,0.18,1449.86,562.04,72.43,UPI,3,FALSE,Cancelled,2
ORD-01556,11/29/2021,CUST84287,Rohan Gupta,46,Other,West,Ahmedabad,Books,Cook Book,2,756.72,0.33,749.27,238.75,80.16,UPI,2,FALSE,delivered,2
ORD-01555,11/28/2021,CUST84373,Deepa Gupta,32,Male,East,Kolkata,Beauty,Hair Oil,8,1512.26,0.29,7442.04,1712.58,87.62,Net Banking,3,FALSE,Delivered,3
ORD-01554,11/28/2021,CUST42573,Amit Verma,32,Male,North,Ludhiana,Groceries,Flour,3,60.31,0.18,108.58,6.36,35.05,Credit Card,2,FALSE,Delivered,2
ORD-01553,11/28/2021,CUST29230,Shreya Das,23,Female,North,Delhi,Furniture,Desk,10,20890.04,0.04,147207.49,44130.71,34.32,EMI,2,TRUE,Returned,5
ORD-01552,11/28/2021,CUST17708,Sunita Iyer,26,Female,East,Patna,Books,Textbook,6,730.36,0.27,2369.15,1034.91,94.11,Cash on Delivery,3,FALSE,Delivered,8
ORD-01551,11/27/2021,CUST57238,Sunita Nair,10,Female,North,Amritsar,Beauty,Sunscreen,2,524.5,0.13,764.26,357.6,38.55,Debit Card,5,FALSE,Delivered,8
ORD-01550,11/27/2021,CUST66901,Nisha Kapoor,35,Female,West,Mumbai,Sports,Football,9,13211.32,0.17,81467.43,18155,52.32,UPI,3,FALSE,Delivered,5
ORD-01549,11/26/2021,CUST76040,Meera Chatterjee,19,Male,South,Hyderabad,Beauty,Shampoo,10,2199.23,0.03,17600.22,7462.56,84.56,EMI,4,FALSE,Shipped,10
ORD-01547,11/25/2021,CUST82417,Deepa Reddy,32,Female,South,Chennai,Beauty,Hair Oil,8,1747.96,0.04,10534.51,5549.08,70.95,UPI,5,FALSE,Delivered,9
ORD-01546,11/23/2021,CUST16135,Nikhil Singh,39,Female,Central,Indore,Furniture,Wardrobe,8,29381.66,0.22,157614.58,32492.98,48.89,UPI,1,FALSE,Delivered,3
ORD-01545,11/23/2021,CUST15680,Kavya Das,33,Male,Central,Indore,Groceries,Dal (1kg),7,307.63,0.33,1086.05,55.5,33.16,EMI,4,FALSE,Delivered,1
ORD-01544,11/23/2021,CUST03481,Rahul Mishra,23,Male,South,Chennai,Furniture,Bed Frame,7,32709.32,0.15,154037.83,40170.16,86.06,Cash on Delivery,2,FALSE,Delivered,1
ORD-01543,11/22/2021,CUST69055,Amit Pillai,37,Female,Central,Indore,Clothing,T-Shirt,2,2623.58,0.37,2762.31,713.47,62.67,Credit Card,1,TRUE,Returned,3
ORD-01542,11/21/2021,CUST20530,Kavya Sharma,20,Other,West,Pune,Groceries,Tea,9,291.31,0.13,2013.93,153.84,74.73,EMI,3,TRUE,Returned,2
ORD-01541,11/21/2021,CUST10620,Ritu Gupta,7,Other,Central,Indore,Beauty,Shampoo,1,1633.39,0.4,921.87,332.3,59.95,UPI,4,FALSE,Delivered,2
ORD-01540,11/20/2021,CUST28110,Kavya Rao,28,Male,North,Delhi,Clothing,Jeans,9,577.16,0.35,2706.28,896.42,45.41,UPI,3,TRUE,Returned,2
ORD-01539,11/20/2021,CUST68441,Aditya Shah,52,Male,South,Hyderabad,Books,Comic Book,2,1067.13,0.35,1180.61,481.98,91.57,Debit Card,2,FALSE,Delivered,10
ORD-01538,11/20/2021,CUST30276,Amit Reddy,20,Other,East,Guwahati,Electronics,Smartphone,8,72878.21,0.06,377991.95,53581.94,69.63,Credit Card,3,FALSE,Delivered,7
ORD-01537,11/20/2021,CUST39925,Ritu Iyer,49,Female,South,Kochi,Electronics,Headphones,5,40279.85,0.24,124328.85,18217.89,89.76,Net Banking,3,FALSE,Delivered,9
ORD-01536,11/20/2021,CUST55972,Rohan Kumar,47,Male,West,Surat,Clothing,Kurta,10,1224.47,0.4,5546.22,2019.44,52.99,Debit Card,1,FALSE,Delivered,6
ORD-01534,11/19/2021,CUST28621,Amit Kumar,44,Male,North,Amritsar,Electronics,Laptop,7,37336.98,0.14,165469.13,22951.1,40.45,EMI,2,FALSE,Delivered,2
ORD-01533,11/19/2021,CUST14357,Deepa Chatterjee,33,Other,East,Patna,Clothing,Dress,8,1386.86,0.03,8547.02,2698.05,71.34,EMI,4,FALSE,Delivered,9
ORD-01532,11/18/2021,CUST78938,Pooja Reddy,30,Male,Central,Indore,Clothing,Saree,7,1494.18,0.13,7729.55,3630.71,80.11,Credit Card,3,FALSE,Delivered,10
ORD-01531,11/18/2021,CUST67021,Kavya Pillai,44,Female,West,Surat,Furniture,Bed Frame,1,3623.08,0.17,2627.42,856.29,74.4,Debit Card,2,FALSE,Pending,3
ORD-01530,11/18/2021,CUST71272,Shreya Verma,10,Female,Central,Indore,Books,Biography,10,585.04,0.23,3609.86,1772.37,44.39,Credit Card,2,FALSE,Delivered,10
ORD-01529,11/18/2021,CUST01982,Meera Rao,150,Male,Central,Bhopal,Clothing,Dress,6,574.04,0.07,2308.91,810.17,68.91,Credit Card,3,FALSE,Delivered,5
ORD-01528,11/17/2021,CUST17627,Rahul Bhat,23,Other,North,Chandigarh,Furniture,Bookshelf,3,6001.72,0.23,11226.94,2265.74,13.26,Debit Card,3,TRUE,Returned,3
ORD-01527,11/17/2021,CUST25719,Nikhil Chatterjee,42,Other,North,Ludhiana,Groceries,Tea,3,308.05,0.19,531.13,41.25,45.78,Cash on Delivery,3,FALSE,Delivered,2
ORD-01526,11/17/2021,CUST64362,Rahul Verma,60,Male,South,Kochi,Books,Textbook,2,371.2,0.25,427.53,199.91,67.34,Cash on Delivery,2,FALSE,Delivered,4
ORD-01525,11/17/2021,CUST73027,Sanjay Kapoor,28,Other,East,Guwahati,Groceries,Dal (1kg),4,421.33,0.14,1026.65,97.18,82,Credit Card,1,FALSE,Delivered,10
ORD-01521,11/15/2021,CUST18819,Meera Singh,50,Female,North,Ludhiana,Electronics,Headphones,2,5798.1,0.24,7334.77,884.69,32.84,Cash on Delivery,3,FALSE,Delivered,3
ORD-01520,11/15/2021,CUST85696,Kavya Mishra,39,Female,Central,Indore,Groceries,Rice (5kg),2,260.24,0.22,245.84,24.47,73.44,UPI,5,FALSE,Delivered,2
ORD-01518,11/15/2021,CUST66356,Rahul Sharma,45,Male,West,Surat,Clothing,Jacket,2,1623.15,0.33,1938.25,726.9,45.5,Credit Card,3,FALSE,Pending,2
ORD-01517,11/14/2021,CUST63383,Nisha Joshi,22,Female,South,Bangalore,Groceries,Dal (1kg),10,90.13,0.25,507.06,51.46,80.91,Credit Card,5,FALSE,Delivered,10
ORD-01516,11/14/2021,CUST58345,Nikhil Mishra,24,Other,South,Kochi,Electronics,Smartphone,7,19882.94,0.29,79433.81,8287.36,61,EMI,1,FALSE,Shipped,3
ORD-01515,11/13/2021,CUST36636,Arjun Kumar,34,Other,East,Bhubaneswar,Sports,Cycle,10,8236.27,0.04,66408.75,10958.97,69.62,Debit Card,3,TRUE,Returned,7
ORD-01513,11/12/2021,CUST81406,Rahul Bose,58,Other,North,Amritsar,Sports,Cricket Bat,10,11652.14,0.17,75606.39,12791.68,49.96,EMI,1,FALSE,Delivered,10
ORD-01512,11/12/2021,CUST69324,Kavya Kapoor,19,Female,Central,Nagpur,Clothing,Saree,7,2886.34,0.25,9941.05,3851.17,58.88,Debit Card,4,FALSE,Delivered,3
ORD-01511,11/12/2021,CUST08590,Ananya Reddy,42,Female,East,Patna,Groceries,Sugar,8,465.39,0.2,2501.07,173.37,89.42,UPI,3,FALSE,Shipped,2
ORD-01510,11/10/2021,CUST71235,Shreya Sharma,62,Female,South,Kochi,Groceries,Flour,2,331.43,0.15,388.61,21.42,54.3,UPI,2,FALSE,Delivered,4
ORD-01509,11/9/2021,CUST01750,Nikhil Pillai,49,Male,West,Mumbai,Beauty,Face Cream,2,1889.82,0.31,2196.85,602,54.82,EMI,5,FALSE,Delivered,6
ORD-01508,11/8/2021,CUST17295,Sanjay Sharma,36,Male,South,Kochi,Clothing,Jacket,8,371.01,0.05,2211.38,677.75,90.52,Debit Card,3,FALSE,Delivered,4
ORD-01507,11/7/2021,CUST40530,Rohan Kapoor,24,Male,South,Chennai,Groceries,Flour,10,108.51,0.03,907.65,97.79,67.08,Debit Card,3,TRUE,Returned,10
ORD-01506,6/11/2021,CUST86212,Priya Chatterjee,27,Male,East,Patna,Books,Comic Book,9,1191.62,0.33,5257.68,2138.66,54.25,Net Banking,2,FALSE,Cancelled,7
ORD-01505,11/6/2021,CUST41623,Vikram Pillai,65,Other,North,Chandigarh,Books,Comic Book,4,1350.95,0.21,3635.51,1854.28,44.83,Credit Card,3,FALSE,Delivered,2
ORD-01504,11/6/2021,CUST34606,Aarav Shah,32,Other,West,Surat,Furniture,Bookshelf,3,7356.31,0.1,16395.88,5855.42,78.6,EMI,1,FALSE,Delivered,10
ORD-01503,11/6/2021,CUST60626,Kavya Kapoor,31,Female,South,Hyderabad,Groceries,Sugar,7,249.21,0.19,1256.75,96.16,61.25,Cash on Delivery,3,FALSE,Shipped,4
ORD-01502,11/5/2021,CUST74727,Arjun Joshi,39,Male,South,Hyderabad,Books,Textbook,5,550.43,0.3,1613.4,832.54,75.82,UPI,2,FALSE,Delivered,9
ORD-01501,11/4/2021,CUST09268,Meera Iyer,47,Other,South,Chennai,Electronics,Camera,4,32627.08,0.15,92706.13,13307.57,72.28,Debit Card,3,TRUE,Returned,8
ORD-01499,11/3/2021,CUST56836,Meera Singh,14,Male,Central,Bhopal,Beauty,Sunscreen,4,2378.57,0.06,9023.4,4079.28,68.11,EMI,4,FALSE,Delivered,7
ORD-01498,11/3/2021,CUST49593,Arjun Kapoor,29,Male,North,Delhi,Beauty,Hair Oil,1,1351.86,0.02,984.4,308.39,59.52,Credit Card,4,FALSE,Delivered,8
ORD-01497,11/2/2021,CUST49401,Ritu Mehta,52,Other,West,Mumbai,Groceries,Sugar,3,398.14,0.25,680.62,46.49,38.92,EMI,1,TRUE,Returned,10
ORD-01496,11/2/2021,CUST57725,Kavya Nair,43,Other,North,Ludhiana,Beauty,Hair Oil,2,870.66,0.04,1465.34,696.19,29.61,Credit Card,1,TRUE,Returned,10
ORD-01495,11/2/2021,CUST79339,Karan Nair,48,Other,South,Chennai,Furniture,Wardrobe,3,22015.61,0.33,34539.97,5647.61,67.29,Credit Card,5,FALSE,Delivered,9
ORD-01494,11/2/2021,CUST49312,Shreya Das,34,Other,North,Amritsar,Sports,Cycle,6,4549.08,0.16,21213.25,2811.21,61.26,Cash on Delivery,2,FALSE,Shipped,9
ORD-01493,11/2/2021,CUST68139,Arjun Chatterjee,44,Other,East,Patna,Electronics,Headphones,5,44585.93,0.02,177603.4,13351.29,59.68,Credit Card,3,FALSE,Delivered,9
ORD-01491,10/31/2021,CUST70333,Sunita Bose,43,Male,North,Chandigarh,Beauty,Sunscreen,8,902.95,0.02,6609.67,3273.83,49.46,Debit Card,5,FALSE,Delivered,4
ORD-01490,10/31/2021,CUST68846,Deepa Sharma,55,Male,Central,Nagpur,Electronics,Laptop,8,55123.63,0.15,356673.17,10636.55,57.56,Debit Card,5,FALSE,Delivered,5
ORD-01488,10/31/2021,CUST63879,Rahul Patel,23,Male,North,Amritsar,Groceries,Rice (5kg),2,499.3,0.06,838.13,80.06,69.89,Credit Card,4,FALSE,Delivered,3
ORD-01487,10/30/2021,CUST74622,Priya Sharma,30,Other,Central,Bhopal,Sports,Dumbbells,1,9205.69,0.13,7849.73,1902.62,71.07,Debit Card,1,FALSE,Delivered,5
ORD-01485,10/28/2021,CUST30209,Sanjay Iyer,48,Female,East,Patna,Clothing,Dress,5,3082.63,0.21,11512.76,2611.62,79.57,EMI,4,FALSE,Pending,7
ORD-01484,10/28/2021,CUST77114,Arjun Bose,49,Other,North,Amritsar,Beauty,Face Cream,1,2097.9,0.1,1753.48,591.99,41.06,EMI,5,FALSE,delivered,4
ORD-01483,10/27/2021,CUST97519,Amit Singh,15,Other,Central,Bhopal,Furniture,Wardrobe,8,31666.8,0.27,186136.9,48229.69,70.27,Net Banking,3,FALSE,Delivered,5
ORD-01482,10/27/2021,CUST43427,Pooja Patel,25,Female,South,Bangalore,Beauty,Lipstick,5,2139.28,0.29,6723.8,3518.82,60.66,Debit Card,5,FALSE,Delivered,7
ORD-01480,10/26/2021,CUST85847,Ananya Das,47,Male,North,Ludhiana,Clothing,Jacket,7,1774.08,0.21,8124.61,3210.86,46.79,Net Banking,1,FALSE,Delivered,3
ORD-01479,10/26/2021,CUST30026,Vikram Gupta,28,Male,South,Kochi,Beauty,Face Cream,1,703.89,0.12,594.21,209.92,68.12,Credit Card,1,TRUE,Returned,4
ORD-01478,10/25/2021,CUST16528,Deepa Joshi,36,Other,South,Bangalore,Furniture,Bed Frame,3,13116.13,0.02,39642.97,7916.06,67.37,Credit Card,3,FALSE,Delivered,4
ORD-01477,10/25/2021,CUST96715,Meera Kapoor,47,Other,West,Pune,Beauty,Shampoo,4,2037.17,0.05,6659.78,3811.89,53.93,UPI,3,FALSE,Shipped,4
ORD-01476,10/25/2021,CUST09863,Sunita Singh,38,Male,East,Kolkata,Beauty,Hair Oil,9,2217.37,0.4,12330.95,6416.88,96.41,Cash on Delivery,4,FALSE,Delivered,6
ORD-01475,10/25/2021,CUST99554,Pooja Singh,34,Male,South,Bangalore,Groceries,Sugar,2,94.21,0.04,161.58,12.72,51.52,Debit Card,3,FALSE,delivered,7
ORD-01474,10/25/2021,CUST18611,Sunita Shah,27,Male,East,Guwahati,Electronics,Smartphone,6,6119.98,0.29,25738.91,3137.93,74.62,Debit Card,1,TRUE,Returned,5
ORD-01473,10/25/2021,CUST33809,Sanjay Reddy,31,Other,West,Surat,Groceries,Cooking Oil,2,233.12,0.28,322.86,21.37,57.3,Cash on Delivery,3,FALSE,Delivered,7
ORD-01472,10/24/2021,CUST26553,Nikhil Kumar,27,Male,South,Hyderabad,Electronics,Smartwatch,3,33682.54,0.26,62547.07,8775.98,56.02,Cash on Delivery,1,TRUE,Returned,3
ORD-01471,10/24/2021,CUST70306,Amit Singh,18,Male,Central,Raipur,Clothing,Dress,4,2744.4,0.06,9005.15,3617.26,63.69,EMI,1,FALSE,Pending,7
ORD-01470,10/24/2021,CUST64854,Ananya Mehta,15,Male,Central,Indore,Beauty,Lipstick,5,1406.35,0.15,5360.98,3427.48,71.58,Cash on Delivery,3,FALSE,Cancelled,1
ORD-01468,10/23/2021,CUST62484,Karan Gupta,24,Female,West,Pune,Groceries,Cooking Oil,9,63.47,0.15,477.64,35.42,44.96,Credit Card,3,FALSE,Delivered,8
ORD-01467,10/23/2021,CUST97904,Sanjay Bhat,36,Male,West,Ahmedabad,Clothing,Kurta,10,2394.19,0.18,18412.38,6424.53,80.64,Cash on Delivery,4,FALSE,Delivered,5
ORD-01466,10/23/2021,CUST22468,Sunita Kumar,68,Female,East,Bhubaneswar,Groceries,Flour,4,103.01,0.4,239.3,22.6,78.91,Cash on Delivery,1,TRUE,Returned,4
ORD-01465,10/23/2021,CUST31162,Vikram Reddy,42,Other,North,Chandigarh,Furniture,Chair,2,31609.28,0.3,37776.02,8697.26,37.83,Cash on Delivery,3,FALSE,Delivered,5
ORD-01464,10/23/2021,CUST32032,Pooja Patel,31,Female,West,Surat,Sports,Cricket Bat,8,12621.58,0.23,64120.65,14256.86,73.6,Debit Card,4,FALSE,Delivered,2
ORD-01463,10/23/2021,CUST80946,Nikhil Verma,35,Other,West,Ahmedabad,Sports,Football,6,10030.26,0.17,51174.21,14093.89,33.86,Net Banking,4,FALSE,Delivered,8
ORD-01462,10/22/2021,CUST48119,Arjun Kumar,25,Other,West,Mumbai,Sports,Yoga Mat,4,9927.75,0.01,30133.8,8083.5,86.33,Cash on Delivery,1,FALSE,Delivered,5
ORD-01460,10/22/2021,CUST92264,Nikhil Chatterjee,38,Female,Central,Bhopal,Books,Self-Help Book,4,875.51,0.3,2078.56,482.57,74.29,Credit Card,3,FALSE,Delivered,3
ORD-01459,10/22/2021,CUST85012,Nikhil Joshi,30,Other,West,Ahmedabad,Books,Self-Help Book,9,601.66,0.04,5277.72,1862.14,59.96,Debit Card,2,TRUE,Returned,1
ORD-01458,10/22/2021,CUST39952,Sanjay Iyer,27,Other,Central,Bhopal,Electronics,Camera,7,38149.2,0.2,183278.19,21290.22,53.93,Cash on Delivery,4,TRUE,Returned,8
ORD-01457,10/22/2021,CUST96946,Sunita Sharma,53,Other,South,Chennai,Electronics,Headphones,9,62284.37,0.36,295233.56,40519.72,81.15,Credit Card,3,FALSE,Delivered,8
ORD-01454,10/20/2021,CUST23242,Meera Singh,43,Female,North,Ludhiana,Sports,Cricket Bat,3,6413.38,0.13,14627.15,3690.83,28.34,Cash on Delivery,5,FALSE,Shipped,2
ORD-01453,10/20/2021,CUST65544,Aditya Verma,11,Other,West,Ahmedabad,Clothing,Dress,10,1794.59,0.29,11310.93,5145.36,72.92,Credit Card,5,FALSE,Delivered,6
ORD-01452,10/19/2021,CUST49495,Priya Reddy,20,Male,West,Surat,Beauty,Shampoo,3,805.93,0.05,2114.44,1247.55,55.34,UPI,3,FALSE,Delivered,5
ORD-01451,10/18/2021,CUST83181,Priya Sharma,48,Male,North,Delhi,Clothing,T-Shirt,8,983.33,0.33,5486.4,1956.84,48,Debit Card,1,TRUE,Returned,9
ORD-01450,10/18/2021,CUST04445,Rahul Shah,55,Other,North,Amritsar,Beauty,Shampoo,8,2387.85,0.03,16986.77,9892.56,51.89,Cash on Delivery,4,FALSE,Cancelled,1
ORD-01449,10/17/2021,CUST79698,Deepa Das,49,Other,Central,Raipur,Sports,Tennis Racket,4,11988.33,0.37,30419.46,3508.41,63.72,UPI,2,FALSE,Delivered,5
ORD-01447,10/16/2021,CUST92723,Priya Patel,42,Other,West,Pune,Furniture,Bed Frame,5,5397.15,0.35,15752.78,4521.5,33.64,EMI,5,FALSE,Delivered,3
ORD-01445,10/15/2021,CUST58478,Sunita Reddy,38,Other,West,Surat,Beauty,Lipstick,8,1489.85,0.09,10449.86,3809.88,86.42,Credit Card,2,FALSE,Cancelled,6
ORD-01444,10/14/2021,CUST08288,Sanjay Verma,33,Male,South,Bangalore,Sports,Yoga Mat,9,2605.13,0.21,20094.94,2400.52,83.93,EMI,4,TRUE,Returned,5
ORD-01443,10/14/2021,CUST23949,Vikram Sharma,48,Male,North,Delhi,Beauty,Perfume,5,314.26,0.28,1186.73,376.78,62.97,Debit Card,5,FALSE,Delivered,6
ORD-01442,10/13/2021,CUST07818,Rahul Mehta,49,Female,West,Surat,Books,Cook Book,10,1078.36,0.39,5300.77,2043.67,59.94,Credit Card,1,FALSE,Delivered,2
ORD-01441,10/11/2021,CUST46668,Karan Bhat,36,Female,West,Pune,Books,Biography,7,1187.1,0.13,6671.63,2154.79,88.18,EMI,3,FALSE,Delivered,5
ORD-01440,10/11/2021,CUST84528,Vikram Kapoor,36,Other,North,Amritsar,Books,Textbook,10,1279.2,0.17,10694.49,4612.59,38.62,EMI,1,FALSE,Shipped,6
ORD-01439,10/10/2021,CUST93212,Priya Mishra,37,Male,Central,Nagpur,Sports,Dumbbells,3,13108.91,0.14,30143.82,8326.51,55.08,Credit Card,1,FALSE,Delivered,10
ORD-01438,10/10/2021,CUST54455,Shreya Mehta,57,Female,South,Kochi,Books,Comic Book,8,1196.38,0.14,8445.01,3179.69,71.87,Net Banking,2,FALSE,Delivered,4
ORD-01436,10/9/2021,CUST45016,Pooja Rao,47,Male,North,Chandigarh,Clothing,Dress,2,3097.01,0.13,5016.33,2443.96,50.68,Net Banking,3,FALSE,Delivered,6
ORD-01435,10/8/2021,CUST41321,Ritu Bhat,23,Male,North,Chandigarh,Groceries,Cooking Oil,5,312.3,0.12,1270.29,110.96,25.67,Cash on Delivery,3,FALSE,Delivered,8
ORD-01434,10/8/2021,CUST32355,Priya Verma,31,Male,South,Chennai,Clothing,T-Shirt,9,2943.22,0.02,22356.5,7881.59,58.83,EMI,5,FALSE,Shipped,5
ORD-01433,10/7/2021,CUST83420,Rahul Kumar,22,Male,South,Chennai,Beauty,Lipstick,2,785.12,0.23,1096.54,569.3,95.2,Credit Card,4,TRUE,Returned,10
ORD-01432,10/7/2021,CUST02652,Nisha Mehta,32,Male,North,Chandigarh,Sports,Tennis Racket,5,10759.43,0.18,40614.59,10920.96,43.85,UPI,4,FALSE,Delivered,2
ORD-01431,10/7/2021,CUST03275,Rohan Mishra,42,Female,West,Ahmedabad,Electronics,Smartwatch,8,32618.21,0.24,175909.3,22171.54,80.63,Credit Card,5,FALSE,Delivered,2
ORD-01430,7/10/2021,CUST37845,Nisha Sharma,25,Other,East,Patna,Books,Fiction Novel,2,986.99,0.37,1052.33,405.51,79.62,Debit Card,2,TRUE,Returned,4
ORD-01428,10/6/2021,CUST77645,Ananya Bhat,35,Female,West,Surat,Books,Fiction Novel,10,268.47,0.24,1754.08,598.81,69.44,Credit Card,5,FALSE,Delivered,6
ORD-01427,10/6/2021,CUST62447,Aditya Mehta,25,Other,South,Kochi,Clothing,Kurta,3,1683.92,0.01,5129.49,1700.69,84.8,Cash on Delivery,3,FALSE,Pending,8
ORD-01426,10/5/2021,CUST08147,Nikhil Shah,58,Male,North,Delhi,Clothing,Dress,2,469.65,0.12,775.74,185.8,32.03,Cash on Delivery,1,TRUE,Returned,3
ORD-01424,10/3/2021,CUST12417,Sanjay Kumar,54,Other,Central,Bhopal,Clothing,Dress,2,3491.48,0.16,4903.58,1061.09,82.05,Debit Card,2,FALSE,Delivered,9
ORD-01423,10/3/2021,CUST36676,Aditya Kapoor,35,Male,North,Ludhiana,Groceries,Dal (1kg),6,204.17,0.32,703.05,59.99,27.12,Debit Card,4,FALSE,Delivered,1
ORD-01422,10/2/2021,CUST97273,Aarav Gupta,37,Other,North,Amritsar,Sports,Cricket Bat,10,12010.26,0.36,68019.81,13038.75,77.19,UPI,1,FALSE,Delivered,10
ORD-01421,10/2/2021,CUST32538,Amit Rao,24,Other,South,Bangalore,Electronics,Laptop,10,23157.51,0.12,176221.6,21453.69,53.6,Net Banking,3,FALSE,Delivered,4
ORD-01419,10/1/2021,CUST19497,Vikram Mehta,8,Male,West,Ahmedabad,Sports,Football,9,14766.84,0.35,79036.67,16949.03,34.32,UPI,5,FALSE,Delivered,10
ORD-01418,10/1/2021,CUST26109,Aditya Gupta,52,Male,Central,Raipur,Sports,Cycle,3,13585.06,0.33,26055.86,5488.23,62.01,EMI,5,FALSE,cancelled,2
ORD-01417,9/30/2021,CUST32469,Aditya Das,31,Male,East,Patna,Books,Comic Book,3,751.24,0.34,1754.21,458.13,103.5,Debit Card,3,FALSE,Delivered,10
ORD-01416,9/30/2021,CUST53700,Aditya Chatterjee,35,Other,North,Ludhiana,Groceries,Tea,4,98.95,0.15,365.47,31.72,78.47,Net Banking,1,TRUE,Returned,4
ORD-01415,9/30/2021,CUST50601,Amit Patel,31,Other,West,Mumbai,Groceries,Tea,3,297.63,0.02,1094.67,141.65,49.55,Credit Card,1,TRUE,Returned,8
ORD-01414,9/29/2021,CUST00909,Ananya Verma,32,Other,South,Bangalore,Furniture,Sofa,6,3717.72,0.22,17177.15,4949.58,62.81,Net Banking,2,FALSE,Delivered,3
ORD-01413,9/28/2021,CUST43662,Karan Sharma,34,Other,North,Ludhiana,Clothing,Jeans,3,1238.9,0.33,2660.56,1083.58,73.53,Net Banking,5,TRUE,Returned,3
ORD-01412,9/28/2021,CUST02453,Arjun Shah,31,Female,Central,Bhopal,Books,Self-Help Book,3,329.03,0.02,994.87,375.07,77.34,Credit Card,5,TRUE,Returned,10
ORD-01411,9/28/2021,CUST46708,Rahul Das,41,Male,Central,Bhopal,Books,Comic Book,5,293.56,0.4,988.84,397.44,61.09,Credit Card,4,FALSE,Cancelled,5
ORD-01410,9/27/2021,CUST74811,Aditya Rao,32,Other,East,Patna,Beauty,Face Cream,7,1026.47,0.07,6772.95,2747.24,58.92,Cash on Delivery,1,TRUE,Returned,9
ORD-01408,9/26/2021,CUST69520,Sanjay Singh,31,Other,West,Mumbai,Clothing,Jacket,6,1744.18,0.2,8503.76,2737.92,72.31,Cash on Delivery,5,FALSE,Shipped,5
ORD-01407,9/25/2021,CUST62870,Shreya Mehta,38,Female,Central,Raipur,Beauty,Face Cream,2,1348.14,0.25,2363.7,904.82,48.59,UPI,2,FALSE,Delivered,5
ORD-01406,9/25/2021,CUST72539,Sanjay Mehta,47,Other,North,Delhi,Electronics,Laptop,8,75788.6,0.25,518764.77,69163.47,47.81,Cash on Delivery,2,FALSE,Delivered,10
ORD-01405,9/25/2021,CUST15111,Sunita Patel,43,Other,Central,Bhopal,Clothing,Dress,10,3186.14,0.28,22148.24,6072.78,50.45,UPI,1,FALSE,Cancelled,9
ORD-01404,9/25/2021,CUST34886,Karan Iyer,25,Female,East,Kolkata,Books,Fiction Novel,10,350.58,0.32,2561.17,916.75,95,UPI,5,FALSE,Delivered,7
ORD-01403,9/25/2021,CUST02694,Priya Chatterjee,19,Male,Central,Raipur,Beauty,Hair Oil,7,210.31,0.23,1209,600.88,67.46,UPI,5,TRUE,Returned,6
ORD-01402,9/24/2021,CUST90375,Kavya Iyer,42,Female,East,Bhubaneswar,Groceries,Sugar,10,245.92,0.04,2502.84,183.09,76.22,Net Banking,5,FALSE,Pending,5
ORD-01401,9/24/2021,CUST40146,Sanjay Mehta,22,Female,South,Bangalore,Beauty,Lipstick,6,669.59,0.13,3355.53,1841.16,75.65,Net Banking,3,FALSE,Delivered,9
ORD-01400,9/24/2021,CUST47772,Sunita Das,43,Male,West,Ahmedabad,Furniture,Wardrobe,2,2701.39,0.33,4179.32,933.32,79.24,Credit Card,5,FALSE,Cancelled,2
ORD-01398,9/23/2021,CUST54951,Ritu Chatterjee,25,Other,East,Guwahati,Furniture,Desk,8,19149.45,0.14,163824.93,43339.07,77.26,UPI,2,FALSE,Delivered,4
ORD-01396,9/21/2021,CUST86234,Priya Reddy,56,Male,South,Kochi,Electronics,Tablet,8,75033.34,0.28,506816.82,73937.62,61.37,Credit Card,4,FALSE,Delivered,7
ORD-01395,9/21/2021,CUST24924,Ananya Shah,14,Male,West,Pune,Furniture,Sofa,9,15802.88,0.01,165325.69,46953.51,64.99,Debit Card,1,FALSE,Delivered,9
ORD-01394,9/20/2021,CUST91444,Aarav Iyer,46,Male,Central,Indore,Electronics,Smartphone,7,38846.9,0.21,255205.65,39365.88,50.81,Net Banking,4,FALSE,Delivered,10
ORD-01393,9/20/2021,CUST82169,Ritu Bhat,54,Other,North,Delhi,Sports,Tennis Racket,1,7834.86,0.37,4867.16,961.37,53.04,Debit Card,1,FALSE,Delivered,8
ORD-01391,9/20/2021,CUST53724,Kavya Iyer,45,Other,East,Bhubaneswar,Groceries,Dal (1kg),8,126.77,0.15,930.33,66.45,64.29,Net Banking,4,FALSE,Shipped,2
ORD-01389,9/19/2021,CUST70094,Deepa Joshi,29,Other,East,Guwahati,Sports,Dumbbells,5,5472.78,0.09,26718.92,5839.8,85.38,Net Banking,3,FALSE,shipped,7
ORD-01387,9/19/2021,CUST58789,Nikhil Mehta,42,Other,West,Surat,Sports,Yoga Mat,7,2078.41,0.23,13731.31,4242.83,42.68,Credit Card,2,FALSE,Delivered,1
ORD-01386,9/18/2021,CUST40254,Shreya Mehta,26,Male,East,Bhubaneswar,Beauty,Sunscreen,9,1633.93,0.26,13364.21,6165.22,62.78,UPI,4,FALSE,delivered,2
ORD-01385,9/18/2021,CUST85642,Priya Singh,42,Other,East,Kolkata,Sports,Cricket Bat,8,12223.45,0.4,62483.59,10563.05,68.51,Net Banking,4,FALSE,delivered,7
ORD-01384,9/17/2021,CUST19005,Sanjay Bose,38,Other,East,Bhubaneswar,Clothing,T-Shirt,1,581.13,0.01,664.52,237.69,85.55,Cash on Delivery,2,FALSE,Delivered,4
ORD-01383,9/16/2021,CUST61824,Priya Sharma,52,Female,West,Surat,Furniture,Bed Frame,9,28138.72,0,267856.83,58224.65,61.16,Debit Card,4,FALSE,Delivered,1
ORD-01382,9/16/2021,CUST87197,Rohan Kumar,41,Male,North,Amritsar,Sports,Cycle,6,3598.68,0.09,22421.86,6008.67,56.7,Net Banking,2,FALSE,Delivered,8
ORD-01381,9/15/2021,CUST67856,Ananya Shah,46,Other,East,Bhubaneswar,Books,Comic Book,1,1391.59,0.04,1424.19,496.68,84.05,Net Banking,4,FALSE,Shipped,5
ORD-01380,15/09/2021,CUST11106,Rohan Reddy,37,Female,West,Surat,Beauty,Sunscreen,6,386.4,0.05,2325.22,1189.61,40.66,Credit Card,1,FALSE,Delivered,10
ORD-01379,9/15/2021,CUST23044,Meera Verma,48,Female,South,Bangalore,Groceries,Cooking Oil,8,378.17,0.2,2714.36,171.58,53.04,Debit Card,2,FALSE,Delivered,7
ORD-01378,9/15/2021,CUST96105,Rohan Pillai,25,Male,North,Delhi,Furniture,Bookshelf,4,23015.5,0.13,103290.99,34267.22,28.42,UPI,1,TRUE,Returned,10
ORD-01376,9/14/2021,CUST33017,Aarav Pillai,56,Female,East,Bhubaneswar,Clothing,Saree,1,2237.32,0.36,1298.32,627.59,70.34,Net Banking,4,FALSE,Cancelled,6
ORD-01374,11/9/2021,CUST68198,Rahul Chatterjee,13,Male,Central,Raipur,Electronics,Laptop,7,48956.77,0.24,279788.19,38368.45,86.46,Net Banking,4,FALSE,Delivered,9
ORD-01373,9/11/2021,CUST56843,Aarav Singh,31,Female,North,Delhi,Electronics,Smartphone,2,20652.77,0.17,36063.91,2449.77,46.55,Credit Card,1,FALSE,Delivered,3
ORD-01372,9/11/2021,CUST56280,Pooja Kapoor,37,Female,East,Patna,Books,Biography,7,1359.26,0.12,9165.32,3844.26,63.94,Cash on Delivery,4,FALSE,Pending,6
ORD-01371,9/10/2021,CUST72149,Aarav Patel,47,Other,South,Chennai,Beauty,Perfume,6,1969.17,0.13,11841.76,3753.53,62.19,Net Banking,4,FALSE,Delivered,7
ORD-01370,9/9/2021,CUST44583,Aarav Rao,48,Male,East,Bhubaneswar,Electronics,Headphones,5,77055.5,0.09,398426.64,51765.01,68.43,EMI,5,FALSE,Delivered,6
ORD-01369,9/9/2021,CUST31474,Rohan Das,42,Other,Central,Raipur,Groceries,Cooking Oil,7,496.14,0.3,2839.68,279.88,63.12,Cash on Delivery,1,TRUE,Returned,5
ORD-01368,9/9/2021,CUST02383,Meera Bhat,32,Female,East,Kolkata,Beauty,Sunscreen,10,1927.01,0.23,14983.29,6280.5,52.73,Cash on Delivery,3,FALSE,Delivered,9
ORD-01367,9/8/2021,CUST32462,Shreya Rao,30,Female,Central,Bhopal,Books,Fiction Novel,8,1443.03,0.31,8604.24,3984.16,47.13,UPI,4,TRUE,Returned,10
ORD-01366,9/7/2021,CUST19666,Amit Sharma,21,Other,West,Ahmedabad,Electronics,Headphones,10,69111.01,0.18,610027.66,80887.73,59.74,UPI,1,FALSE,Delivered,2
ORD-01365,9/6/2021,CUST34491,Nikhil Rao,51,Other,West,Surat,Books,Textbook,5,1499.28,0.03,8327.23,4182.31,74.08,Net Banking,3,FALSE,Delivered,1
ORD-01364,9/5/2021,CUST64778,Nisha Bose,26,Female,North,Delhi,Groceries,Dal (1kg),1,110.62,0.3,75.53,6.99,52.75,EMI,3,TRUE,Returned,9
ORD-01363,9/5/2021,CUST15260,Meera Patel,40,Female,East,Bhubaneswar,Electronics,Camera,10,55908.72,0.11,627898.81,86690.85,75.65,Cash on Delivery,5,FALSE,Shipped,4
ORD-01362,9/4/2021,CUST75771,Deepa Das,49,Male,East,Kolkata,Sports,Football,2,3995.9,0.28,6264.27,1979.87,89.09,Debit Card,5,FALSE,Delivered,7
ORD-01361,9/4/2021,CUST40439,Ananya Patel,30,Female,North,Ludhiana,Beauty,Face Cream,0,1406.05,0.34,1053,521.93,51.51,EMI,2,TRUE,Returned,7
ORD-01360,9/4/2021,CUST90904,Ananya Gupta,46,Male,North,Amritsar,Groceries,Tea,9,259.9,0.13,2235.73,151.85,60.98,Cash on Delivery,1,FALSE,Delivered,7
ORD-01359,9/4/2021,CUST02336,Ananya Das,41,Other,North,Amritsar,Electronics,Laptop,4,58347.92,0.26,187775.6,29981.09,40.02,Cash on Delivery,5,TRUE,Returned,1
ORD-01357,9/3/2021,CUST15011,Rahul Shah,21,Other,West,Mumbai,Books,Fiction Novel,7,712.53,0.07,5107.75,1803.51,57.42,Credit Card,1,TRUE,Returned,10
ORD-01356,9/3/2021,CUST36316,Amit Rao,44,Other,Central,Nagpur,Sports,Yoga Mat,5,9013.26,0.28,36168.33,10509.8,35.94,UPI,5,FALSE,Shipped,7
ORD-01355,9/2/2021,CUST96314,Ananya Pillai,17,Other,Central,Bhopal,Beauty,Lipstick,10,565.58,0.36,4045.87,2129.62,37.31,EMI,3,TRUE,Returned,9
ORD-01354,9/1/2021,CUST77279,Sanjay Chatterjee,29,Male,Central,Nagpur,Clothing,Jeans,2,3887.01,0.36,5775.71,2252.91,53.35,Net Banking,5,FALSE,Delivered,1
ORD-01353,9/1/2021,CUST45393,Shreya Reddy,42,Male,South,Hyderabad,Furniture,Desk,10,8753.12,0.28,73335.01,17930.25,87.75,EMI,5,FALSE,Delivered,8
ORD-01352,9/1/2021,CUST17309,Sunita Singh,31,Female,East,Bhubaneswar,Books,Fiction Novel,1,1491.06,0.04,1674.24,498.53,77.85,Debit Card,3,FALSE,Delivered,10
ORD-01351,8/31/2021,CUST05251,Kavya Singh,31,Female,North,Chandigarh,Furniture,Chair,2,11559.97,0.37,19813.12,6537.8,64.47,Credit Card,5,FALSE,Delivered,6
ORD-01350,8/31/2021,CUST96166,Vikram Mehta,41,Female,North,Amritsar,Books,Fiction Novel,2,1075.45,0.13,2282.66,949.67,47.1,UPI,2,FALSE,Delivered,6
ORD-01349,8/30/2021,CUST06490,Shreya Shah,21,Female,North,Chandigarh,Clothing,Dress,4,2556.35,0.19,9517.59,1946.08,45.36,UPI,5,FALSE,Delivered,2
ORD-01348,8/29/2021,CUST49296,Pooja Sharma,41,Other,West,Surat,Furniture,Sofa,4,25941.32,0.14,110156.97,36956.51,67.65,Debit Card,4,FALSE,Delivered,5
ORD-01347,8/29/2021,CUST43896,Rohan Nair,24,Female,East,Guwahati,Sports,Tennis Racket,1,3087.59,0.07,3563.24,769.67,85.46,Credit Card,2,FALSE,Delivered,4
ORD-01346,8/27/2021,CUST63670,Sunita Reddy,53,Male,North,Ludhiana,Furniture,Desk,10,20350.98,0.22,218880.02,43493.86,69.86,EMI,1,FALSE,Delivered,5
ORD-01344,8/27/2021,CUST50875,Aditya Sharma,24,Male,West,Surat,Sports,Tennis Racket,3,13785.98,0.06,45600.79,9994.78,77.7,Cash on Delivery,5,FALSE,Delivered,8
ORD-01343,8/26/2021,CUST26367,Vikram Bose,55,Female,East,Bhubaneswar,Sports,Tennis Racket,4,14419.59,0.34,44932.24,11862.97,63.9,UPI,2,FALSE,Delivered,4
ORD-01342,8/26/2021,CUST97259,Aarav Chatterjee,18,Other,North,Ludhiana,Groceries,Cooking Oil,7,438.39,0.11,3296.41,234.24,28.61,Credit Card,4,FALSE,Shipped,3
ORD-01341,8/26/2021,CUST78913,Meera Sharma,25,Female,South,Bangalore,Electronics,Headphones,6,33295.33,0.22,190618.8,28846.6,81.68,EMI,3,FALSE,Delivered,4
ORD-01340,8/24/2021,CUST16922,Deepa Gupta,32,Female,South,Chennai,Beauty,Hair Oil,4,154.86,0.33,476.99,235.99,64.4,Debit Card,3,FALSE,Delivered,100
ORD-01338,8/24/2021,CUST96831,Priya Das,43,Male,South,Kochi,Furniture,Sofa,10,19934.48,0.04,222948.05,85875.92,55.37,Debit Card,2,FALSE,Delivered,3
ORD-01337,8/24/2021,CUST96224,Pooja Bhat,42,Male,East,Guwahati,Beauty,Shampoo,6,1830.42,0.38,8090.67,3889.27,89.06,EMI,5,FALSE,Pending,7
ORD-01336,8/23/2021,CUST25698,Pooja Patel,20,Female,West,Pune,Beauty,Face Cream,10,547,0.32,4726.28,2513.67,65.08,Cash on Delivery,2,FALSE,Cancelled,7
ORD-01335,8/23/2021,CUST27800,Meera Shah,38,Other,Central,Indore,Furniture,Sofa,8,27002.71,0.1,247619.21,75880.4,107.71,UPI,1,FALSE,Delivered,3
ORD-01334,8/23/2021,CUST72253,Ananya Verma,6,Other,Central,Indore,Furniture,Wardrobe,6,14866.07,0.15,93295.26,34155.92,69.82,UPI,2,FALSE,Delivered,9
ORD-01333,8/20/2021,CUST98551,Aarav Verma,43,Female,East,Patna,Beauty,Face Cream,7,2072.71,0.36,11905.56,4495.73,76.63,UPI,5,FALSE,Delivered,9
ORD-01332,8/20/2021,CUST68136,Sunita Verma,26,Female,East,Guwahati,Beauty,Lipstick,9,296.29,0.39,2124.79,1395.29,84.16,Debit Card,4,FALSE,Delivered,10
ORD-01331,8/20/2021,CUST82678,Ananya Gupta,11,Male,West,Ahmedabad,Groceries,Dal (1kg),8,96.84,0.35,688.57,57.78,45.37,Credit Card,1,FALSE,Delivered,8
ORD-01329,8/20/2021,CUST48811,Ananya Kapoor,27,Male,North,Amritsar,Groceries,Flour,1,108.73,0.39,87.71,7.58,51.82,Cash on Delivery,4,FALSE,Shipped,7
ORD-01328,8/18/2021,CUST77757,Amit Rao,34,Other,South,Hyderabad,Clothing,T-Shirt,1,1197.05,0.33,1082.08,320.52,29.64,UPI,4,FALSE,Cancelled,3
ORD-01327,8/18/2021,CUST26929,Rohan Kapoor,25,Female,East,Guwahati,Books,Textbook,6,729.34,0.04,5901.9,2786.64,104.25,Net Banking,5,FALSE,Delivered,3
ORD-01326,8/18/2021,CUST15556,Amit Sharma,43,Other,South,Chennai,Sports,Cycle,2,10207.68,0.39,15448.23,3254.54,51.21,Net Banking,1,FALSE,Pending,4
ORD-01325,8/17/2021,CUST05247,Sunita Singh,27,Other,East,Guwahati,Furniture,Wardrobe,7,7638.75,0.3,41709.71,10853.15,79,Credit Card,5,FALSE,Cancelled,8
ORD-01324,8/16/2021,CUST72753,Nisha Kumar,11,Other,Central,Raipur,Books,Comic Book,7,1004.42,0.04,8377.27,5250.13,59.41,Credit Card,3,FALSE,Delivered,1
ORD-01323,16/08/2021,CUST78691,Rohan Kapoor,28,Female,East,Bhubaneswar,Clothing,Kurta,9,541.46,0.14,4738.37,1400.95,53.44,UPI,1,FALSE,Delivered,4
ORD-01322,8/16/2021,CUST89590,Sanjay Rao,42,Other,Central,Nagpur,Electronics,Headphones,5,25084.96,0.05,172376.29,18968.1,74.02,EMI,1,FALSE,Delivered,8
ORD-01321,8/16/2021,CUST60359,Kavya Gupta,42,Female,Central,Bhopal,Books,Self-Help Book,3,886.35,0.25,2878.52,1205.89,51.22,EMI,1,FALSE,Delivered,6
ORD-01320,8/16/2021,CUST49427,Nisha Bhat,27,Other,East,Bhubaneswar,Clothing,Saree,5,1016.27,0.31,3776.28,996.28,80.84,UPI,3,FALSE,Delivered,8
ORD-01319,8/15/2021,CUST97277,Pooja Pillai,31,Other,East,Guwahati,Groceries,Sugar,1,446.2,0.12,424.33,36.33,85.34,Cash on Delivery,4,FALSE,Delivered,7
ORD-01318,8/15/2021,CUST59067,Nikhil Gupta,49,Male,Central,Raipur,Beauty,Hair Oil,4,525.05,0.02,2333.99,964.12,71.8,EMI,5,FALSE,Delivered,1
ORD-01317,8/15/2021,CUST37544,Vikram Mehta,35,Other,North,Amritsar,Furniture,Wardrobe,10,26198.4,0.08,256959.11,92292.36,42.39,Credit Card,4,FALSE,Delivered,2
ORD-01315,8/14/2021,CUST19293,Ananya Joshi,44,Other,South,Kochi,Furniture,Bed Frame,3,6100.73,0.35,16831.69,4667.9,82.45,Cash on Delivery,5,FALSE,Shipped,2
ORD-01314,8/14/2021,CUST47839,Rahul Patel,32,Other,North,Amritsar,Electronics,Laptop,5,69893.85,0.26,364875.53,30513.58,59.78,Cash on Delivery,1,FALSE,Shipped,7
ORD-01313,8/13/2021,CUST70748,Ananya Kumar,46,Male,Central,Bhopal,Electronics,Laptop,10,25085.8,0.25,207921.9,24463.52,67.24,UPI,3,FALSE,Pending,4
ORD-01312,8/12/2021,CUST22985,Amit Pillai,22,Male,North,Delhi,Beauty,Sunscreen,2,542.62,0.14,971.77,443.38,61.76,UPI,4,FALSE,Delivered,3
ORD-01311,8/12/2021,CUST00450,Sanjay Iyer,39,Male,West,Ahmedabad,Electronics,Smartwatch,7,63396.04,0.05,514656.3,47623.99,47.91,EMI,3,FALSE,Delivered,2
ORD-01310,8/11/2021,CUST84751,Vikram Kumar,14,Male,South,Kochi,Sports,Yoga Mat,2,11904.59,0.18,25494.32,6649.59,66.45,EMI,5,FALSE,Delivered,2
ORD-01308,8/11/2021,CUST81370,Amit Sharma,39,Other,West,Pune,Clothing,Jeans,10,1816.68,0.15,18053.22,7198.9,61.69,Credit Card,5,FALSE,Cancelled,2
ORD-01307,8/11/2021,CUST83913,Rohan Rao,28,Male,North,Delhi,Books,Comic Book,4,268,0.31,983.11,397.26,58.22,UPI,4,FALSE,Cancelled,4
ORD-01306,8/10/2021,CUST62979,Pooja Mishra,36,Other,Central,Raipur,Electronics,Smartwatch,8,58571.61,0.28,475115.46,53027.1,56.37,EMI,4,TRUE,Returned,4
ORD-01305,8/10/2021,CUST05596,Rohan Kumar,47,Male,South,Hyderabad,Beauty,Sunscreen,2,1000.16,0.16,2110.52,712.46,67.43,Cash on Delivery,1,FALSE,Delivered,5
ORD-01304,8/10/2021,CUST66175,Aarav Das,26,Male,Central,Raipur,Furniture,Sofa,8,29112.08,0.18,251589.73,75733.79,27.35,EMI,1,FALSE,Delivered,3
ORD-01303,8/10/2021,CUST71873,Aditya Singh,35,Female,East,Bhubaneswar,Furniture,Sofa,3,23823.69,0.11,88956.71,26211.15,95.16,EMI,5,FALSE,Delivered,6
ORD-01302,8/10/2021,CUST86947,Meera Rao,32,Male,North,Amritsar,Furniture,Bed Frame,1,9518.88,0.28,8848.99,3106.65,60.55,UPI,5,FALSE,Shipped,6
ORD-01301,8/10/2021,CUST03306,Meera Iyer,34,Female,West,Pune,Clothing,Dress,6,851.31,0.03,6109.24,2057.43,55.78,Cash on Delivery,3,FALSE,Delivered,1
ORD-01300,8/10/2021,CUST98101,Deepa Bose,30,Female,West,Pune,Groceries,Sugar,6,303.35,0.13,2102.56,144.04,55.2,Credit Card,1,TRUE,Returned,3
ORD-01299,8/9/2021,CUST07041,Aditya Bose,28,Other,East,Bhubaneswar,Sports,Yoga Mat,6,8185.51,0.23,46089.54,10034.22,86.32,Credit Card,4,TRUE,Returned,9
ORD-01298,8/9/2021,CUST05275,Deepa Bose,36,Male,South,Bangalore,Furniture,Chair,1,13928.4,0.02,16374.89,4982.19,84.29,Debit Card,1,TRUE,Returned,2
ORD-01297,8/8/2021,CUST93424,Aditya Kapoor,33,Male,South,Kochi,Clothing,Dress,9,1576.8,0.31,14192.8,7027.01,63.25,UPI,2,FALSE,Delivered,6
ORD-01296,8/7/2021,CUST28222,Nisha Pillai,27,Female,West,Surat,Electronics,Laptop,3,54652.78,0.01,192332.91,11105.11,56.52,Debit Card,1,FALSE,Delivered,9
ORD-01295,8/7/2021,CUST43573,Rohan Das,28,Male,East,Patna,Groceries,Rice (5kg),1,69.87,0.27,75.65,6,69.5,Credit Card,2,FALSE,Cancelled,9
ORD-01294,8/6/2021,CUST87248,Shreya Das,30,Other,South,Bangalore,Groceries,Rice (5kg),8,278.21,0.22,2079.67,188.15,61.34,Credit Card,2,FALSE,delivered,5
ORD-01292,8/6/2021,CUST14859,Vikram Mehta,21,Female,West,Surat,Beauty,Lipstick,3,1302.9,0.23,4258.29,1724.59,82.26,UPI,2,FALSE,Cancelled,5
ORD-01291,8/5/2021,CUST96686,Priya Patel,32,Other,North,Ludhiana,Beauty,Face Cream,8,460.54,0.18,4504.96,2168.77,52.4,Credit Card,2,FALSE,Delivered,2
ORD-01288,8/3/2021,CUST52141,Ritu Kumar,29,Female,South,Chennai,Electronics,Smartwatch,9,65957.44,0.32,526880.46,88344.08,59.57,Cash on Delivery,5,FALSE,Delivered,6
ORD-01287,8/3/2021,CUST98013,Shreya Bose,52,Male,Central,Indore,Beauty,Lipstick,2,725.19,0.38,1066.16,607.3,27.53,UPI,2,FALSE,shipped,10
ORD-01286,8/3/2021,CUST73360,Nisha Sharma,30,Female,West,Surat,Electronics,Smartwatch,5,53420.53,0.16,268730.15,18234.55,49.75,Debit Card,4,FALSE,Delivered,3
ORD-01284,8/1/2021,CUST80616,Nisha Gupta,50,Other,South,Hyderabad,Sports,Cricket Bat,9,10928.77,0.26,93398.29,13807.62,73.25,EMI,3,FALSE,delivered,2
ORD-01283,8/1/2021,CUST68514,Sanjay Mishra,8,Male,North,Ludhiana,Beauty,Hair Oil,10,1896.08,0.01,22009.55,8645.2,60.54,Net Banking,2,FALSE,Delivered,10
ORD-01282,8/1/2021,CUST23140,Ananya Verma,22,Male,Central,Nagpur,Sports,Cycle,7,5887.32,0.27,40536.35,9596.19,68.83,Credit Card,5,FALSE,Delivered,8
ORD-01281,7/31/2021,CUST14797,Sanjay Rao,26,Male,North,Delhi,Electronics,Headphones,8,63773.73,0.38,408398.64,36997.48,37.03,Credit Card,4,FALSE,Delivered,3
ORD-01280,7/31/2021,CUST18652,Rahul Iyer,21,Other,Central,Nagpur,Clothing,Dress,2,3825.43,0.38,5477.43,1454.06,57.72,Cash on Delivery,3,FALSE,Delivered,2
ORD-01276,7/29/2021,CUST57127,Sunita Joshi,30,Female,East,Bhubaneswar,Books,Fiction Novel,5,1321.61,0.39,6316.69,1989.53,80.34,UPI,2,FALSE,Cancelled,1
ORD-01275,7/28/2021,CUST94413,Rahul Gupta,35,Male,Central,Indore,Electronics,Laptop,9,63147.82,0.14,671607.78,86070.79,60.5,Cash on Delivery,4,TRUE,Returned,3
ORD-01274,7/28/2021,CUST42513,Deepa Joshi,29,Female,East,Bhubaneswar,Furniture,Chair,2,3092.5,0.03,7652.46,2113.54,62.46,Credit Card,4,FALSE,Delivered,3
ORD-01272,7/28/2021,CUST56172,Aarav Nair,20,Male,East,Guwahati,Beauty,Lipstick,2,1205.62,0.03,3688.61,769.98,93.43,Credit Card,3,FALSE,Delivered,1
ORD-01271,7/28/2021,CUST89833,Shreya Chatterjee,50,Other,Central,Raipur,Books,Biography,9,303.28,0.16,2822.94,1428.88,66.69,EMI,3,FALSE,Cancelled,6
ORD-01270,7/27/2021,CUST77971,Meera Joshi,26,Male,South,Bangalore,Groceries,Rice (5kg),8,239.96,0.33,1605.72,116.65,35.59,Credit Card,3,FALSE,Delivered,4
ORD-01269,7/27/2021,CUST63654,Rohan Das,53,Male,North,Chandigarh,Electronics,Smartwatch,10,16086.67,0.09,194593.37,28383.36,48.31,Credit Card,2,FALSE,Delivered,3
ORD-01268,7/26/2021,CUST13250,Ritu Mehta,33,Female,East,Kolkata,Beauty,Shampoo,10,1776.76,0.09,24043.07,7186.83,76.78,EMI,5,FALSE,Cancelled,8
ORD-01267,7/26/2021,CUST48930,Nikhil Nair,32,Other,South,Hyderabad,Beauty,Shampoo,2,434.45,0.32,753.9,264.34,66.45,Net Banking,4,TRUE,Returned,3
ORD-01266,7/25/2021,CUST72321,Arjun Iyer,13,Other,North,Ludhiana,Clothing,T-Shirt,5,1881.57,0.4,7457.36,1842.91,43.33,UPI,1,FALSE,Delivered,2
ORD-01265,7/25/2021,CUST61301,Rohan Singh,43,Male,West,Pune,Furniture,Bed Frame,3,6493.94,0.18,18197.59,5074.92,35.8,Net Banking,4,FALSE,Shipped,8
ORD-01264,7/24/2021,CUST96144,Rohan Singh,3,Female,North,Chandigarh,Sports,Cricket Bat,5,4265.04,0.06,24870.66,5110.16,40.03,Net Banking,4,FALSE,Delivered,6
ORD-01263,7/24/2021,CUST75667,Pooja Pillai,63,Male,West,Mumbai,Sports,Cricket Bat,10,5417.12,0.21,55413.45,15661.22,56.55,UPI,1,FALSE,Cancelled,5
ORD-01262,7/23/2021,CUST53403,Karan Shah,29,Female,Central,Indore,Sports,Cricket Bat,6,4001.67,0.03,34048.21,7434.44,68.1,UPI,5,FALSE,Delivered,7
ORD-01260,7/23/2021,CUST55880,Aarav Mishra,32,Male,East,Kolkata,Beauty,Shampoo,3,676.4,0.31,2011.95,671.9,89.11,EMI,3,FALSE,Delivered,7
ORD-01259,7/23/2021,CUST98747,Rahul Pillai,43,Female,North,Chandigarh,Clothing,Saree,4,3539.46,0.36,13144.99,4582.45,80.65,EMI,3,TRUE,Returned,10
ORD-01257,7/20/2021,CUST58111,Sanjay Chatterjee,32,Female,West,Surat,Groceries,Flour,10,311.3,0.22,2697.43,192.38,47.53,EMI,5,FALSE,Delivered,5
ORD-01256,7/20/2021,CUST36428,Ritu Singh,50,Female,North,Ludhiana,Sports,Cricket Bat,10,8620.94,0.04,126401.53,29243.76,63.69,EMI,1,FALSE,Cancelled,3
ORD-01255,7/19/2021,CUST86441,Kavya Patel,36,Male,North,Amritsar,Electronics,Smartphone,1,60275.27,0.06,74194.61,8194.66,64.8,Net Banking,4,FALSE,Pending,1
ORD-01254,7/19/2021,CUST21375,Aditya Joshi,38,Female,East,Guwahati,Electronics,Camera,10,14508.42,0.2,157988.2,19642.09,83.47,Cash on Delivery,1,FALSE,Delivered,8
ORD-01253,7/19/2021,CUST22505,Shreya Chatterjee,31,Male,South,Kochi,Groceries,Rice (5kg),5,443.63,0.36,1854.03,166.1,43.69,Cash on Delivery,2,TRUE,Returned,2
ORD-01252,7/18/2021,CUST60840,Sunita Patel,28,Other,East,Bhubaneswar,Furniture,Bookshelf,2,27494.42,0.09,66782.43,17991.26,56.35,Credit Card,3,FALSE,Delivered,6
ORD-01251,7/17/2021,CUST66419,Meera Shah,54,Female,North,Chandigarh,Books,Fiction Novel,3,454.35,0.08,1480.71,662.33,36.88,Net Banking,5,FALSE,Delivered,1
ORD-01250,7/17/2021,CUST20121,Vikram Kumar,39,Other,East,Patna,Furniture,Bed Frame,2,9066.85,0.3,13846.15,3812.64,91.56,EMI,1,FALSE,Delivered,9
ORD-01249,7/17/2021,CUST24069,Vikram Chatterjee,58,Female,North,Ludhiana,Sports,Dumbbells,10,4548.04,0.13,54271.82,14354.18,56.47,UPI,2,FALSE,Delivered,10
ORD-01248,7/16/2021,CUST02073,Karan Nair,28,Other,West,Surat,Clothing,Dress,3,1871.08,0.03,7720.71,2716.63,65.48,Cash on Delivery,1,FALSE,delivered,7
ORD-01247,7/16/2021,CUST10958,Rahul Nair,52,Male,North,Chandigarh,Sports,Tennis Racket,9,10077.49,0.34,84123.31,16599.27,71.95,Cash on Delivery,3,FALSE,Delivered,2
ORD-01246,7/16/2021,CUST93346,Rohan Iyer,52,Female,East,Patna,Groceries,Dal (1kg),10,422.95,0.01,5380.7,403.1,74.58,Debit Card,4,FALSE,Delivered,6
ORD-01245,7/16/2021,CUST94664,Aarav Pillai,51,Female,East,Guwahati,Sports,Tennis Racket,3,14773.91,0.31,39228.73,11423.75,63.56,Net Banking,3,FALSE,Delivered,4
ORD-01244,7/16/2021,CUST02216,Aditya Gupta,31,Male,North,Chandigarh,Books,Biography,6,1434.91,0.15,8544.42,2933.84,31.36,EMI,2,FALSE,Delivered,6
ORD-01243,7/14/2021,CUST88419,Amit Pillai,39,Female,North,Delhi,Sports,Cycle,9,8547.46,0.01,109622.85,14504.29,50.6,Net Banking,3,FALSE,Delivered,1
ORD-01242,7/14/2021,CUST50699,Rohan Chatterjee,16,Female,East,Patna,Books,Self-Help Book,999,545.25,0.02,729651.06,258878.2,54.26,Debit Card,4,FALSE,Delivered,2
ORD-01241,7/14/2021,CUST61863,Shreya Joshi,35,Female,East,Guwahati,Groceries,Rice (5kg),7,245.58,0.24,1697.64,173.17,84.93,Cash on Delivery,5,FALSE,Delivered,3
ORD-01240,7/14/2021,CUST02075,Karan Bhat,47,Female,East,Bhubaneswar,Clothing,Jeans,5,569.89,0.22,3040.97,986.27,87.82,Cash on Delivery,5,FALSE,Delivered,4
ORD-01239,7/13/2021,CUST27651,Amit Chatterjee,36,Female,West,Pune,Groceries,Rice (5kg),4,88.17,0.18,435.55,36.13,74.3,Cash on Delivery,1,TRUE,Returned,7
ORD-01236,7/12/2021,CUST30009,Vikram Kapoor,30,Male,West,Ahmedabad,Beauty,Shampoo,7,1236.43,0.04,10957.9,4556.58,72.78,Debit Card,2,FALSE,Delivered,7
ORD-01235,7/12/2021,CUST68009,Karan Patel,30,Female,East,Kolkata,Groceries,Dal (1kg),10,359.56,0.08,4470.56,416.18,62.31,Debit Card,1,TRUE,Returned,9
ORD-01234,7/11/2021,CUST39513,Sunita Das,26,Male,West,Surat,Beauty,Lipstick,9,2103.23,0.21,17656.62,8778.09,74.94,EMI,1,FALSE,Delivered,6
ORD-01233,7/10/2021,CUST64805,Priya Mishra,33,Female,South,Hyderabad,Clothing,Jacket,6,2619.38,0.24,15863.82,5048.54,23.2,EMI,2,FALSE,Delivered,4
ORD-01231,7/10/2021,CUST41296,Arjun Bhat,48,Female,South,Bangalore,Clothing,Saree,2,796.71,0.25,1565.52,494.29,79.43,EMI,1,FALSE,Shipped,7
ORD-01230,7/8/2021,CUST23256,Vikram Shah,13,Male,South,Kochi,Groceries,Rice (5kg),2,347.75,0.37,629.36,48.84,91.05,UPI,4,FALSE,Cancelled,7
ORD-01229,7/7/2021,CUST65693,Kavya Kumar,22,Female,Central,Raipur,Clothing,Jeans,8,789.72,0.39,5442.35,1627.79,54.89,EMI,3,FALSE,Delivered,8
ORD-01228,7/7/2021,CUST18110,Karan Rao,31,Female,East,Patna,Books,Self-Help Book,3,453.81,0.14,1633.5,658.01,88.97,Cash on Delivery,2,FALSE,Delivered,6
ORD-01226,7/7/2021,CUST93943,Aditya Kumar,51,Female,West,Mumbai,Furniture,Desk,3,7678.25,0.06,32400.33,9162.54,49.32,Credit Card,3,FALSE,Pending,4
ORD-01225,7/7/2021,CUST92217,Kavya Patel,16,Female,Central,Indore,Books,Biography,1,226.79,0.2,243.47,114.12,71.04,Debit Card,4,FALSE,Delivered,3
ORD-01224,7/6/2021,CUST34079,Nisha Das,40,Male,Central,Bhopal,Clothing,T-Shirt,6,3032.93,0.08,25322.69,10654.04,27.7,EMI,1,FALSE,Delivered,4
ORD-01223,7/6/2021,CUST92686,Sanjay Bose,39,Female,South,Chennai,Furniture,Bookshelf,7,20357.47,0.03,174471.77,45868.32,75.4,Credit Card,4,FALSE,Delivered,9
ORD-01221,7/5/2021,CUST24791,Arjun Pillai,8,Male,East,Kolkata,Clothing,Saree,9,1326.38,0.16,11602.32,4308.95,58.85,Credit Card,4,FALSE,Delivered,1
ORD-01220,7/4/2021,CUST25349,Kavya Iyer,27,Male,North,Ludhiana,Electronics,Laptop,5,42777.53,0.21,192877.7,27062.25,46.76,Debit Card,2,FALSE,Cancelled,6
ORD-01219,7/4/2021,CUST74829,Sunita Bose,32,Male,Central,Indore,Clothing,Dress,9,3582.63,0.15,40561.11,14700.02,55.73,Credit Card,4,FALSE,Delivered,6
ORD-01218,7/4/2021,CUST69231,Pooja Bose,40,Male,North,Amritsar,Beauty,Perfume,2,2060.77,0.24,3603.29,1268.67,69.45,EMI,2,FALSE,Delivered,2
ORD-01217,7/3/2021,CUST73651,Sunita Das,37,Other,North,Delhi,Books,Cook Book,9,1146.99,0.35,9257.42,2753.44,59.09,UPI,4,FALSE,shipped,9
ORD-01216,7/3/2021,CUST87398,Rahul Rao,24,Other,North,Ludhiana,Books,Textbook,7,902.94,0.07,8693.53,4021.37,58.45,Debit Card,4,FALSE,Delivered,4
ORD-01215,7/3/2021,CUST92946,Aarav Mehta,38,Male,East,Bhubaneswar,Beauty,Shampoo,5,205.05,0.37,875.73,336.22,58.05,Debit Card,1,TRUE,Returned,10
ORD-01213,7/1/2021,CUST54226,Nisha Mehta,33,Male,East,Bhubaneswar,Beauty,Lipstick,5,1998.43,0.26,9047.98,4337.88,79.62,UPI,4,FALSE,Shipped,3
ORD-01211,6/30/2021,CUST89209,Nisha Patel,55,Female,West,Mumbai,Groceries,Dal (1kg),1,92.07,0.24,92.74,5.66,66.61,UPI,4,TRUE,Returned,4
ORD-01210,6/30/2021,CUST18457,Rohan Das,35,Female,Central,Raipur,Furniture,Wardrobe,3,21424.67,0.06,89031.36,26411.55,50.15,Debit Card,4,FALSE,Delivered,100
ORD-01209,6/29/2021,CUST12905,Rahul Shah,36,Other,West,Surat,Electronics,Smartwatch,6,35685.36,0.3,182448.8,21541.19,65.92,EMI,4,FALSE,Delivered,2
ORD-01208,6/29/2021,CUST72453,Arjun Joshi,31,Male,South,Hyderabad,Furniture,Chair,6,3208.32,0.25,24685.74,5146.1,81.25,UPI,4,FALSE,Pending,0
ORD-01207,6/29/2021,CUST44749,Pooja Singh,21,Female,South,Chennai,Clothing,Kurta,7,1092.77,0.25,8012.86,2746.44,79.09,Credit Card,2,FALSE,Delivered,10
ORD-01205,6/29/2021,CUST52200,Nisha Bhat,28,Male,West,Pune,Books,Fiction Novel,3,332.5,0.1,1131.28,733.38,62.24,Debit Card,5,FALSE,Delivered,2
ORD-01204,6/27/2021,CUST58365,Karan Mehta,34,Male,Central,Nagpur,Clothing,Dress,6,1824.73,0.07,13172.15,4404.16,111.66,EMI,1,TRUE,Returned,1
ORD-01203,6/26/2021,CUST20494,Karan Bhat,58,Other,South,Hyderabad,Clothing,Dress,1,3505.24,0.31,3938.32,1621.58,55.77,UPI,3,FALSE,Delivered,9
ORD-01202,6/26/2021,CUST40333,Sunita Verma,39,Female,East,Patna,Electronics,Smartwatch,9,72194.4,0.15,787787.19,113907.22,83.94,Credit Card,3,FALSE,Delivered,5
ORD-01200,6/25/2021,CUST04926,Meera Mishra,32,Female,East,Kolkata,Groceries,Dal (1kg),8,243.87,0.24,2091.15,159.38,107.16,EMI,4,FALSE,Delivered,8
ORD-01199,6/24/2021,CUST74206,Nisha Joshi,39,Other,West,Surat,Beauty,Shampoo,7,1377.5,0.18,9978.14,3493.6,34.58,EMI,4,FALSE,Delivered,6
ORD-01198,6/24/2021,CUST90801,Vikram Joshi,8,Other,South,Hyderabad,Beauty,Lipstick,8,955.87,0.36,6752.84,2339.64,64.84,Credit Card,2,FALSE,Delivered,8
ORD-01197,6/23/2021,CUST79216,Arjun Mehta,25,Female,South,Bangalore,Clothing,Jeans,2,1500.45,0.33,2399.51,625.12,70.56,EMI,1,FALSE,Delivered,9
ORD-01195,6/23/2021,CUST26595,Ananya Gupta,40,Other,Central,Nagpur,Sports,Tennis Racket,1,8678.32,0.17,9630.16,2953.14,33.35,UPI,5,FALSE,Delivered,4
ORD-01194,21/06/2021,CUST42289,Ananya Bhat,19,Female,Central,Bhopal,Groceries,Flour,6,428.86,0.34,2486.44,163.61,58.49,Net Banking,4,FALSE,Delivered,9
ORD-01193,6/20/2021,CUST13957,Aditya Das,28,Female,East,Guwahati,Furniture,Bed Frame,10,8582.4,0.22,82620.44,29287.56,68.43,EMI,4,FALSE,Delivered,8
ORD-01192,6/20/2021,CUST39249,Pooja Kapoor,34,Other,South,Kochi,Groceries,Cooking Oil,7,363.21,0.38,2475.37,175.94,73.22,UPI,4,FALSE,Shipped,1
ORD-01191,6/20/2021,CUST42018,Aarav Iyer,49,Other,Central,Raipur,Books,Textbook,8,1136.87,0.18,9688.33,3919.14,24.54,Cash on Delivery,5,FALSE,Delivered,6
ORD-01190,6/19/2021,CUST89428,Vikram Bhat,24,Male,North,Chandigarh,Groceries,Dal (1kg),8,134.32,0.04,1451.63,139.04,56.65,Debit Card,2,FALSE,Delivered,5
ORD-01189,6/19/2021,CUST03077,Amit Pillai,34,Female,Central,Nagpur,Groceries,Tea,10,203.58,0.01,2770.83,255.25,18.95,Debit Card,3,FALSE,Delivered,6
ORD-01187,6/17/2021,CUST93071,Vikram Joshi,22,Female,West,Ahmedabad,Electronics,Smartphone,3,76896.61,0.07,332318.85,37948.79,73.13,Cash on Delivery,3,FALSE,Shipped,5
ORD-01185,6/16/2021,CUST20075,Deepa Bhat,48,Other,West,Ahmedabad,Sports,Tennis Racket,7,13866.5,0.4,89463.92,27530.1,63.5,EMI,2,TRUE,Returned,9
ORD-01183,6/15/2021,CUST36587,Amit Rao,9,Male,East,Kolkata,Furniture,Desk,2,27005.32,0.13,70592.55,21121.9,60.02,Credit Card,3,FALSE,Delivered,6
ORD-01182,6/15/2021,CUST88678,Deepa Sharma,40,Female,West,Pune,Electronics,Smartphone,9,72408.18,0.22,748589.49,103509.24,41.95,Debit Card,5,FALSE,Delivered,3
ORD-01181,6/15/2021,CUST78578,Vikram Reddy,40,Other,Central,Raipur,Electronics,Laptop,1,47536.69,0.14,48541.55,7443.68,39.99,Credit Card,3,FALSE,Cancelled,4
ORD-01180,6/14/2021,CUST50029,Aditya Nair,47,Male,East,Kolkata,Sports,Yoga Mat,10,11322.84,0.32,101284.81,16342.96,65.25,Net Banking,5,FALSE,Delivered,8
ORD-01179,6/13/2021,CUST89762,Rahul Verma,12,Other,Central,Indore,Electronics,Tablet,2,69650.18,0.37,121912.78,16231.29,72.14,UPI,4,FALSE,Shipped,1
ORD-01178,6/12/2021,CUST90166,Aditya Mishra,42,Other,Central,Bhopal,Furniture,Bed Frame,10,10408.77,0.32,104668.88,36667.24,59.71,Credit Card,2,TRUE,Returned,5
ORD-01176,6/10/2021,CUST37244,Aditya Bhat,32,Other,Central,Raipur,Clothing,Saree,7,2184.88,0.16,20358.67,4252.26,49.09,EMI,4,FALSE,Delivered,5
ORD-01175,9/6/2021,CUST72525,Vikram Nair,16,Male,North,Amritsar,Clothing,Kurta,10,2096.84,0.04,29360.23,13912.15,29.35,UPI,4,FALSE,Delivered,4
ORD-01172,6/9/2021,CUST46531,Karan Das,33,Female,South,Kochi,Furniture,Bookshelf,3,33795.77,0.35,90617.58,32809.37,71.57,UPI,5,FALSE,Delivered,9
ORD-01171,6/9/2021,CUST15457,Rahul Bhat,29,Female,East,Guwahati,Groceries,Dal (1kg),2,359.79,0.37,638.01,52.57,85.35,Net Banking,3,FALSE,Delivered,9
ORD-01170,6/8/2021,CUST04051,Ananya Sharma,40,Male,South,Hyderabad,Furniture,Sofa,5,23260.25,0.33,119013.87,32585.16,74.55,EMI,5,FALSE,Delivered,9
ORD-01169,8/6/2021,CUST81880,Aditya Mehta,34,Other,West,Ahmedabad,Sports,Cricket Bat,5,9004.02,0,49123.38,9315.67,69.24,EMI,5,FALSE,Delivered,6
ORD-01168,6/7/2021,CUST35029,Arjun Verma,41,Male,South,Hyderabad,Electronics,Headphones,9,63927.14,0.29,604434.02,73248.66,68.24,Net Banking,2,FALSE,Delivered,3
ORD-01167,6/7/2021,CUST48910,Vikram Shah,14,Other,West,Mumbai,Furniture,Desk,5,16063.03,0.35,70662.81,22910.8,74.66,Net Banking,3,FALSE,Delivered,6
ORD-01166,6/7/2021,CUST18237,Nikhil Reddy,59,Male,East,Kolkata,Electronics,Tablet,7,15552.34,0.22,129304.85,22699.93,46.69,Credit Card,5,TRUE,Returned,6
ORD-01165,6/6/2021,CUST76012,Karan Gupta,40,Other,Central,Raipur,Sports,Yoga Mat,4,3455.68,0.21,15734.44,3511.52,64.63,Credit Card,2,TRUE,Returned,3
ORD-01164,6/5/2021,CUST06311,Sanjay Reddy,26,Other,East,Guwahati,Beauty,Face Cream,5,1895.73,0.16,9954.87,5748.45,53.1,Credit Card,1,FALSE,Delivered,10
ORD-01163,6/5/2021,CUST43541,Kavya Gupta,36,Male,West,Mumbai,Clothing,T-Shirt,3,3190.15,0.14,12589.64,3253.84,41,UPI,1,FALSE,Delivered,6
ORD-01162,6/4/2021,CUST45949,Meera Joshi,33,Male,East,Kolkata,Furniture,Chair,4,16298.68,0.03,94253.6,28600.3,95.11,EMI,1,FALSE,Delivered,5
ORD-01160,6/4/2021,CUST00213,Shreya Chatterjee,24,Female,North,Ludhiana,Books,Cook Book,4,514.84,0.08,2778.42,1048.18,49.45,Debit Card,5,FALSE,Delivered,7
ORD-01159,6/4/2021,CUST72570,Shreya Pillai,37,Female,Central,Indore,Groceries,Cooking Oil,10,134.6,0.03,1594.09,134.34,105.77,Net Banking,1,FALSE,Delivered,-1
ORD-01158,6/4/2021,CUST43022,Ananya Mishra,41,Other,South,Chennai,Clothing,Kurta,2,838.89,0.15,2075.32,829.82,52.06,Cash on Delivery,4,TRUE,Returned,2
ORD-01157,6/3/2021,CUST28445,Sanjay Nair,40,Female,North,Amritsar,Books,Textbook,7,775.88,0.38,4861.16,1295.29,19.48,Credit Card,4,TRUE,Returned,9
ORD-01156,6/3/2021,CUST97655,Sanjay Kapoor,45,Female,North,Amritsar,Groceries,Sugar,2,346.78,0.3,705.38,68.49,0.51,Net Banking,1,FALSE,Delivered,2
ORD-01155,6/3/2021,CUST00350,Deepa Iyer,32,Other,East,Kolkata,Electronics,Tablet,1,29383.37,0.06,38160.26,3473.46,76.02,Cash on Delivery,3,TRUE,Returned,2
ORD-01154,6/2/2021,CUST61383,Vikram Sharma,44,Female,South,Bangalore,Clothing,Kurta,0,2696.46,0.29,2622.68,977.15,101.51,EMI,2,FALSE,Delivered,6
ORD-01153,6/1/2021,CUST24181,Vikram Chatterjee,57,Other,North,Chandigarh,Furniture,Desk,7,16753.46,0.32,120954.22,36178.46,49.72,UPI,1,FALSE,Delivered,4
ORD-01152,6/1/2021,CUST51781,Karan Verma,50,Female,West,Ahmedabad,Books,Fiction Novel,10,736.78,0.05,8312.64,3354.33,65.76,Credit Card,3,FALSE,Delivered,9
ORD-01151,5/31/2021,CUST42604,Arjun Joshi,45,Female,East,Patna,Clothing,Kurta,1,708.87,0.04,897.13,364.6,69.26,EMI,1,FALSE,Delivered,6
ORD-01149,5/31/2021,CUST17159,Deepa Das,31,Female,East,Guwahati,Clothing,Jeans,2,1322.23,0.02,3457.5,1452.45,55.18,UPI,3,TRUE,Returned,7
ORD-01148,5/30/2021,CUST00645,Kavya Rao,22,Other,East,Kolkata,Books,Fiction Novel,8,1088.97,0.22,9425.16,4003.12,52.99,Net Banking,1,FALSE,Cancelled,4
ORD-01146,5/30/2021,CUST14306,Pooja Verma,32,Female,Central,Bhopal,Clothing,Jeans,3,2929.95,0.06,12682.78,4420.51,33.4,Cash on Delivery,2,FALSE,Cancelled,10
ORD-01145,5/30/2021,CUST43834,Ritu Joshi,20,Male,North,Delhi,Sports,Cricket Bat,7,14524.03,0.17,124422.97,28871.78,52.9,EMI,4,FALSE,Delivered,9
ORD-01144,5/30/2021,CUST45935,Aarav Kumar,15,Other,East,Patna,Sports,Football,9,12309.47,0.39,88216.48,23774.29,64.35,EMI,5,FALSE,Delivered,4
ORD-01143,5/30/2021,CUST25482,Karan Reddy,44,Other,Central,Indore,Books,Textbook,9,1098.38,0.3,8954.36,4025.08,53.61,EMI,4,FALSE,Delivered,2
ORD-01142,5/29/2021,CUST59363,Sunita Mehta,12,Female,West,Surat,Electronics,Headphones,10,49305.3,0.37,431186.13,48008.96,69,UPI,5,FALSE,Cancelled,7
ORD-01141,5/29/2021,CUST04487,Meera Verma,34,Female,West,Ahmedabad,Books,Biography,7,846.48,0.2,6420.7,2975.81,30.99,Credit Card,3,FALSE,Delivered,1
ORD-01140,29/05/2021,CUST57705,Nisha Singh,55,Other,Central,Bhopal,Electronics,Camera,10,36516.81,0.12,494382.28,58795.08,53.99,Net Banking,4,FALSE,Delivered,4
ORD-01139,5/29/2021,CUST11240,Deepa Iyer,37,Other,West,Pune,Clothing,Saree,5,3466.72,0.15,22647.02,8403.3,47.97,Net Banking,3,FALSE,Pending,8
ORD-01136,5/27/2021,CUST75145,Nisha Das,29,Female,West,Mumbai,Beauty,Sunscreen,4,801.79,0.15,3581.26,1505.99,60.89,Debit Card,5,FALSE,Delivered,5
ORD-01135,5/27/2021,CUST96639,Nisha Shah,28,Female,East,Guwahati,Sports,Cycle,6,6132.4,0.14,43423.68,6267.62,83.58,EMI,3,FALSE,Delivered,3
ORD-01134,27/05/2021,CUST08345,Deepa Bhat,46,Female,West,Pune,Clothing,T-Shirt,1,1888.98,0.35,2013.48,657.59,53.7,Credit Card,2,FALSE,Delivered,7
ORD-01133,5/26/2021,CUST54577,Karan Kapoor,21,Other,South,Kochi,Beauty,Shampoo,7,1281.86,0.39,8031.28,2955.5,39.19,Credit Card,2,FALSE,Delivered,7
ORD-01132,5/25/2021,CUST78632,Pooja Kumar,42,Other,Central,Indore,Furniture,Bed Frame,1,28223.81,0.01,41826.38,10977.5,68.34,Net Banking,4,FALSE,delivered,8
ORD-01130,5/25/2021,CUST78754,Aditya Mehta,16,Other,West,Mumbai,Books,Cook Book,7,862.1,0.39,3916.31,1476.96,72.68,EMI,1,TRUE,Returned,8
ORD-01128,5/24/2021,CUST64957,Sanjay Kumar,21,Other,West,Ahmedabad,Books,Fiction Novel,2,810.88,0.39,1381.05,500.04,42.7,Debit Card,5,FALSE,cancelled,2
ORD-01127,5/24/2021,CUST44836,Priya Gupta,42,Other,North,Ludhiana,Sports,Cycle,9,13067.04,0.22,129179.48,17264.66,58.55,Cash on Delivery,1,TRUE,Returned,4
ORD-01126,24/05/2021,CUST35386,Meera Sharma,43,Female,North,Ludhiana,Clothing,Jeans,7,2698.4,0.21,23690.17,9129.7,40.03,UPI,4,FALSE,Delivered,4
ORD-01125,5/23/2021,CUST04001,Ananya Das,41,Male,Central,Bhopal,Sports,Football,8,1689.13,0.12,17306.12,3872.78,78.96,Net Banking,3,FALSE,Shipped,2
ORD-01123,5/23/2021,CUST18686,Rahul Shah,36,Other,West,Ahmedabad,Furniture,Bookshelf,1,19884.83,0.21,23868.33,5629.58,50.84,Net Banking,2,FALSE,Delivered,8
ORD-01122,5/22/2021,CUST22847,Arjun Sharma,45,Male,East,Guwahati,Groceries,Rice (5kg),7,261.15,0.3,1938.7,126.72,75.32,UPI,3,FALSE,Delivered,3
ORD-01121,5/20/2021,CUST42961,Rahul Reddy,44,Female,West,Pune,Sports,Cricket Bat,4,2049.02,0.11,10395.54,1625.17,77.49,Cash on Delivery,2,FALSE,Delivered,1
ORD-01120,5/19/2021,CUST83419,Priya Das,44,Male,North,Ludhiana,Electronics,Laptop,7,76173.79,0.04,700761.7,99827.84,53.23,Debit Card,3,FALSE,Shipped,4
ORD-01119,5/19/2021,CUST96816,Nisha Mehta,30,Male,Central,Bhopal,Furniture,Wardrobe,4,3717.76,0.18,16660.91,4463.9,8.31,EMI,2,FALSE,Cancelled,9
ORD-01118,5/18/2021,CUST77399,Shreya Shah,59,Other,South,Hyderabad,Groceries,Rice (5kg),4,346.05,0.01,1943.15,156.61,48.59,UPI,4,FALSE,Delivered,10
ORD-01117,5/18/2021,CUST87893,Kavya Mishra,35,Other,West,Ahmedabad,Groceries,Rice (5kg),6,190.35,0.38,951.07,79.43,70.42,Net Banking,3,FALSE,Delivered,10
ORD-01116,5/18/2021,CUST04558,Karan Kapoor,15,Male,North,Chandigarh,Sports,Cycle,2,4814.42,0.29,9405.05,1987.38,50.43,EMI,3,FALSE,Cancelled,5
ORD-01114,5/17/2021,CUST93051,Meera Bhat,34,Female,North,Delhi,Electronics,Camera,7,46170.24,0.37,258421.55,33391.1,40.35,Net Banking,5,FALSE,Delivered,2
ORD-01113,5/17/2021,CUST01886,Deepa Bose,38,Male,South,Chennai,Sports,Tennis Racket,6,13738.11,0.34,71562.45,13685.23,96.34,UPI,4,TRUE,Returned,4
ORD-01111,5/16/2021,CUST07335,Vikram Kapoor,21,Male,East,Guwahati,Sports,Cricket Bat,6,3857.03,0.3,21548.37,6137.14,60.48,Cash on Delivery,2,FALSE,Delivered,4
ORD-01110,5/15/2021,CUST00210,Pooja Patel,29,Female,North,Delhi,Electronics,Smartphone,6,48230.85,0.35,245712.19,22881.08,68.73,Debit Card,1,FALSE,Shipped,9
ORD-01109,5/15/2021,CUST81233,Nikhil Bose,19,Other,South,Kochi,Furniture,Sofa,1,12504.29,0.15,14133.18,5257.39,87.69,EMI,4,FALSE,Delivered,8
ORD-01108,5/14/2021,CUST42651,Amit Pillai,25,Female,West,Ahmedabad,Furniture,Chair,1,5140.19,0.1,6859.73,1640.29,59.15,EMI,3,FALSE,Delivered,4
ORD-01105,5/14/2021,CUST80204,Vikram Patel,19,Female,East,Patna,Furniture,Desk,4,25489.41,0.13,131437.57,32943.27,73.78,UPI,3,TRUE,Returned,3
ORD-01104,5/13/2021,CUST46318,Vikram Shah,21,Other,West,Surat,Electronics,Laptop,2,78594.04,0.05,193777.03,25135.71,35.32,Credit Card,3,FALSE,Delivered,8
ORD-01103,5/13/2021,CUST68761,Vikram Joshi,47,Female,North,Chandigarh,Furniture,Wardrobe,2,11894.06,0.21,27604.98,6286.41,70.91,EMI,4,FALSE,Cancelled,4
ORD-01102,5/12/2021,CUST55287,Arjun Patel,46,Other,Central,Raipur,Sports,Yoga Mat,5,1589.12,0.2,8606.21,1388.16,54.57,EMI,3,FALSE,Delivered,4
ORD-01101,5/11/2021,CUST25632,Rohan Mehta,23,Other,East,Bhubaneswar,Beauty,Perfume,4,2455.13,0.04,12314.54,5429.24,86.94,EMI,5,FALSE,Delivered,2
ORD-01100,5/11/2021,CUST70498,Arjun Mishra,23,Female,East,Bhubaneswar,Groceries,Dal (1kg),5,176.3,0.32,725.63,60.81,108.31,EMI,2,FALSE,Shipped,3
ORD-01099,5/11/2021,CUST12441,Priya Nair,41,Female,South,Chennai,Clothing,Kurta,6,1254.64,0.03,10261.46,3117.09,62.14,UPI,5,FALSE,Shipped,1
ORD-01098,5/11/2021,CUST73609,Nisha Das,38,Other,Central,Bhopal,Electronics,Tablet,3,54861.77,0.25,147965.94,19461.73,30.94,Cash on Delivery,5,FALSE,Cancelled,2
ORD-01097,5/11/2021,CUST63448,Rohan Chatterjee,48,Female,West,Surat,Furniture,Chair,7,30335.68,0.23,202427.42,47519.09,63.26,Cash on Delivery,5,FALSE,Pending,6
ORD-01096,5/9/2021,CUST64848,Priya Chatterjee,20,Female,North,Chandigarh,Furniture,Bed Frame,7,29131.43,0.3,181240.28,48821.49,47.3,Credit Card,3,FALSE,Shipped,8
ORD-01095,5/8/2021,CUST71557,Nikhil Sharma,17,Other,Central,Bhopal,Beauty,Hair Oil,1,860.28,0.25,905.35,407.45,84.23,Debit Card,2,FALSE,Delivered,9
ORD-01094,5/8/2021,CUST74740,Karan Chatterjee,43,Other,West,Surat,Electronics,Smartwatch,10,65812.2,0.14,755611.74,101212.3,48.25,Net Banking,4,FALSE,Delivered,8
ORD-01093,5/8/2021,CUST80149,Pooja Mishra,37,Other,West,Mumbai,Sports,Cycle,7,11542.97,0.16,97177.38,24424.83,53.27,EMI,1,TRUE,Returned,7
ORD-01092,5/8/2021,CUST67703,Karan Kapoor,41,Male,South,Chennai,Groceries,Sugar,7,299.11,0.28,2191.03,148.75,87.79,Cash on Delivery,5,FALSE,Delivered,6
ORD-01089,5/7/2021,CUST29692,Priya Mehta,36,Female,East,Guwahati,Furniture,Bookshelf,5,4812.43,0.27,22526.71,6783.1,109.38,Cash on Delivery,4,FALSE,Delivered,4
ORD-01087,5/6/2021,CUST29357,Meera Nair,33,Other,West,Pune,Books,Textbook,7,1042.98,0.3,7120.16,2589.16,61.15,Debit Card,2,TRUE,Returned,4
ORD-01085,5/5/2021,CUST96129,Amit Verma,36,Male,West,Ahmedabad,Electronics,Headphones,3,19106.04,0.29,55864.82,5910.7,48.94,UPI,5,FALSE,delivered,10
ORD-01083,5/4/2021,CUST10450,Sunita Iyer,21,Male,North,Amritsar,Groceries,Sugar,6,195,0.01,1590.89,163.31,46.08,Net Banking,2,FALSE,Cancelled,7
ORD-01082,5/4/2021,CUST69812,Ritu Kapoor,44,Other,East,Kolkata,Books,Comic Book,10,924.25,0.28,8777.25,3626.02,85.57,Cash on Delivery,4,FALSE,Delivered,10
ORD-01081,5/4/2021,CUST44184,Rohan Shah,29,Other,West,Ahmedabad,Electronics,Camera,1,22006.34,0.11,26028.1,3707.24,40.73,Debit Card,2,TRUE,Returned,10
ORD-01080,5/3/2021,CUST75006,Aditya Mehta,38,Female,Central,Nagpur,Beauty,Sunscreen,9,1894.31,0.16,22532.03,10031.98,58.22,EMI,4,FALSE,Pending,4
ORD-01079,5/3/2021,CUST14896,Vikram Patel,27,Female,West,Mumbai,Clothing,Saree,4,2657.71,0.06,13392.95,6034.89,21.27,Net Banking,5,FALSE,Delivered,9
ORD-01078,5/3/2021,CUST72966,Vikram Verma,52,Female,East,Kolkata,Beauty,Perfume,2,608.88,0.23,1272.71,511.96,106.95,UPI,4,TRUE,Returned,4
ORD-01077,5/2/2021,CUST86865,Amit Pillai,29,Female,West,Mumbai,Groceries,Rice (5kg),2,413.27,0.22,843.51,59.92,45.09,UPI,1,FALSE,Delivered,8
ORD-01076,5/2/2021,CUST34738,Ananya Kapoor,49,Female,South,Bangalore,Furniture,Bookshelf,1,28157.96,0.28,31874.43,7988.88,86.82,Credit Card,2,TRUE,Returned,5
ORD-01075,5/2/2021,CUST51934,Rahul Joshi,28,Male,West,Surat,Groceries,Flour,8,208.12,0.16,1788.09,110.57,77.98,UPI,3,FALSE,Delivered,7
ORD-01074,4/30/2021,CUST36338,Vikram Chatterjee,25,Female,South,Hyderabad,Sports,Cycle,1,8254.73,0.07,9628.89,1995.91,61.28,Debit Card,3,FALSE,Delivered,1
ORD-01073,4/29/2021,CUST74821,Deepa Nair,24,Other,West,Mumbai,Clothing,Jeans,5,1564.77,0.08,9104.38,2408.11,46.89,UPI,2,FALSE,Delivered,4
ORD-01072,4/29/2021,CUST97294,Priya Kapoor,37,Other,East,Bhubaneswar,Sports,Cricket Bat,1,14885.78,0.36,12389.87,1669.38,87.48,Cash on Delivery,3,FALSE,Cancelled,5
ORD-01071,4/29/2021,CUST61699,Rahul Verma,31,Male,Central,Raipur,Furniture,Wardrobe,1,2601.51,0.02,3057.58,856.37,47.41,Net Banking,2,TRUE,Returned,9
ORD-01070,4/29/2021,CUST11655,Pooja Sharma,16,Other,North,Chandigarh,Beauty,Shampoo,1,1408.28,0.13,1449.46,752.5,53.14,Net Banking,2,TRUE,Returned,6
ORD-01069,4/29/2021,CUST92885,Nisha Kapoor,32,Female,South,Chennai,Electronics,Tablet,9,18229.89,0.19,166334.16,22099.86,42.76,EMI,2,TRUE,Returned,2
ORD-01068,4/28/2021,CUST93899,Meera Kapoor,49,Male,South,Hyderabad,Furniture,Chair,8,13756.55,0.36,88558.6,31183.12,80.06,Credit Card,2,FALSE,Delivered,10
ORD-01067,4/27/2021,CUST21073,Ananya Gupta,28,Female,Central,Nagpur,Electronics,Headphones,8,55099.88,0.08,534701.88,62826.35,64.28,UPI,5,FALSE,Cancelled,2
ORD-01065,4/27/2021,CUST39633,Aarav Mishra,35,Male,Central,Bhopal,Electronics,Headphones,8,30314.74,0.06,283224.55,33093.14,68.75,Credit Card,1,TRUE,Returned,9
ORD-01064,4/27/2021,CUST14319,Aarav Shah,27,Male,Central,Nagpur,Beauty,Lipstick,6,2416.31,0.13,15688.04,7768.7,37.54,Cash on Delivery,4,FALSE,Delivered,4
ORD-01063,4/26/2021,CUST94026,Shreya Mehta,45,Other,East,Bhubaneswar,Electronics,Smartphone,4,9948.67,0.03,50592.2,5774.74,85.65,UPI,1,TRUE,Returned,10
ORD-01062,4/26/2021,CUST17327,Deepa Patel,35,Female,Central,Indore,Beauty,Face Cream,7,2147.13,0.14,15222.32,7449.79,44.3,EMI,1,TRUE,Returned,6
ORD-01060,4/25/2021,CUST46841,Nikhil Nair,37,Male,North,Delhi,Sports,Cycle,5,8455.87,0.31,32604.64,8841.29,51.91,Debit Card,5,FALSE,Delivered,5
ORD-01059,4/25/2021,CUST64001,Ananya Das,63,Other,South,Hyderabad,Electronics,Tablet,8,28211.93,0.33,175402.71,20772.79,61.29,Debit Card,5,FALSE,Delivered,4
ORD-01058,4/24/2021,CUST42637,Priya Kumar,21,Female,Central,Nagpur,Clothing,Kurta,9,905.46,0.26,6527.94,2985.32,40.75,Net Banking,3,TRUE,Returned,2
ORD-01057,4/22/2021,CUST83911,Aditya Das,27,Male,North,Chandigarh,Groceries,Dal (1kg),3,457.68,0.26,1159.07,84.35,72.86,Cash on Delivery,3,FALSE,delivered,2
ORD-01056,4/22/2021,CUST25647,Meera Pillai,30,Other,North,Delhi,Books,Textbook,6,1073.03,0.26,5286.85,1947.67,45.82,Credit Card,3,TRUE,Returned,3
ORD-01055,4/21/2021,CUST95496,Sunita Reddy,49,Female,North,Amritsar,Books,Cook Book,7,534.91,0.07,4674.41,2443.22,61.73,EMI,1,FALSE,Cancelled,7
ORD-01054,4/21/2021,CUST25910,Aarav Kapoor,18,Other,East,Kolkata,Groceries,Rice (5kg),2,94.76,0.39,140.8,10.16,69.7,Credit Card,3,FALSE,Delivered,5
ORD-01053,4/21/2021,CUST27057,Arjun Pillai,58,Other,West,Mumbai,Furniture,Wardrobe,3,10104.68,0.39,21793.75,6667.44,61.07,Net Banking,5,TRUE,Returned,10
ORD-01052,4/20/2021,CUST46428,Vikram Das,20,Male,North,Delhi,Electronics,Camera,8,37212.54,0.08,289349.91,22436.74,59.69,EMI,1,FALSE,Delivered,9
ORD-01051,4/20/2021,CUST83773,Aditya Mehta,34,Other,South,Chennai,Clothing,Saree,5,2726.58,0.16,15369.71,5460.97,55.2,EMI,4,FALSE,Delivered,3
ORD-01050,4/20/2021,CUST80824,Arjun Mehta,32,Female,West,Mumbai,Groceries,Tea,8,376.57,0.18,3472.2,314.21,52.43,UPI,3,FALSE,Delivered,6
ORD-01049,4/20/2021,CUST90241,Sanjay Bhat,54,Other,North,Ludhiana,Beauty,Shampoo,5,2321.44,0.34,10030.62,3661.06,74.83,Cash on Delivery,4,FALSE,Delivered,8
ORD-01048,4/20/2021,CUST60742,Aarav Nair,45,Other,North,Delhi,Sports,Yoga Mat,9,11805.28,0.27,86430.39,29866.83,49.92,Cash on Delivery,1,FALSE,Delivered,8
ORD-01047,4/20/2021,CUST61067,Meera Chatterjee,34,Female,North,Ludhiana,Sports,Football,5,8244.31,0.12,49710.43,13744.26,51.59,Cash on Delivery,1,FALSE,Delivered,4
ORD-01046,4/19/2021,CUST00053,Priya Iyer,26,Male,South,Bangalore,Books,Fiction Novel,7,845.12,0.31,4942.58,2834.57,62.59,EMI,4,FALSE,Shipped,6
ORD-01045,4/19/2021,CUST27554,Nikhil Reddy,27,Female,East,Bhubaneswar,Books,Textbook,8,1199.34,0.14,11154.85,6783.73,76.89,Debit Card,2,TRUE,Returned,7
ORD-01044,4/18/2021,CUST46334,Rohan Bhat,34,Other,South,Bangalore,Beauty,Hair Oil,3,2006.91,0.1,6558.87,3118.91,65.76,Cash on Delivery,5,FALSE,Pending,8
ORD-01043,4/18/2021,CUST85718,Amit Rao,44,Female,South,Bangalore,Sports,Dumbbells,1,736.98,0.23,690.69,150.92,65.86,Credit Card,1,TRUE,Returned,7
ORD-01042,4/18/2021,CUST52708,Shreya Bhat,31,Female,North,Delhi,Beauty,Lipstick,7,1384.15,0.23,10118.86,4454.79,62.32,Debit Card,4,FALSE,Delivered,9
ORD-01041,4/17/2021,CUST54549,Shreya Bose,26,Other,South,Hyderabad,Groceries,Rice (5kg),7,481.39,0.2,3271.29,361.25,82.25,Net Banking,1,FALSE,Delivered,7
ORD-01040,4/17/2021,CUST99976,Meera Kumar,20,Other,Central,Indore,Groceries,Dal (1kg),7,228.64,0.17,1426.02,99.2,68.16,Net Banking,1,FALSE,Delivered,8
ORD-01039,4/15/2021,CUST90995,Aditya Joshi,33,Other,South,Kochi,Electronics,Smartphone,10,76400.64,0.21,741543.82,80532.82,72.35,Credit Card,2,FALSE,Pending,9
ORD-01036,4/14/2021,CUST48956,Arjun Bose,39,Male,South,Chennai,Beauty,Face Cream,5,2059.98,0.02,12556.26,8037.6,70.48,UPI,2,TRUE,Returned,8
ORD-01035,14/04/2021,CUST49938,Rahul Sharma,38,Other,North,Delhi,Furniture,Sofa,7,31419.94,0.05,237087.2,58133.19,36.96,Debit Card,5,FALSE,delivered,5
ORD-01034,13/04/2021,CUST31839,Pooja Gupta,41,Male,West,Surat,Furniture,Bed Frame,7,9355.68,0.1,71596.04,22032.09,59.02,Debit Card,2,FALSE,Delivered,2
ORD-01033,4/12/2021,CUST75013,Aditya Pillai,30,Male,South,Chennai,Sports,Tennis Racket,2,3848.71,0.13,7629.53,1845.42,94.87,UPI,1,FALSE,Delivered,5
ORD-01032,4/12/2021,CUST73196,Arjun Sharma,26,Female,Central,Nagpur,Groceries,Sugar,9,461.35,0.05,5570.95,481.54,41.05,Cash on Delivery,4,FALSE,Shipped,8
ORD-01031,4/11/2021,CUST25835,Pooja Shah,26,Male,South,Bangalore,Books,Fiction Novel,9,816.35,0.12,7711.33,3255,81.14,UPI,5,TRUE,Returned,3
ORD-01030,4/11/2021,CUST27078,Kavya Singh,23,Female,South,Chennai,Furniture,Chair,7,15442.1,0.15,116887.25,49080.86,60.99,UPI,2,TRUE,Returned,1
ORD-01028,4/11/2021,CUST33135,Arjun Patel,40,Female,East,Guwahati,Books,Biography,9,910.81,0.16,8709.88,4127.79,59.89,Net Banking,4,FALSE,Delivered,9
ORD-01026,4/9/2021,CUST78889,Nikhil Joshi,24,Other,South,Chennai,Sports,Football,10,6806.6,0.36,39614.95,7458.02,66.29,Credit Card,5,FALSE,delivered,7
ORD-01025,4/9/2021,CUST16923,Nisha Bhat,36,Male,North,Amritsar,Sports,Tennis Racket,999,9380.72,0.29,7936261.2,1739854,72.62,Net Banking,4,FALSE,Delivered,4
ORD-01024,4/8/2021,CUST22670,Sanjay Joshi,49,Female,East,Patna,Furniture,Bed Frame,10,14892.78,0.21,168394.7,64660.74,118.18,Credit Card,2,FALSE,Shipped,8
ORD-01023,4/7/2021,CUST74961,Kavya Iyer,28,Female,East,Patna,Beauty,Hair Oil,4,1885.47,0.39,6078.11,2097.44,72.41,Cash on Delivery,4,FALSE,Delivered,10
ORD-01022,4/7/2021,CUST91541,Aarav Sharma,23,Other,Central,Indore,Clothing,Jacket,9,2816.32,0.13,29155.08,5473.17,58.3,Debit Card,3,FALSE,Cancelled,3
ORD-01021,4/5/2021,CUST46097,Kavya Rao,30,Male,Central,Nagpur,Groceries,Tea,10,140.77,0.04,1620.6,92.58,48.86,EMI,5,FALSE,Delivered,5
ORD-01019,4/4/2021,CUST72581,Sunita Kapoor,35,Other,Central,Nagpur,Books,Textbook,2,1240.07,0.27,2086.49,966.59,50.83,Cash on Delivery,4,FALSE,Delivered,9
ORD-01018,4/4/2021,CUST44454,Arjun Mehta,32,Other,Central,Bhopal,Beauty,Face Cream,4,1615.32,0.23,5821.33,2423.94,39.79,Debit Card,3,FALSE,Delivered,8
ORD-01017,4/4/2021,CUST14507,Meera Mishra,39,Female,East,Patna,Books,Self-Help Book,2,742.65,0.39,1191.31,548.78,71.69,UPI,4,FALSE,Delivered,7
ORD-01016,4/4/2021,CUST99742,Karan Pillai,29,Female,East,Kolkata,Groceries,Cooking Oil,3,458.29,0.01,1674.66,127.44,59.96,Net Banking,1,FALSE,Delivered,2
ORD-01015,4/4/2021,CUST48355,Nikhil Nair,40,Male,East,Guwahati,Clothing,Jeans,7,2196.3,0.21,15799.82,5078.38,61.62,Cash on Delivery,1,FALSE,Delivered,10
ORD-01014,4/4/2021,CUST62653,Nikhil Mishra,26,Male,North,Amritsar,Groceries,Cooking Oil,1,116.68,0.06,118.23,9.75,47.55,Credit Card,1,FALSE,Delivered,8
ORD-01013,4/3/2021,CUST39675,Priya Kapoor,24,Other,East,Bhubaneswar,Clothing,Jacket,8,1837.46,0.26,13934.11,4142.94,81.4,EMI,1,FALSE,Cancelled,8
ORD-01012,4/3/2021,CUST71352,Priya Pillai,38,Other,West,Pune,Clothing,T-Shirt,7,3514.94,0.24,21904.97,8841.56,59.33,Net Banking,4,FALSE,Delivered,10
ORD-01011,4/3/2021,CUST27445,Deepa Das,19,Female,South,Hyderabad,Furniture,Bed Frame,1,30648.42,0.39,22238.65,5768.84,99.16,Cash on Delivery,3,FALSE,Cancelled,9
ORD-01010,4/1/2021,CUST49434,Deepa Mishra,39,Other,Central,Bhopal,Books,Cook Book,3,748.48,0.39,1567.84,545.32,53.58,Cash on Delivery,4,FALSE,Delivered,4
ORD-01008,4/1/2021,CUST58835,Meera Iyer,45,Male,Central,Bhopal,Groceries,Flour,2,438.16,0.25,855.21,70.3,76.82,Debit Card,5,FALSE,Delivered,2
ORD-01007,4/1/2021,CUST38810,Pooja Patel,9,Male,North,Amritsar,Beauty,Perfume,5,1211.87,0.13,6847.04,3005.89,58.29,Cash on Delivery,4,FALSE,Delivered,2
ORD-01006,3/31/2021,CUST48859,Ritu Mishra,42,Female,East,Guwahati,Beauty,Lipstick,3,1034.33,0.12,3430.9,1457.51,77.03,UPI,1,FALSE,Pending,9
ORD-01004,3/31/2021,CUST99373,Kavya Nair,67,Male,Central,Raipur,Groceries,Dal (1kg),3,205.29,0,664.78,44.95,36.41,Net Banking,1,FALSE,Delivered,6
ORD-01003,3/31/2021,CUST87374,Ritu Gupta,30,Female,Central,Indore,Books,Fiction Novel,3,672.84,0.35,1371.74,547.98,61.75,Net Banking,1,TRUE,Returned,8
ORD-01002,3/30/2021,CUST22154,Ananya Patel,19,Female,West,Mumbai,Books,Self-Help Book,6,1364.16,0.39,5115.87,1835.6,62.5,UPI,4,FALSE,Pending,2
ORD-01001,3/30/2021,CUST68864,Shreya Mehta,0,Male,North,Amritsar,Sports,Cycle,4,9021.23,0.02,34898.86,8090.36,36.19,Cash on Delivery,4,FALSE,Delivered,1
ORD-01000,3/30/2021,CUST98974,Karan Reddy,38,Female,South,Chennai,Books,Cook Book,4,1425.29,0.21,5074.93,2152.95,84.46,UPI,3,FALSE,Delivered,2
ORD-00999,3/30/2021,CUST40323,Rohan Rao,39,Male,South,Kochi,Groceries,Sugar,3,105.18,0.02,322.97,31.12,57.45,Net Banking,5,FALSE,Delivered,8
ORD-00998,3/30/2021,CUST74848,Sanjay Mehta,29,Other,East,Guwahati,Sports,Football,8,10920.29,0.06,83283.38,15878.93,109.6,EMI,2,FALSE,Delivered,7
ORD-00996,29/03/2021,CUST03526,Aditya Das,28,Male,East,Patna,Clothing,Jeans,2,2973.25,0.16,5032.59,2113.7,62.75,UPI,1,TRUE,Returned,8
ORD-00995,3/29/2021,CUST31960,Arjun Bhat,47,Other,North,Chandigarh,Clothing,T-Shirt,10,3992.44,0.15,37327.01,12430.23,40.58,Debit Card,5,FALSE,Delivered,2
ORD-00994,3/29/2021,CUST13598,Sanjay Chatterjee,31,Male,South,Chennai,Electronics,Smartwatch,4,70635.62,0.32,207766.8,19874.73,73.83,UPI,2,FALSE,Pending,1
ORD-00992,3/28/2021,CUST50288,Sanjay Kumar,29,Female,Central,Indore,Clothing,Jeans,10,2005.76,0.22,15986.56,5111.22,51.92,Debit Card,3,FALSE,Delivered,10
ORD-00991,3/28/2021,CUST03567,Shreya Chatterjee,17,Female,North,Amritsar,Clothing,Jacket,4,2764.14,0.15,10170.2,3035.34,56.28,UPI,1,FALSE,Delivered,7
ORD-00989,3/27/2021,CUST63010,Kavya Kapoor,34,Male,West,Ahmedabad,Sports,Yoga Mat,6,4757.97,0.39,16398.86,4630.17,69.73,Cash on Delivery,1,FALSE,Delivered,6
ORD-00988,3/25/2021,CUST03932,Arjun Sharma,55,Other,South,Bangalore,Groceries,Sugar,3,211.44,0.27,561.92,17.1,58.35,UPI,1,TRUE,Returned,8
ORD-00987,3/25/2021,CUST04483,Priya Joshi,29,Male,Central,Nagpur,Furniture,Wardrobe,4,7372.62,0.11,32182.82,11067.17,75.03,EMI,2,FALSE,Delivered,9
ORD-00984,3/24/2021,CUST55320,Amit Bose,36,Female,West,Ahmedabad,Beauty,Hair Oil,8,1335.25,0.12,9435.38,4980.08,64.56,Net Banking,2,FALSE,Cancelled,1
ORD-00983,3/24/2021,CUST01477,Karan Mishra,49,Female,North,Delhi,Sports,Yoga Mat,7,2782.21,0.21,13694.75,1856.34,60.88,Net Banking,3,FALSE,delivered,4
ORD-00981,3/22/2021,CUST13256,Pooja Kumar,30,Male,Central,Indore,Sports,Cricket Bat,1,12561.13,0.13,10989.14,2498.78,68.19,Debit Card,3,FALSE,Delivered,7
ORD-00980,3/22/2021,CUST55402,Arjun Patel,43,Female,East,Guwahati,Sports,Yoga Mat,4,9423.81,0.4,23341.98,3961.16,92.67,EMI,5,FALSE,Delivered,1
ORD-00979,3/22/2021,CUST08503,Sanjay Iyer,48,Other,South,Bangalore,Beauty,Perfume,5,357.2,0.25,1350.29,473.38,95.58,UPI,3,FALSE,Delivered,8
ORD-00978,3/21/2021,CUST97561,Vikram Nair,54,Male,South,Chennai,Clothing,Jeans,2,3618.11,0.07,6573.5,2164.13,96.19,Credit Card,2,FALSE,Delivered,8
ORD-00977,3/20/2021,CUST76218,Ananya Gupta,41,Female,West,Surat,Sports,Cricket Bat,5,12410.73,0.36,40821.89,12307.83,65.83,UPI,1,FALSE,Delivered,2
ORD-00976,3/20/2021,CUST97597,Meera Reddy,7,Other,East,Bhubaneswar,Sports,Cricket Bat,5,14828.68,0.36,57628.49,7729.24,61.13,EMI,2,FALSE,Delivered,3
ORD-00975,3/20/2021,CUST76263,Arjun Reddy,20,Male,West,Surat,Furniture,Sofa,6,5299.05,0.13,28279.75,5506.48,36.55,Cash on Delivery,4,FALSE,Delivered,7
ORD-00974,3/20/2021,CUST42500,Aarav Shah,30,Male,South,Kochi,Sports,Cricket Bat,8,1086.23,0.23,7051.86,1305.99,55.27,Debit Card,4,TRUE,Returned,8
ORD-00972,3/20/2021,CUST58228,Arjun Das,34,Male,East,Patna,Beauty,Lipstick,3,1728.65,0.09,5386.67,2960.24,87,Debit Card,3,FALSE,Delivered,1
ORD-00970,3/18/2021,CUST04940,Aditya Bhat,44,Other,East,Kolkata,Electronics,Laptop,6,40340.61,0.36,166691.58,15451.73,92.09,Debit Card,2,FALSE,Delivered,10
ORD-00969,3/17/2021,CUST73466,Shreya Shah,17,Other,East,Guwahati,Electronics,Camera,3,53597.73,0.22,113953.25,17435,77.63,UPI,2,FALSE,Delivered,8
ORD-00967,17/03/2021,CUST90596,Ananya Sharma,21,Male,East,Guwahati,Beauty,Hair Oil,2,119.38,0.13,236.95,137.69,86.43,EMI,3,FALSE,Pending,10
ORD-00966,3/17/2021,CUST15832,Aarav Pillai,22,Other,East,Kolkata,Electronics,Laptop,4,11157.11,0.38,32774.69,3797.24,55.14,Credit Card,1,TRUE,Returned,8
ORD-00965,3/17/2021,CUST01123,Sunita Das,37,Male,South,Kochi,Furniture,Bed Frame,4,14435.97,0.01,62179.84,17618.77,57.05,Net Banking,3,FALSE,Delivered,7
ORD-00964,3/16/2021,CUST62220,Deepa Reddy,38,Female,North,Ludhiana,Clothing,Jacket,5,888.01,0.25,3544.92,906.65,30.07,Credit Card,1,FALSE,Pending,4
ORD-00962,3/13/2021,CUST30724,Amit Sharma,51,Female,North,Delhi,Groceries,Sugar,5,432.25,0.01,2079.81,177.78,37.05,EMI,2,FALSE,Delivered,10
ORD-00961,3/13/2021,CUST15494,Aarav Nair,33,Male,East,Bhubaneswar,Groceries,Sugar,1,314.79,0.34,241.87,12.49,85.01,UPI,2,FALSE,Delivered,2
ORD-00960,3/13/2021,CUST61286,Aarav Singh,11,Male,Central,Nagpur,Electronics,Tablet,4,22676.17,0.17,85348.7,11066.6,67.96,EMI,1,FALSE,Delivered,1
ORD-00958,3/11/2021,CUST07589,Rohan Shah,30,Male,North,Amritsar,Groceries,Dal (1kg),7,236.4,0.32,1215.84,86.13,33.05,Cash on Delivery,2,TRUE,Returned,3
ORD-00957,10/3/2021,CUST38291,Priya Sharma,45,Male,West,Ahmedabad,Electronics,Headphones,8,35444.35,0.36,184024.19,25280.12,40.75,Cash on Delivery,4,FALSE,Delivered,8
ORD-00956,3/10/2021,CUST26332,Karan Bhat,38,Male,West,Pune,Books,Fiction Novel,10,1207.23,0.16,10978.87,2840.09,56.99,Cash on Delivery,2,FALSE,Delivered,6
ORD-00955,3/10/2021,CUST63974,Kavya Gupta,30,Male,East,Kolkata,Sports,Dumbbells,3,14253.13,0.13,45619.3,11131.02,67.22,EMI,1,FALSE,Cancelled,3
ORD-00954,3/10/2021,CUST75813,Aditya Singh,21,Male,South,Chennai,Furniture,Chair,5,10002.31,0.4,30147.32,7265.89,45.96,Cash on Delivery,1,FALSE,Pending,6
ORD-00953,3/7/2021,CUST31395,Nisha Sharma,51,Male,West,Mumbai,Groceries,Sugar,8,304.96,0.05,2345.4,225.25,36.35,Cash on Delivery,2,FALSE,Delivered,3
ORD-00952,3/7/2021,CUST97126,Ananya Kumar,28,Male,East,Kolkata,Sports,Yoga Mat,9,6483.35,0.23,52222.52,13820.97,74.83,UPI,4,FALSE,Delivered,2
ORD-00951,3/7/2021,CUST39186,Meera Mehta,30,Male,Central,Raipur,Clothing,T-Shirt,10,2879.31,0.34,19680.42,5641.8,64.13,Debit Card,2,FALSE,Delivered,4
ORD-00950,3/7/2021,CUST77157,Vikram Shah,25,Female,East,Bhubaneswar,Clothing,Jeans,1,2017.09,0.05,2090.57,823.03,84.95,Credit Card,2,FALSE,Pending,1
ORD-00948,3/5/2021,CUST85939,Nikhil Patel,47,Female,North,Amritsar,Furniture,Chair,6,29194.28,0.36,144911.63,54404.2,64.14,Credit Card,3,FALSE,Delivered,9
ORD-00947,3/4/2021,CUST36851,Shreya Mehta,27,Other,East,Bhubaneswar,Sports,Yoga Mat,2,12124.27,0.2,19621.74,4737.69,91.21,Debit Card,3,FALSE,Delivered,7
ORD-00946,3/3/2021,CUST66962,Arjun Shah,29,Male,South,Kochi,Books,Comic Book,3,265.72,0.26,642.25,162.11,60.04,Net Banking,1,FALSE,Cancelled,10
ORD-00945,3/3/2021,CUST29179,Karan Verma,14,Other,West,Surat,Sports,Yoga Mat,4,7733.68,0.34,22832.43,3661.66,56.01,Credit Card,2,FALSE,Delivered,6
ORD-00944,3/2/2021,CUST74789,Ritu Bose,32,Male,North,Delhi,Groceries,Sugar,9,172.48,0.16,1373.62,111.05,48.27,Debit Card,2,FALSE,Delivered,6
ORD-00942,3/2/2021,CUST93436,Rohan Bose,26,Other,West,Pune,Beauty,Sunscreen,10,1967.69,0.12,19952.42,8446.34,29.78,Credit Card,4,FALSE,Shipped,4
ORD-00940,2/28/2021,CUST20288,Priya Mehta,32,Female,East,Patna,Books,Cook Book,1,1285.8,0.12,930.59,331.39,110.69,EMI,1,FALSE,Shipped,8
ORD-00939,2/28/2021,CUST44415,Ritu Das,27,Female,South,Chennai,Books,Textbook,7,884.25,0.35,3604.7,1268.2,55.07,EMI,5,FALSE,Delivered,7
ORD-00938,2/28/2021,CUST93635,Ritu Nair,38,Female,East,Bhubaneswar,Beauty,Hair Oil,3,892.77,0.28,1753.17,830.67,58.34,Net Banking,2,FALSE,Pending,7
ORD-00937,2/28/2021,CUST46314,Nikhil Gupta,39,Other,West,Ahmedabad,Furniture,Bed Frame,5,20432.76,0.34,61498.27,12694.42,49.26,UPI,4,FALSE,Shipped,7
ORD-00936,2/27/2021,CUST82575,Kavya Pillai,29,Female,Central,Nagpur,Furniture,Bookshelf,1,33537.06,0.25,24565.06,5814.79,56.47,Debit Card,4,FALSE,Delivered,2
ORD-00935,2/26/2021,CUST09173,Shreya Kumar,32,Female,North,Amritsar,Furniture,Bed Frame,3,26021.42,0.06,58084.97,15110.03,29.22,Credit Card,3,FALSE,Delivered,1
ORD-00934,2/25/2021,CUST57153,Nikhil Mishra,33,Other,South,Chennai,Electronics,Camera,10,39470.47,0.03,381281.41,61665.08,68.19,Debit Card,1,TRUE,Returned,9
ORD-00930,2/23/2021,CUST93704,Aarav Gupta,46,Male,South,Bangalore,Electronics,Smartphone,4,69413.05,0.19,236615.76,20189.99,74.25,EMI,2,FALSE,Cancelled,7
ORD-00929,2/23/2021,CUST75952,Nikhil Verma,24,Male,East,Guwahati,Furniture,Desk,5,2018.71,0.33,6353.83,1860.03,62.35,EMI,5,FALSE,Delivered,1
ORD-00928,2/23/2021,CUST88225,Pooja Mishra,37,Female,South,Hyderabad,Clothing,Dress,2,2323.11,0.1,3708.79,1138.78,85.32,Net Banking,2,FALSE,Delivered,7
ORD-00926,2/23/2021,CUST42894,Sanjay Patel,30,Male,West,Ahmedabad,Clothing,Jeans,9,1846.99,0.32,9441.56,3194.01,82.33,Debit Card,3,FALSE,Delivered,6
ORD-00924,2/22/2021,CUST61112,Rahul Mishra,44,Male,East,Bhubaneswar,Groceries,Cooking Oil,1,227.48,0.11,175.14,15.49,47.37,EMI,1,FALSE,Pending,4
ORD-00923,2/22/2021,CUST41859,Deepa Kumar,38,Other,Central,Nagpur,Beauty,Shampoo,7,322.75,0.15,1684.8,760.63,28.86,Cash on Delivery,1,TRUE,Returned,5
ORD-00922,2/22/2021,CUST58356,Ananya Sharma,38,Other,West,Ahmedabad,Books,Textbook,4,386.28,0.3,1032.77,513.15,50.89,EMI,5,FALSE,Delivered,5
ORD-00919,2/17/2021,CUST83261,Ritu Mehta,25,Female,West,Ahmedabad,Sports,Cricket Bat,1,14980.35,0.06,16007.63,3501.94,66.95,Credit Card,5,FALSE,Delivered,8
ORD-00918,2/17/2021,CUST67405,Meera Pillai,48,Male,Central,Indore,Sports,Cycle,3,11359.59,0.01,30752.81,7374.96,41.65,Debit Card,1,FALSE,Delivered,8
ORD-00917,2/17/2021,CUST45413,Aditya Singh,14,Female,North,Chandigarh,Sports,Cricket Bat,10,10161.64,0.01,88906.61,14067.58,19.18,EMI,5,FALSE,Delivered,9
ORD-00916,2/17/2021,CUST66419,Sanjay Singh,44,Male,South,Chennai,Groceries,Sugar,7,245.03,0.09,1547.66,97.99,69.71,UPI,3,FALSE,Delivered,7
ORD-00915,2/16/2021,CUST76268,Arjun Patel,36,Other,North,Amritsar,Electronics,Smartwatch,3,48921.59,0.19,107608.01,16935.06,46.65,Credit Card,1,FALSE,Delivered,3
ORD-00914,2/16/2021,CUST19648,Priya Mishra,41,Female,West,Surat,Sports,Yoga Mat,6,4631.44,0.05,23451.19,4924.69,43.93,Credit Card,3,TRUE,Returned,4
ORD-00913,2/15/2021,CUST25496,Sanjay Pillai,15,Other,West,Ahmedabad,Furniture,Bed Frame,5,17189.6,0.27,55435.55,13684.7,59.73,Credit Card,3,FALSE,Delivered,6
ORD-00912,2/13/2021,CUST49621,Kavya Pillai,31,Male,Central,Nagpur,Furniture,Chair,7,16795.84,0.36,56221.37,12491.37,56.62,Cash on Delivery,2,TRUE,Returned,2
ORD-00911,2/11/2021,CUST78268,Shreya Sharma,21,Female,East,Guwahati,Sports,Football,6,9644.78,0.12,53077.76,12558.1,95.75,Debit Card,3,FALSE,Shipped,9
ORD-00909,2/10/2021,CUST63944,Pooja Patel,23,Other,West,Pune,Electronics,Smartphone,7,60825.33,0.39,203704.25,27664.1,67.78,EMI,1,FALSE,Delivered,8
ORD-00908,2/10/2021,CUST33667,Vikram Mehta,40,Male,North,Chandigarh,Sports,Football,2,660.31,0.11,1039.58,273.1,41.05,Net Banking,2,FALSE,Delivered,3
ORD-00907,2/10/2021,CUST43384,Rahul Kumar,45,Female,South,Hyderabad,Furniture,Desk,10,12241.28,0.02,97580.65,23149.32,45.07,Credit Card,5,TRUE,Returned,8
ORD-00906,2/9/2021,CUST56644,Sanjay Iyer,50,Other,North,Delhi,Electronics,Headphones,7,10081.67,0.03,59897.17,4993.59,16.94,Credit Card,5,FALSE,Delivered,7
ORD-00905,2/9/2021,CUST96177,Rahul Rao,41,Other,South,Hyderabad,Beauty,Sunscreen,10,1423.41,0.05,11797.89,5781.35,78.68,Credit Card,5,FALSE,Delivered,6
ORD-00904,2/9/2021,CUST76121,Meera Iyer,40,Other,North,Ludhiana,Electronics,Smartwatch,4,27046.33,0.17,79234.6,9558.56,39.92,Credit Card,3,FALSE,Delivered,6
ORD-00903,2/9/2021,CUST30562,Shreya Bose,46,Female,West,Mumbai,Groceries,Flour,6,442.45,0.28,1791.03,144.22,60.22,EMI,2,FALSE,cancelled,1
ORD-00902,2/9/2021,CUST55154,Priya Verma,56,Male,North,Chandigarh,Electronics,Tablet,1,39881.71,0.04,30194.77,2984.54,21.56,Net Banking,3,FALSE,Delivered,1
ORD-00901,2/8/2021,CUST88807,Sanjay Kapoor,30,Male,West,Ahmedabad,Books,Fiction Novel,2,583.34,0.24,678.92,261.88,72.31,Cash on Delivery,5,FALSE,Delivered,5
ORD-00900,2/8/2021,CUST52346,Shreya Gupta,39,Other,West,Ahmedabad,Electronics,Smartphone,3,76079.41,0.07,168287.61,15094,31.95,UPI,2,TRUE,Returned,8
ORD-00899,2/8/2021,CUST12934,Ananya Joshi,20,Other,West,Mumbai,Clothing,Dress,4,781.53,0.03,2842.15,1255.07,61.02,UPI,5,FALSE,Delivered,7
ORD-00898,2/7/2021,CUST48501,Priya Bose,22,Male,East,Guwahati,Books,Comic Book,9,682.41,0.39,3288.5,950.54,73.23,Credit Card,4,FALSE,Shipped,7
ORD-00897,2/7/2021,CUST66586,Ritu Mehta,39,Male,North,Amritsar,Furniture,Bookshelf,7,15174.89,0.06,79635.1,24165.11,39.53,EMI,2,FALSE,Delivered,1
ORD-00896,2/7/2021,CUST89978,Ananya Gupta,45,Female,East,Kolkata,Electronics,Smartphone,3,72774.78,0.13,179559.91,15904.32,90.91,UPI,5,FALSE,Delivered,6
ORD-00895,2/6/2021,CUST68309,Nikhil Gupta,19,Male,Central,Raipur,Furniture,Bookshelf,8,10068.23,0.21,63872.39,14763.69,69.23,Cash on Delivery,3,FALSE,Delivered,9
ORD-00894,2/5/2021,CUST78346,Aarav Gupta,47,Male,East,Patna,Books,Self-Help Book,10,1043.44,0.34,5862.96,2186.2,79.99,Debit Card,2,FALSE,Delivered,6
ORD-00893,2/5/2021,CUST82516,Aarav Kapoor,48,Other,South,Hyderabad,Groceries,Tea,4,405.74,0.06,1652.51,140.36,111.98,Credit Card,5,FALSE,Shipped,7
ORD-00892,2/5/2021,CUST40329,Nikhil Verma,19,Female,West,Pune,Beauty,Hair Oil,4,1900.58,0.12,6413.16,3388.38,47.89,UPI,3,FALSE,Delivered,1
ORD-00891,2/4/2021,CUST89847,Pooja Sharma,35,Other,South,Chennai,Beauty,Face Cream,9,616.58,0.36,3400.49,1300.95,91.17,Cash on Delivery,4,FALSE,Delivered,10
ORD-00890,2/4/2021,CUST21364,Arjun Shah,33,Other,South,Hyderabad,Electronics,Tablet,1,41541.62,0.18,29525.13,3792.31,88.25,Net Banking,2,FALSE,Cancelled,6
ORD-00889,2/4/2021,CUST13240,Arjun Das,41,Other,Central,Nagpur,Groceries,Sugar,2,184.78,0.02,289.36,22.18,44.84,Debit Card,1,FALSE,delivered,9
ORD-00888,2/4/2021,CUST27547,Shreya Gupta,49,Male,South,Chennai,Electronics,Smartwatch,10,72812.39,0.29,520084.41,94437.03,76.77,Net Banking,2,TRUE,Returned,10
ORD-00887,2/4/2021,CUST50884,Sanjay Pillai,49,Other,East,Patna,Sports,Yoga Mat,10,12708.22,0.28,91510.11,20206.87,100.24,EMI,2,FALSE,Delivered,3
ORD-00886,2/4/2021,CUST50029,Rohan Mehta,27,Other,West,Mumbai,Clothing,T-Shirt,10,1064.5,0.2,8259.53,3321.3,64.42,Cash on Delivery,4,FALSE,Delivered,9
ORD-00885,2/4/2021,CUST26006,Pooja Nair,34,Male,West,Ahmedabad,Clothing,Saree,9,3473.33,0.26,20518.25,6894.62,54.27,UPI,2,FALSE,Delivered,1
ORD-00884,2/3/2021,CUST13555,Aarav Kapoor,54,Other,North,Delhi,Furniture,Bed Frame,6,32916.71,0.08,176331.64,48719.54,48.18,Debit Card,5,FALSE,Delivered,3
ORD-00883,3/2/2021,CUST25736,Rohan Bose,43,Other,North,Amritsar,Beauty,Hair Oil,9,1071.88,0.21,6143.09,3577.85,64.18,Debit Card,5,FALSE,Delivered,9
ORD-00882,2/2/2021,CUST46121,Arjun Shah,41,Female,North,Amritsar,Furniture,Bed Frame,10,21056.57,0.24,131205.97,31712.53,53.62,Credit Card,2,TRUE,Returned,10
ORD-00881,2/2/2021,CUST31073,Kavya Shah,48,Male,East,Bhubaneswar,Groceries,Flour,7,474.48,0.26,2258.19,189.8,40.18,Debit Card,1,TRUE,Returned,2
ORD-00880,2/2/2021,CUST93518,Aarav Rao,36,Other,East,Guwahati,Books,Comic Book,9,1355.32,0.11,9672.16,3948.56,95.05,Debit Card,4,FALSE,Delivered,4
ORD-00878,2/2/2021,CUST74864,Vikram Sharma,41,Female,North,Ludhiana,Groceries,Tea,1,409.48,0.32,275.92,21.85,52.01,UPI,5,FALSE,Cancelled,5
ORD-00877,2/1/2021,CUST26337,Aarav Bhat,32,Male,West,Mumbai,Groceries,Dal (1kg),1,50.26,0.13,39.45,1.56,76.23,Debit Card,1,FALSE,Delivered,7
ORD-00876,2/1/2021,CUST71642,Sunita Patel,36,Male,South,Hyderabad,Beauty,Face Cream,7,260.04,0.16,1257.6,549.29,93.31,Net Banking,2,FALSE,delivered,1
ORD-00873,1/31/2021,CUST74542,Arjun Gupta,18,Male,Central,Bhopal,Furniture,Bookshelf,1,10111.03,0.27,6692.45,2226.89,30.16,Debit Card,2,FALSE,Delivered,4
ORD-00872,1/31/2021,CUST37369,Amit Das,29,Female,South,Kochi,Beauty,Lipstick,3,1476.85,0.39,1955,946.31,72.85,EMI,1,TRUE,Returned,6
ORD-00871,1/31/2021,CUST03293,Nikhil Singh,56,Other,West,Ahmedabad,Clothing,Jeans,9,3487.25,0.28,17823.41,4665.95,82.7,Cash on Delivery,3,FALSE,Pending,1
ORD-00870,1/31/2021,CUST22353,Amit Rao,56,Female,North,Delhi,Electronics,Headphones,8,16693.21,0.26,81693.15,9097.41,65.45,Cash on Delivery,3,TRUE,Returned,10
ORD-00869,1/31/2021,CUST63354,Rahul Mishra,54,Female,East,Bhubaneswar,Electronics,Headphones,2,15121.18,0.11,22753.66,2384.22,94.45,Credit Card,1,FALSE,Delivered,8
ORD-00868,1/31/2021,CUST94965,Kavya Sharma,38,Female,South,Hyderabad,Electronics,Smartwatch,3,42838.23,0.09,107037.9,14607.13,87.84,Debit Card,1,TRUE,Returned,1
ORD-00866,1/30/2021,CUST71222,Pooja Das,59,Male,Central,Bhopal,Electronics,Tablet,3,69155.55,0.25,102960.53,11911.08,54.42,EMI,3,FALSE,Delivered,9
ORD-00865,1/30/2021,CUST81979,Kavya Nair,47,Other,South,Chennai,Sports,Football,4,4061.87,0.15,11296.47,2369.95,68.59,EMI,2,FALSE,Shipped,1
ORD-00863,1/29/2021,CUST78361,Sanjay Joshi,51,Female,West,Mumbai,Beauty,Perfume,4,1427.81,0.28,3737.3,1821.21,66.76,Credit Card,4,FALSE,delivered,5
ORD-00862,1/29/2021,CUST25585,Shreya Mishra,43,Other,West,Surat,Beauty,Shampoo,1,1381.02,0.28,820.75,385.94,79.14,Cash on Delivery,1,FALSE,Delivered,2
ORD-00861,1/27/2021,CUST71748,Rohan Singh,20,Female,Central,Bhopal,Electronics,Laptop,9,25178.31,0.33,123701.67,15332.75,39.55,Debit Card,4,FALSE,Delivered,5
ORD-00860,1/27/2021,CUST94205,Rahul Nair,42,Female,North,Ludhiana,Clothing,Saree,2,2935.36,0.33,3141.45,1157.67,60.42,EMI,1,FALSE,Delivered,6
ORD-00858,1/26/2021,CUST72879,Aditya Pillai,27,Male,Central,Bhopal,Sports,Dumbbells,7,14159.23,0.18,67291.55,15098.91,65.26,EMI,5,FALSE,Shipped,1
ORD-00857,1/25/2021,CUST59535,Vikram Gupta,49,Male,Central,Nagpur,Beauty,Hair Oil,4,521.44,0.14,1538.13,492.45,50.42,UPI,1,FALSE,Pending,10
ORD-00856,1/25/2021,CUST85777,Aditya Kumar,28,Other,Central,Nagpur,Sports,Cycle,4,11854.96,0,42761.49,9643.25,65.47,Net Banking,2,FALSE,Delivered,3
ORD-00855,1/25/2021,CUST20377,Nisha Sharma,33,Other,East,Guwahati,Beauty,Face Cream,9,1589.89,0.08,10590.69,5434.65,87.21,Cash on Delivery,4,FALSE,Delivered,4
ORD-00853,1/24/2021,CUST13945,Karan Kapoor,39,Male,North,Ludhiana,Clothing,Jeans,8,1814.02,0.36,8060.63,2084.5,67.95,UPI,1,FALSE,Cancelled,6
ORD-00852,23/01/2021,CUST80007,Arjun Mishra,25,Other,West,Ahmedabad,Clothing,Dress,2,1329.5,0.28,1346.05,364.15,72.34,Cash on Delivery,4,FALSE,Pending,9
ORD-00851,1/23/2021,CUST39419,Aditya Nair,48,Female,South,Kochi,Furniture,Bookshelf,1,6917.97,0.23,4191.15,1571.77,96.28,EMI,5,FALSE,Delivered,5
ORD-00850,1/22/2021,CUST69680,Nisha Pillai,36,Female,Central,Raipur,Electronics,Tablet,6,10944.15,0.21,42423.95,5320.38,63.46,UPI,1,FALSE,Pending,8
ORD-00847,1/21/2021,CUST36203,Vikram Mehta,29,Male,Central,Nagpur,Furniture,Chair,7,27103.44,0.07,140013.27,47871.51,45.89,EMI,2,TRUE,Returned,7
ORD-00846,1/21/2021,CUST86953,Karan Kumar,31,Other,Central,Nagpur,Beauty,Face Cream,2,2449.97,0.36,2301.25,882.12,63.24,UPI,5,FALSE,Delivered,5
ORD-00845,1/20/2021,CUST66370,Sanjay Kumar,43,Other,South,Hyderabad,Sports,Tennis Racket,7,12247.06,0.07,61250.51,11670.83,87.17,Credit Card,4,FALSE,Pending,5
ORD-00844,1/20/2021,CUST33448,Rahul Joshi,48,Other,South,Hyderabad,Clothing,Saree,2,2685.53,0.16,3463.77,1147.86,69.17,Cash on Delivery,2,TRUE,Returned,6
ORD-00843,1/20/2021,CUST07824,Priya Chatterjee,20,Female,West,Surat,Furniture,Bookshelf,10,7217.24,0.34,38701.84,9777.45,78.16,Net Banking,1,TRUE,Returned,2
ORD-00842,1/20/2021,CUST65032,Rahul Patel,35,Female,North,Ludhiana,Furniture,Desk,6,10881.01,0.28,36305.93,13223.63,78.19,Debit Card,3,FALSE,Cancelled,5
ORD-00841,1/20/2021,CUST59671,Vikram Bhat,28,Female,East,Bhubaneswar,Groceries,Rice (5kg),4,246.81,0.32,564.98,41.55,95.51,Cash on Delivery,2,FALSE,Cancelled,6
ORD-00840,1/19/2021,CUST21706,Arjun Bose,40,Female,Central,Bhopal,Groceries,Flour,8,250.4,0.34,989.57,63.61,62.31,Credit Card,4,FALSE,Delivered,9
ORD-00839,1/19/2021,CUST85913,Pooja Pillai,31,Male,South,Chennai,Furniture,Bookshelf,6,2676.31,0.08,10381.04,3229.7,70.15,Net Banking,1,FALSE,shipped,10
ORD-00838,1/18/2021,CUST92341,Deepa Bhat,34,Other,South,Hyderabad,Electronics,Headphones,4,47874.24,0.29,95589.48,11952.46,79.36,Debit Card,2,TRUE,Returned,3
ORD-00837,1/18/2021,CUST71096,Kavya Shah,29,Other,East,Patna,Electronics,Headphones,5,58480.23,0.09,200569.38,24313.05,84.38,Credit Card,4,FALSE,Delivered,2
ORD-00836,1/17/2021,CUST64754,Pooja Reddy,52,Other,West,Pune,Sports,Football,4,9859.42,0.1,30461.87,8214.61,75.89,Net Banking,5,FALSE,Delivered,7
ORD-00835,1/17/2021,CUST51769,Amit Das,23,Male,East,Bhubaneswar,Groceries,Rice (5kg),9,358.92,0.08,2353.07,122.29,84.03,Debit Card,4,FALSE,Delivered,6
ORD-00832,1/15/2021,CUST36178,Shreya Reddy,43,Male,South,Bangalore,Furniture,Sofa,10,15368.38,0.3,93128.19,25001.12,71.29,UPI,2,FALSE,Delivered,6
ORD-00831,1/15/2021,CUST89108,Ananya Kumar,41,Other,North,Ludhiana,Clothing,Dress,3,1065.38,0.01,2521.39,658.85,38.14,Debit Card,2,FALSE,Delivered,3
ORD-00830,1/15/2021,CUST61741,Sanjay Reddy,47,Female,West,Surat,Sports,Cycle,5,10407.54,0.02,43179.3,9803.14,66.57,EMI,1,TRUE,Returned,6
ORD-00829,1/15/2021,CUST78751,Rahul Chatterjee,42,Other,South,Chennai,Furniture,Desk,10,25214.06,0.36,131999.09,39084.78,68.52,Credit Card,5,TRUE,Returned,3
ORD-00828,1/14/2021,CUST36600,Karan Iyer,16,Male,South,Kochi,Groceries,Sugar,6,322.95,0.32,1085.35,97.61,72.44,Credit Card,2,FALSE,Delivered,6
ORD-00827,14/01/2021,CUST71416,Aditya Kapoor,43,Female,South,Kochi,Electronics,Headphones,2,43066.95,0.25,50066.36,6929.76,69.88,Net Banking,2,FALSE,delivered,7
ORD-00826,1/13/2021,CUST30306,Amit Joshi,22,Other,South,Chennai,Beauty,Sunscreen,8,920.84,0.23,4710.2,2543.38,46.86,Credit Card,5,FALSE,Delivered,8
ORD-00825,1/13/2021,CUST51985,Sunita Rao,27,Female,North,Amritsar,Clothing,Kurta,4,2117.62,0.34,4971.68,1716.37,33.13,Credit Card,5,FALSE,Delivered,7
ORD-00824,1/12/2021,CUST93771,Ananya Mishra,25,Female,East,Bhubaneswar,Electronics,Smartwatch,10,62379.19,0.06,476054.02,44865.32,83.61,Debit Card,3,FALSE,Delivered,4
ORD-00823,1/12/2021,CUST48473,Sunita Joshi,48,Male,West,Pune,Beauty,Sunscreen,1,1901.42,0.3,1024,482.79,37.7,EMI,5,FALSE,Delivered,7
ORD-00821,1/11/2021,CUST07868,Aarav Pillai,34,Other,North,Chandigarh,Groceries,Flour,4,249.86,0.17,572.04,50.92,67.97,Credit Card,5,FALSE,Delivered,3
ORD-00819,1/10/2021,CUST63893,Sanjay Singh,21,Male,South,Chennai,Beauty,Perfume,9,1170.24,0.31,5927.64,3035.58,41.85,Cash on Delivery,2,FALSE,Delivered,1
ORD-00818,1/10/2021,CUST07023,Deepa Patel,46,Other,North,Chandigarh,Groceries,Tea,3,437.4,0.24,697.7,69.74,36.51,Cash on Delivery,3,TRUE,Returned,3
ORD-00817,1/9/2021,CUST03410,Ananya Rao,42,Female,North,Delhi,Electronics,Smartphone,10,55337.12,0.24,299036.46,36301.09,63.2,UPI,2,TRUE,Returned,10
ORD-00816,1/9/2021,CUST98871,Aarav Rao,48,Female,East,Guwahati,Clothing,Jeans,4,1333.04,0.15,3641.6,1576,89.29,Net Banking,5,FALSE,Delivered,9
ORD-00815,1/8/2021,CUST16348,Priya Singh,29,Female,West,Ahmedabad,Groceries,Tea,3,124.54,0.06,312.48,27.23,67.18,Credit Card,1,FALSE,Shipped,10
ORD-00814,1/8/2021,CUST27919,Deepa Bose,48,Female,East,Bhubaneswar,Clothing,Dress,3,1116.6,0.09,2760.68,860.81,92.64,EMI,4,FALSE,Delivered,2
ORD-00813,1/8/2021,CUST99023,Nikhil Nair,29,Female,North,Amritsar,Furniture,Bookshelf,3,6110.59,0.37,8446.52,2197.3,23.22,Net Banking,3,FALSE,Delivered,9
ORD-00812,1/7/2021,CUST90877,Sanjay Kumar,37,Female,South,Chennai,Electronics,Smartwatch,10,60534.21,0.01,501766.48,79842.6,52,Debit Card,4,FALSE,Delivered,2
ORD-00811,1/7/2021,CUST59025,Ananya Bose,35,Female,West,Pune,Sports,Cricket Bat,9,14339.86,0.04,107237.51,27378.18,59.88,Cash on Delivery,5,FALSE,Delivered,7
ORD-00809,1/5/2021,CUST99388,Ritu Kapoor,33,Male,South,Chennai,Clothing,Jeans,999,3280.13,0.03,2586345.13,921794.6,83.69,EMI,1,TRUE,Returned,7
ORD-00808,1/5/2021,CUST38701,Meera Sharma,45,Female,East,Kolkata,Sports,Tennis Racket,4,5092.41,0.23,13542.42,3463.99,74.84,Debit Card,4,FALSE,Shipped,9
ORD-00807,1/4/2021,CUST38805,Nikhil Joshi,26,Female,West,Pune,Furniture,Desk,2,7006.2,0.24,8461.81,2133.62,67.35,UPI,2,FALSE,Delivered,7
ORD-00805,1/2/2021,CUST38399,Nikhil Gupta,22,Male,Central,Indore,Clothing,Saree,6,2532.55,0.06,10659.76,4546.73,64.53,UPI,1,FALSE,shipped,1
ORD-00804,12/31/2020,CUST33294,Karan Kumar,27,Other,Central,Bhopal,Furniture,Bookshelf,8,9942.45,0.03,60313.96,18873.68,68.3,Net Banking,5,FALSE,Cancelled,4
ORD-00803,12/31/2020,CUST99060,Amit Sharma,46,Male,South,Chennai,Furniture,Bed Frame,6,25745.87,0.38,68168.41,19997.5,90.91,Net Banking,2,FALSE,Delivered,3
ORD-00802,12/30/2020,CUST38432,Rahul Joshi,23,Female,Central,Nagpur,Sports,Cricket Bat,3,642.91,0.33,879.77,176.34,61.52,Debit Card,2,TRUE,Returned,6
ORD-00801,12/30/2020,CUST09674,Rohan Shah,20,Male,West,Mumbai,Clothing,T-Shirt,4,3596.85,0.25,7577.9,2505.62,61.39,Debit Card,1,TRUE,Returned,7
ORD-00800,12/30/2020,CUST77423,Priya Shah,33,Other,East,Patna,Electronics,Camera,7,56504.32,0.3,197546.47,21532.46,53.78,Cash on Delivery,5,FALSE,Delivered,1
ORD-00799,12/29/2020,CUST20881,Rohan Singh,48,Male,West,Mumbai,Sports,Yoga Mat,4,2347.62,0.22,5426.75,1694.29,36.23,Debit Card,1,FALSE,Delivered,10
ORD-00798,12/29/2020,CUST23116,Nikhil Verma,57,Female,Central,Nagpur,Electronics,Tablet,4,13059.62,0.11,35330.16,4782.44,56.15,UPI,4,TRUE,Returned,7
ORD-00797,12/29/2020,CUST04732,Nisha Joshi,38,Male,South,Chennai,Beauty,Face Cream,4,197.52,0.35,379.18,169.93,61.28,EMI,3,FALSE,Delivered,2
ORD-00796,12/28/2020,CUST33825,Aarav Reddy,44,Other,West,Pune,Clothing,T-Shirt,8,1635.94,0.17,7364.45,1973.68,58.56,EMI,4,FALSE,Delivered,7
ORD-00795,12/28/2020,CUST00853,Pooja Chatterjee,52,Other,Central,Raipur,Groceries,Cooking Oil,7,103.75,0.32,344.42,34.77,67.07,Debit Card,5,FALSE,Delivered,4
ORD-00794,12/28/2020,CUST66490,Arjun Singh,41,Other,South,Hyderabad,Sports,Cricket Bat,3,7407.34,0.1,11320.18,2114.9,49.05,Debit Card,5,FALSE,Delivered,7
ORD-00793,12/28/2020,CUST49838,Sunita Gupta,37,Other,South,Bangalore,Groceries,Flour,8,491.76,0.08,2780.1,223.65,61.84,UPI,2,FALSE,Delivered,4
ORD-00792,12/27/2020,CUST76017,Rohan Reddy,39,Male,West,Surat,Clothing,Jacket,3,487.67,0.18,822.61,342.21,83.7,Cash on Delivery,3,FALSE,Delivered,7
ORD-00791,12/27/2020,CUST50607,Shreya Pillai,33,Male,Central,Indore,Furniture,Bed Frame,10,20725.97,0.06,123725.25,32970.37,54.51,Debit Card,5,FALSE,Cancelled,5
ORD-00790,12/26/2020,CUST03149,Vikram Mehta,36,Male,South,Chennai,Groceries,Tea,8,312.61,0.29,1360.85,78.9,88.49,Net Banking,4,FALSE,Delivered,9
ORD-00789,12/26/2020,CUST67387,Nisha Singh,41,Male,North,Delhi,Beauty,Lipstick,4,2326.66,0.09,5850.88,3176.85,61.42,UPI,5,FALSE,Shipped,10
ORD-00788,12/25/2020,CUST62453,Pooja Joshi,26,Female,West,Mumbai,Groceries,Rice (5kg),7,79.95,0.03,404.31,30.99,45.31,EMI,2,FALSE,Shipped,2
ORD-00787,12/25/2020,CUST40665,Sunita Patel,53,Female,South,Chennai,Electronics,Headphones,4,65983.59,0.12,161534.85,25135.71,66.2,Net Banking,1,FALSE,Delivered,4
ORD-00786,12/25/2020,CUST94074,Nikhil Singh,47,Female,Central,Raipur,Furniture,Bed Frame,5,4377.66,0.24,12728.48,2557.64,49.31,Debit Card,5,FALSE,Delivered,7
ORD-00785,12/23/2020,CUST18574,Sunita Singh,35,Other,South,Chennai,Groceries,Tea,9,203.63,0.29,829.37,75.45,84.23,Net Banking,4,FALSE,Delivered,1
ORD-00783,12/21/2020,CUST34065,Nikhil Nair,42,Other,West,Pune,Furniture,Desk,8,14923.8,0.19,74800.01,25405.51,42.54,Credit Card,2,FALSE,Delivered,4
ORD-00781,12/21/2020,CUST92097,Nisha Gupta,44,Male,South,Hyderabad,Sports,Cycle,8,12540.64,0.16,54877.82,12900.73,44.66,UPI,1,FALSE,Delivered,8
ORD-00780,12/21/2020,CUST96960,Amit Mishra,39,Male,South,Kochi,Furniture,Wardrobe,2,10151.9,0.21,11388.89,2489.06,77,EMI,5,TRUE,Returned,5
ORD-00779,12/19/2020,CUST99814,Sunita Reddy,51,Female,North,Amritsar,Electronics,Camera,9,59205.69,0.29,281237.44,26659.17,68.68,Debit Card,4,FALSE,Delivered,8
ORD-00778,12/18/2020,CUST98642,Sanjay Verma,53,Male,East,Kolkata,Groceries,Tea,3,284.05,0.26,407.29,27.33,74.57,EMI,2,FALSE,Delivered,2
ORD-00777,12/18/2020,CUST52222,Arjun Sharma,38,Female,North,Chandigarh,Sports,Yoga Mat,3,3464.74,0.22,5170.48,757.08,50.42,Net Banking,3,FALSE,Delivered,7
ORD-00774,12/16/2020,CUST03427,Vikram Kapoor,32,Other,West,Ahmedabad,Sports,Football,9,12132.54,0.37,48966.18,9632.31,31.17,Credit Card,4,FALSE,Shipped,5
ORD-00773,12/15/2020,CUST43341,Vikram Singh,46,Other,West,Ahmedabad,Books,Cook Book,6,444.05,0.38,1040.65,392.88,100.75,EMI,4,FALSE,Delivered,10
ORD-00772,12/15/2020,CUST40808,Shreya Singh,50,Female,North,Chandigarh,Furniture,Sofa,1,21726.1,0.28,9976.28,2817.21,57.05,Credit Card,4,FALSE,Cancelled,7
ORD-00771,12/15/2020,CUST07234,Pooja Mishra,31,Female,West,Pune,Furniture,Bed Frame,8,24311.3,0.16,113486.89,33354.08,85.08,Debit Card,5,FALSE,Delivered,6
ORD-00770,12/15/2020,CUST84428,Pooja Sharma,56,Female,North,Delhi,Furniture,Sofa,2,8330.94,0.36,7172.01,1030.66,34.58,UPI,5,FALSE,Pending,6
ORD-00769,12/14/2020,CUST22535,Priya Das,27,Female,Central,Bhopal,Furniture,Desk,9,20678.49,0.35,87908.48,33141.7,46.74,Credit Card,2,FALSE,Delivered,5
ORD-00768,12/14/2020,CUST47322,Ritu Chatterjee,32,Female,Central,Nagpur,Sports,Tennis Racket,4,3803.71,0.1,9647.73,1808.82,75.19,Cash on Delivery,4,FALSE,Delivered,9
ORD-00767,12/13/2020,CUST99682,Aditya Mishra,17,Other,North,Ludhiana,Furniture,Sofa,5,30866.8,0.07,87823.05,26550.31,38.03,Debit Card,5,FALSE,Delivered,10
ORD-00766,12/13/2020,CUST94306,Shreya Kapoor,19,Female,North,Amritsar,Books,Fiction Novel,6,526.32,0.14,1927.61,588.73,49.68,Credit Card,3,TRUE,Returned,3
ORD-00765,12/13/2020,CUST44683,Rohan Patel,26,Other,North,Chandigarh,Furniture,Bed Frame,1,19060.92,0.31,9008.82,2392.71,30.32,Net Banking,2,FALSE,Delivered,4
ORD-00761,12/11/2020,CUST55772,Priya Reddy,27,Other,South,Kochi,Groceries,Flour,10,315.3,0.29,1585.06,111.69,63.67,Debit Card,2,FALSE,Cancelled,3
ORD-00760,12/11/2020,CUST23262,Priya Mishra,32,Female,North,Delhi,Furniture,Bookshelf,6,18877.52,0.29,62077.82,21779.26,27.92,Debit Card,5,FALSE,Delivered,6
ORD-00759,12/10/2020,CUST23197,Amit Patel,28,Other,Central,Nagpur,Sports,Tennis Racket,5,5242.77,0.31,13993.35,2992.91,74.58,EMI,1,TRUE,Returned,5
ORD-00757,12/9/2020,CUST29818,Meera Gupta,999,Female,South,Kochi,Furniture,Bookshelf,4,11267.5,0.2,24230.41,7321.53,70.73,UPI,4,FALSE,Delivered,1
ORD-00756,12/9/2020,CUST60860,Aarav Bose,35,Other,West,Mumbai,Clothing,Kurta,7,446.81,0.07,2020.82,594.44,79.49,Net Banking,1,FALSE,Cancelled,1
ORD-00755,12/8/2020,CUST00745,Ananya Mehta,40,Male,East,Kolkata,Electronics,Camera,9,71873.78,0,456663.98,59316.97,91.31,Credit Card,5,FALSE,Delivered,7
ORD-00754,12/8/2020,CUST33308,Meera Rao,46,Other,East,Kolkata,Electronics,Headphones,9,9975.05,0.28,38987.93,3991.52,83.83,EMI,1,TRUE,Returned,5
ORD-00753,12/7/2020,CUST57450,Kavya Sharma,31,Male,North,Delhi,Beauty,Face Cream,8,1138.01,0.11,5468.92,1289.66,49.38,Net Banking,2,FALSE,Delivered,2
ORD-00752,12/7/2020,CUST76726,Meera Rao,26,Male,West,Surat,Sports,Tennis Racket,8,4670.6,0.27,19375.1,2879.15,51.67,Credit Card,4,FALSE,Delivered,4
ORD-00751,12/7/2020,CUST41385,Rohan Patel,32,Male,North,Amritsar,Books,Cook Book,999,403.63,0.15,203951.5,80603.27,48.7,EMI,5,FALSE,Delivered,1
ORD-00750,12/7/2020,CUST88589,Karan Joshi,47,Female,West,Surat,Beauty,Sunscreen,2,2232.87,0.03,2646.86,806.76,54.23,UPI,2,FALSE,Shipped,8
ORD-00749,12/6/2020,CUST43010,Priya Gupta,33,Other,Central,Nagpur,Clothing,Dress,8,2574.11,0.12,12273.11,5629.65,67.94,Credit Card,5,TRUE,Returned,10
ORD-00748,12/6/2020,CUST08513,Sanjay Patel,31,Female,South,Chennai,Beauty,Shampoo,9,1896.41,0.01,12286.54,5443.3,40.44,UPI,2,FALSE,Delivered,2
ORD-00747,12/6/2020,CUST87215,Vikram Reddy,39,Other,South,Chennai,Furniture,Bookshelf,7,16844.34,0.21,63758.45,17615.41,77.12,EMI,4,FALSE,Delivered,7
ORD-00746,12/5/2020,CUST77230,Aarav Sharma,52,Other,West,Pune,Electronics,Smartphone,1,55374.2,0.03,37343.19,4332.69,42.92,Net Banking,4,TRUE,Returned,9
ORD-00745,12/4/2020,CUST39674,Meera Rao,32,Male,West,Mumbai,Electronics,Tablet,7,63547.4,0.18,260057.28,44746.11,73.72,Debit Card,1,FALSE,Shipped,7
ORD-00743,12/3/2020,CUST22966,Sunita Singh,9,Male,East,Guwahati,Furniture,Desk,9,29323.2,0.31,132224.5,30686.83,80.41,Debit Card,4,TRUE,Returned,5
ORD-00741,12/3/2020,CUST07400,Arjun Pillai,39,Male,South,Chennai,Electronics,Smartwatch,5,17354.95,0.32,42550.65,5443.79,87.73,UPI,3,FALSE,Delivered,4
ORD-00740,12/3/2020,CUST43436,Aarav Verma,36,Female,East,Bhubaneswar,Beauty,Face Cream,5,1245.93,0.14,3724.57,1585.85,84.66,Cash on Delivery,4,FALSE,Delivered,4
ORD-00739,12/3/2020,CUST79943,Meera Kapoor,49,Male,North,Ludhiana,Clothing,Saree,5,836.99,0.39,1880.14,686.79,30.4,EMI,2,FALSE,Delivered,8
ORD-00738,12/3/2020,CUST90925,Amit Iyer,45,Male,Central,Indore,Sports,Cricket Bat,2,2618.63,0.37,2183.04,381.86,63.43,EMI,1,FALSE,Delivered,10
ORD-00737,12/2/2020,CUST84086,Priya Singh,21,Male,North,Amritsar,Groceries,Tea,9,335.03,0.34,1431.69,93.14,59.48,Net Banking,4,TRUE,Returned,1
ORD-00735,12/1/2020,CUST45620,Aditya Patel,59,Female,East,Patna,Clothing,Kurta,6,2055.61,0.19,7361.83,2436.42,87.2,Debit Card,3,FALSE,pending,7
ORD-00734,12/1/2020,CUST76439,Aarav Mishra,25,Other,Central,Indore,Clothing,Dress,2,3263.53,0.28,3766.06,1284.73,57.51,Net Banking,2,FALSE,Delivered,10
ORD-00733,12/1/2020,CUST15499,Priya Mishra,34,Other,West,Mumbai,Furniture,Desk,9,12544.46,0.21,65545.14,23589.88,79.05,Debit Card,4,FALSE,Delivered,4
ORD-00732,12/1/2020,CUST50773,Pooja Nair,38,Other,North,Ludhiana,Furniture,Bed Frame,10,19507.14,0.23,102410.73,29631.5,47.48,Debit Card,2,TRUE,Returned,2
ORD-00731,11/30/2020,CUST84048,Kavya Kapoor,2,Female,Central,Nagpur,Electronics,Laptop,4,44342.23,0.38,73309.14,10270.54,56.21,Cash on Delivery,2,FALSE,Delivered,10
ORD-00730,11/30/2020,CUST84330,Meera Iyer,37,Female,West,Mumbai,Furniture,Chair,8,18836.47,0.39,61854.03,18480.41,25.75,Net Banking,4,FALSE,Delivered,7
ORD-00729,11/30/2020,CUST88249,Karan Das,33,Female,West,Surat,Books,Cook Book,8,707.31,0.15,3730.16,1635.73,65.92,Net Banking,4,FALSE,Delivered,9
ORD-00728,11/29/2020,CUST89689,Priya Bose,19,Male,Central,Raipur,Clothing,Jeans,10,1410.27,0.1,8950.43,2283.3,52.24,Cash on Delivery,5,FALSE,Cancelled,5
ORD-00727,11/29/2020,CUST39869,Ritu Mishra,29,Female,West,Mumbai,Electronics,Smartwatch,4,7981.68,0.38,12800.24,1753.15,40.05,Debit Card,4,FALSE,Delivered,5
ORD-00726,11/29/2020,CUST02385,Meera Mishra,25,Female,South,Hyderabad,Books,Self-Help Book,3,956.34,0.24,1598.88,746.01,74.98,Credit Card,1,FALSE,Delivered,2
ORD-00725,11/29/2020,CUST53613,Sanjay Mishra,40,Male,West,Ahmedabad,Groceries,Rice (5kg),7,486.89,0.23,1947.86,122.41,56.74,Debit Card,5,FALSE,Delivered,4
ORD-00724,11/27/2020,CUST48812,Arjun Reddy,25,Other,North,Delhi,Sports,Yoga Mat,1,8581.84,0.17,4599.35,941.93,62.41,UPI,3,FALSE,Delivered,6
ORD-00722,11/26/2020,CUST22239,Kavya Joshi,23,Female,West,Mumbai,Electronics,Smartwatch,8,19009.3,0,113780.49,11022.35,57.37,UPI,5,FALSE,Delivered,2
ORD-00721,11/25/2020,CUST21865,Deepa Patel,38,Female,Central,Indore,Clothing,T-Shirt,3,388.2,0.11,726,291.01,45.27,UPI,4,FALSE,Delivered,10
ORD-00720,11/25/2020,CUST10417,Ananya Verma,61,Male,North,Delhi,Groceries,Tea,8,463.67,0.39,1629.41,107.01,45.72,Net Banking,3,FALSE,Delivered,10
ORD-00719,11/24/2020,CUST77326,Deepa Sharma,41,Female,North,Delhi,Furniture,Wardrobe,5,13802.21,0.01,49453.99,11156.02,53.42,Net Banking,4,FALSE,Delivered,2
ORD-00718,11/24/2020,CUST87168,Pooja Bhat,32,Female,West,Ahmedabad,Groceries,Rice (5kg),6,79.33,0.21,270.5,23.07,33.12,Net Banking,1,FALSE,Delivered,2
ORD-00717,24/11/2020,CUST23500,Rahul Chatterjee,47,Other,South,Chennai,Furniture,Bookshelf,5,20390.29,0.07,66216.67,23720.97,102.38,UPI,3,FALSE,Delivered,3
ORD-00716,11/23/2020,CUST94113,Priya Pillai,19,Other,Central,Raipur,Electronics,Headphones,1,40524.35,0.12,24819.03,3365.1,36.23,UPI,3,TRUE,Returned,3
ORD-00715,11/23/2020,CUST92335,Rohan Singh,35,Other,North,Chandigarh,Books,Textbook,3,1024.92,0.4,1275.48,495.89,60.02,Credit Card,4,FALSE,Delivered,10
ORD-00714,11/23/2020,CUST61590,Amit Reddy,47,Other,South,Kochi,Groceries,Rice (5kg),7,368.78,0.12,1528.79,127.54,66.03,UPI,4,FALSE,Delivered,9
ORD-00713,11/22/2020,CUST97013,Rahul Verma,48,Other,Central,Raipur,Groceries,Cooking Oil,9,407.45,0.36,1769.53,149.16,50.13,Net Banking,1,TRUE,Returned,8
ORD-00712,11/22/2020,CUST65830,Rohan Shah,7,Other,West,Pune,Sports,Tennis Racket,3,843.33,0.23,1489.34,371.2,44.35,Net Banking,5,FALSE,Delivered,1
ORD-00711,11/21/2020,CUST81896,Meera Gupta,51,Male,West,Mumbai,Clothing,Jeans,5,3038.32,0.08,11598.72,4520.11,46.38,UPI,3,FALSE,Delivered,8
ORD-00710,11/19/2020,CUST57843,Meera Nair,51,Female,East,Bhubaneswar,Books,Fiction Novel,10,331.1,0.39,1477.96,435.14,84.94,Cash on Delivery,5,FALSE,Delivered,7
ORD-00709,11/19/2020,CUST65141,Pooja Patel,9,Female,North,Amritsar,Clothing,Kurta,7,1944.27,0.09,8367.72,3099.18,41.07,EMI,4,TRUE,Returned,9
ORD-00708,11/19/2020,CUST56942,Deepa Kumar,40,Other,West,Ahmedabad,Books,Biography,2,1299.05,0.27,1164.72,514.4,72.21,Net Banking,4,FALSE,Delivered,10
ORD-00707,11/16/2020,CUST43806,Nikhil Reddy,36,Female,North,Ludhiana,Clothing,Jeans,2,1557.26,0.13,1859.03,840.29,50.66,EMI,2,FALSE,Delivered,10
ORD-00705,11/16/2020,CUST82661,Rohan Kumar,26,Male,East,Bhubaneswar,Beauty,Hair Oil,1,2036.13,0.34,999.56,371.42,70.99,Cash on Delivery,1,FALSE,Shipped,6
ORD-00704,11/15/2020,CUST63229,Meera Chatterjee,26,Female,West,Ahmedabad,Groceries,Dal (1kg),8,52.56,0.37,225.58,17.94,62.46,Debit Card,5,TRUE,Returned,1
ORD-00703,11/15/2020,CUST23905,Vikram Joshi,27,Female,West,Ahmedabad,Beauty,Face Cream,8,577.09,0.31,1937.2,752.28,44.38,EMI,3,FALSE,Delivered,3
ORD-00702,11/13/2020,CUST28491,Rohan Bose,33,Male,West,Mumbai,Groceries,Rice (5kg),7,359.06,0.02,1926.06,153.38,77.28,Cash on Delivery,2,FALSE,Delivered,8
ORD-00701,11/13/2020,CUST90688,Priya Nair,42,Female,East,Patna,Electronics,Tablet,6,50084.03,0.17,186628.87,20981.15,94.58,Debit Card,4,FALSE,Cancelled,6
ORD-00700,11/13/2020,CUST93667,Meera Shah,17,Male,North,Chandigarh,Groceries,Cooking Oil,10,434.1,0.35,2188.97,191.3,61.51,UPI,1,TRUE,Returned,6
ORD-00699,11/13/2020,CUST14220,Sanjay Das,16,Female,West,Pune,Sports,Dumbbells,2,3021.82,0.01,4428.27,885.39,38.11,EMI,1,TRUE,Returned,3
ORD-00697,11/13/2020,CUST94502,Sanjay Reddy,36,Other,North,Delhi,Sports,Cycle,8,11002.8,0.15,60370.7,8455.94,27.96,Credit Card,5,FALSE,Delivered,9
ORD-00695,11/11/2020,CUST09687,Karan Bose,25,Male,North,Chandigarh,Clothing,Dress,4,1315.54,0.06,3873.18,1168.41,30.16,Net Banking,4,FALSE,Cancelled,6
ORD-00694,11/10/2020,CUST85469,Pooja Bose,40,Other,Central,Bhopal,Sports,Dumbbells,3,1501.94,0.1,3166.64,579.92,43.07,Net Banking,4,FALSE,Delivered,5
ORD-00693,11/9/2020,CUST90563,Rahul Kumar,31,Male,North,Delhi,Beauty,Hair Oil,10,1973.78,0.07,14584.96,5325.39,34.79,Credit Card,4,FALSE,Delivered,8
ORD-00691,11/9/2020,CUST03760,Shreya Bose,36,Male,South,Hyderabad,Clothing,Saree,9,1818.25,0.15,10464.16,4513.75,74.96,EMI,4,FALSE,Delivered,4
ORD-00688,11/8/2020,CUST98974,Shreya Reddy,22,Female,North,Ludhiana,Furniture,Desk,6,21919.09,0.17,80745.64,19787.94,53.3,Debit Card,5,FALSE,Delivered,9
ORD-00687,11/7/2020,CUST92441,Nikhil Kumar,41,Female,North,Delhi,Electronics,Headphones,2,33488.83,0.15,43647.67,5482.23,46.65,EMI,2,FALSE,Delivered,6
ORD-00686,11/7/2020,CUST38079,Aarav Joshi,23,Female,Central,Bhopal,Books,Cook Book,2,1020.32,0.39,969.44,436.92,35.61,Debit Card,4,FALSE,Delivered,5
ORD-00684,11/6/2020,CUST61978,Sanjay Kumar,39,Other,Central,Indore,Beauty,Face Cream,3,1239.17,0.37,1595.55,768.1,50.76,UPI,3,FALSE,Delivered,5
ORD-00683,11/6/2020,CUST71427,Ritu Das,21,Male,Central,Nagpur,Groceries,Rice (5kg),8,483.25,0.06,2795.81,207.65,28.67,UPI,3,FALSE,Delivered,2
ORD-00682,11/6/2020,CUST98255,Shreya Gupta,54,Female,West,Pune,Books,Comic Book,9,1493.02,0.15,6644.53,3127.78,40.52,Debit Card,3,FALSE,Delivered,4
ORD-00681,11/4/2020,CUST25326,Shreya Das,30,Male,East,Guwahati,Sports,Tennis Racket,1,13269.22,0.27,7469.13,1868.37,57.24,Cash on Delivery,2,FALSE,Cancelled,1
ORD-00680,11/3/2020,CUST60413,Ritu Nair,36,Male,East,Kolkata,Beauty,Face Cream,10,1113.91,0.25,5465.25,2411.46,46.33,Net Banking,2,FALSE,Delivered,9
ORD-00678,11/2/2020,CUST41806,Kavya Pillai,45,Male,West,Ahmedabad,Electronics,Tablet,10,57547.36,0,412747.46,38336.33,95.34,EMI,1,FALSE,Shipped,1
ORD-00677,11/2/2020,CUST61386,Karan Verma,40,Male,North,Amritsar,Electronics,Headphones,10,28972.39,0.33,130564.4,13703.51,50.2,EMI,3,FALSE,Delivered,8
ORD-00676,11/2/2020,CUST84441,Karan Iyer,35,Other,East,Kolkata,Electronics,Camera,2,41850.01,0.07,64764.78,8565.9,59.88,UPI,1,FALSE,cancelled,8
ORD-00675,11/1/2020,CUST59612,Meera Das,18,Other,West,Surat,Groceries,Flour,4,326.66,0.02,986.8,70.77,46.22,UPI,4,FALSE,Delivered,1
ORD-00674,10/31/2020,CUST87680,Meera Kapoor,9,Other,North,Amritsar,Furniture,Bookshelf,3,22435.51,0.11,45857.22,14691.15,19.24,Debit Card,5,FALSE,Delivered,5
ORD-00673,10/31/2020,CUST95082,Pooja Pillai,47,Female,South,Kochi,Furniture,Bookshelf,6,14372.23,0.35,39890.37,9362.87,62.14,Cash on Delivery,1,FALSE,Cancelled,1
ORD-00671,10/31/2020,CUST93387,Ritu Bose,43,Other,West,Surat,Groceries,Cooking Oil,8,347.71,0.08,2265.28,178.59,64.88,Credit Card,5,FALSE,Delivered,9
ORD-00670,10/30/2020,CUST29205,Nisha Sharma,18,Female,Central,Nagpur,Furniture,Bookshelf,9,33383.42,0.18,235297.53,79526.38,58.3,UPI,2,FALSE,Delivered,3
ORD-00668,10/29/2020,CUST19944,Kavya Mehta,21,Other,West,Surat,Electronics,Tablet,3,14080.67,0.36,17734.88,1519.64,63.63,Credit Card,2,TRUE,Returned,7
ORD-00667,10/29/2020,CUST93755,Amit Nair,47,Female,South,Kochi,Beauty,Shampoo,8,155.44,0.23,882.09,419.32,56.84,Debit Card,4,FALSE,Delivered,7
ORD-00666,10/28/2020,CUST11287,Shreya Shah,26,Female,North,Delhi,Sports,Cycle,5,1900.51,0.24,5891.51,1237.06,31.46,Credit Card,1,FALSE,Delivered,10
ORD-00665,10/28/2020,CUST66018,Aditya Joshi,29,Female,North,Amritsar,Groceries,Cooking Oil,8,421.35,0.33,1863.59,143.5,62.73,UPI,1,TRUE,Returned,7
ORD-00664,10/28/2020,CUST76842,Shreya Gupta,47,Female,South,Hyderabad,Books,Textbook,8,513.63,0.17,2804.09,1009.57,48.54,Cash on Delivery,4,FALSE,delivered,1
ORD-00663,10/28/2020,CUST83467,Shreya Rao,41,Other,West,Pune,Groceries,Dal (1kg),1,462.13,0.38,250.84,21.71,65.96,EMI,3,TRUE,Returned,10
ORD-00662,10/28/2020,CUST45940,Ritu Shah,9,Other,West,Pune,Beauty,Sunscreen,10,2019.64,0.36,11026.28,6282.66,64.79,Credit Card,5,FALSE,Delivered,6
ORD-00661,10/27/2020,CUST14505,Vikram Chatterjee,15,Male,West,Surat,Beauty,Shampoo,3,1818.6,0.34,2901.08,1203.53,54.2,Net Banking,5,FALSE,Delivered,8
ORD-00660,10/24/2020,CUST65041,Priya Rao,36,Female,South,Bangalore,Groceries,Dal (1kg),5,425.46,0.08,1535.18,99.18,73.11,UPI,5,FALSE,Delivered,9
ORD-00659,10/22/2020,CUST20907,Nikhil Nair,21,Male,East,Kolkata,Electronics,Smartphone,7,53035.2,0.26,212011.56,26192.61,82.3,UPI,1,TRUE,Returned,6
ORD-00658,10/22/2020,CUST16403,Ananya Sharma,22,Other,South,Chennai,Groceries,Flour,7,388.2,0.05,2233.08,175.74,74.16,EMI,2,FALSE,pending,4
ORD-00656,10/22/2020,CUST42875,Sanjay Verma,26,Other,South,Hyderabad,Sports,Cycle,1,12380.73,0.24,8294.3,2144.64,80.23,Credit Card,4,FALSE,Cancelled,5
ORD-00655,10/21/2020,CUST05466,Karan Kapoor,36,Female,West,Ahmedabad,Furniture,Bed Frame,8,32918.63,0.14,208563.97,70073.18,49.07,Credit Card,3,FALSE,Delivered,1
ORD-00654,10/21/2020,CUST92572,Rohan Kapoor,36,Female,Central,Nagpur,Furniture,Wardrobe,6,29603.47,0.09,131775.14,31425.24,72.71,Cash on Delivery,4,FALSE,Delivered,2
ORD-00653,10/20/2020,CUST35559,Ritu Nair,22,Female,Central,Nagpur,Books,Textbook,3,835.42,0.33,1423.3,458.44,55.32,Cash on Delivery,5,FALSE,Delivered,1
ORD-00652,10/19/2020,CUST29202,Rohan Chatterjee,41,Male,North,Delhi,Clothing,Kurta,8,1138.09,0.36,5187.76,1423.15,52.7,Net Banking,4,FALSE,Delivered,9
ORD-00649,10/17/2020,CUST22604,Rohan Mehta,26,Male,East,Patna,Electronics,Smartwatch,7,45799.76,0.33,189931.59,22577.35,42.79,Debit Card,2,FALSE,Delivered,4
ORD-00648,10/15/2020,CUST23342,Kavya Pillai,22,Male,Central,Bhopal,Groceries,Rice (5kg),10,420.55,0.39,2218.99,132.72,44.96,UPI,4,FALSE,Delivered,5
ORD-00647,10/15/2020,CUST97230,Vikram Bose,55,Other,North,Chandigarh,Beauty,Shampoo,4,2079.07,0.31,4372.2,2080.88,20.39,UPI,4,TRUE,Returned,3
ORD-00646,10/15/2020,CUST29116,Shreya Gupta,30,Male,East,Guwahati,Sports,Football,7,14669.86,0.03,88163.95,19639.12,61,EMI,5,FALSE,Delivered,2
ORD-00645,10/15/2020,CUST20584,Sanjay Nair,38,Female,East,Kolkata,Books,Self-Help Book,9,1306.28,0.21,8262.31,4280.66,74.54,Net Banking,1,FALSE,Delivered,4
ORD-00644,10/14/2020,CUST94203,Sanjay Nair,34,Other,Central,Bhopal,Furniture,Bed Frame,4,22879.02,0.1,63905.82,18612.63,53.94,Cash on Delivery,1,FALSE,Cancelled,6
ORD-00643,10/14/2020,CUST54148,Aarav Kapoor,44,Male,Central,Nagpur,Beauty,Hair Oil,10,447.27,0.15,2458.7,1150.13,45.79,Net Banking,4,FALSE,delivered,5
ORD-00642,10/13/2020,CUST75414,Arjun Mishra,35,Male,North,Ludhiana,Electronics,Tablet,7,42976.47,0.32,173058.34,20091.83,60.6,Cash on Delivery,1,FALSE,Delivered,2
ORD-00641,10/13/2020,CUST42461,Vikram Verma,26,Other,Central,Indore,Sports,Cycle,10,2882,0.03,25085.42,5947.27,58.31,EMI,5,FALSE,Delivered,9
ORD-00640,10/13/2020,CUST33864,Sanjay Kumar,13,Other,Central,Indore,Books,Comic Book,3,785.45,0.12,1714.83,820.64,65.35,UPI,2,TRUE,Returned,1
ORD-00639,10/12/2020,CUST32361,Kavya Joshi,29,Other,South,Chennai,Clothing,Jacket,9,3720.46,0.2,25352.89,8663.42,69.62,EMI,3,FALSE,Delivered,10
ORD-00638,12/10/2020,CUST17767,Meera Chatterjee,37,Female,East,Patna,Electronics,Smartwatch,10,23990.02,0.11,188453.46,26897.47,73.32,Cash on Delivery,4,FALSE,delivered,8
ORD-00636,10/11/2020,CUST37768,Vikram Iyer,10,Female,Central,Indore,Books,Comic Book,1,1078.1,0.04,862.77,356.63,30.25,UPI,4,FALSE,Delivered,6
ORD-00635,10/11/2020,CUST99442,Priya Singh,15,Male,Central,Raipur,Beauty,Lipstick,5,453.47,0.26,1615.85,704.58,30.43,Net Banking,1,FALSE,Delivered,6
ORD-00634,10/11/2020,CUST01277,Sanjay Iyer,22,Female,West,Surat,Furniture,Bookshelf,7,34455.92,0.28,149044.86,39164.43,54.2,Debit Card,3,FALSE,Delivered,7
ORD-00633,10/11/2020,CUST53440,Nisha Sharma,44,Male,East,Kolkata,Groceries,Dal (1kg),4,311.1,0.01,1035.45,92.22,75.24,UPI,2,FALSE,Delivered,1
ORD-00632,10/10/2020,CUST42307,Arjun Kumar,25,Female,Central,Bhopal,Furniture,Wardrobe,1,23097.37,0.34,12857.46,4344.32,107.34,Cash on Delivery,5,FALSE,Delivered,2
ORD-00631,10/10/2020,CUST25609,Ananya Sharma,60,Male,North,Amritsar,Books,Biography,4,902.54,0.33,1938.35,751.4,75.5,EMI,1,FALSE,Delivered,2
ORD-00626,10/7/2020,CUST10712,Rohan Kapoor,38,Female,North,Chandigarh,Groceries,Dal (1kg),4,372.01,0.37,823.95,59.95,38.48,EMI,4,FALSE,Pending,8
ORD-00624,10/6/2020,CUST07175,Kavya Joshi,44,Male,East,Kolkata,Electronics,Smartwatch,8,67654.44,0.02,436216.85,54905.07,62.12,EMI,2,FALSE,Pending,6
ORD-00623,10/6/2020,CUST24662,Kavya Joshi,36,Other,Central,Raipur,Groceries,Rice (5kg),8,498.13,0.2,2870.12,226.32,36.47,UPI,4,TRUE,Returned,6
ORD-00622,10/5/2020,CUST27267,Kavya Pillai,27,Male,North,Delhi,Beauty,Shampoo,2,662.8,0.3,887.58,508.29,51.48,Credit Card,2,FALSE,Delivered,10
ORD-00621,10/5/2020,CUST05543,Vikram Bose,32,Female,West,Ahmedabad,Electronics,Camera,6,25397.18,0.27,82799.59,14030.93,71.52,Credit Card,4,FALSE,Delivered,3
ORD-00620,10/4/2020,CUST68733,Amit Patel,55,Male,South,Hyderabad,Groceries,Dal (1kg),9,410.87,0.09,3133.82,346.09,74.58,Debit Card,5,TRUE,Returned,6
ORD-00618,10/3/2020,CUST23090,Kavya Iyer,43,Other,West,Mumbai,Books,Fiction Novel,5,1447.22,0.08,4844.51,2794.08,69.42,UPI,5,FALSE,Delivered,2
ORD-00617,10/3/2020,CUST56731,Rohan Bhat,52,Female,South,Bangalore,Electronics,Smartwatch,4,72305.61,0.03,221219.87,28168.08,54.29,Debit Card,4,TRUE,Returned,10
ORD-00616,10/3/2020,CUST54063,Karan Mishra,37,Female,West,Ahmedabad,Groceries,Sugar,1,128.76,0.29,74.65,6.89,68.06,EMI,2,FALSE,Delivered,1
ORD-00615,10/3/2020,CUST47101,Sanjay Shah,18,Other,Central,Raipur,Electronics,Headphones,7,37436.56,0.37,134393.01,20949.87,52.14,UPI,2,FALSE,Delivered,10
ORD-00613,10/1/2020,CUST52615,Meera Chatterjee,39,Other,Central,Nagpur,Books,Self-Help Book,8,479.33,0.17,2895.46,1623.81,57.89,Net Banking,4,FALSE,Delivered,8
ORD-00612,9/30/2020,CUST14600,Sanjay Kumar,46,Other,West,Surat,Sports,Dumbbells,2,1417.62,0.33,1983.4,404.4,38.22,UPI,1,FALSE,Delivered,4
ORD-00611,9/29/2020,CUST98921,Pooja Joshi,54,Male,South,Kochi,Furniture,Sofa,10,2744.45,0.38,17674.13,7107.97,63.51,Cash on Delivery,4,FALSE,Delivered,1
ORD-00610,9/29/2020,CUST16419,Nisha Mehta,31,Male,South,Chennai,Beauty,Sunscreen,6,1767.5,0.05,10129.66,6354.06,91.71,Cash on Delivery,3,FALSE,Delivered,10
ORD-00609,9/29/2020,CUST16346,Pooja Patel,55,Female,West,Surat,Electronics,Camera,1,22610.21,0.08,20431.16,2517.07,48.04,Net Banking,4,FALSE,Delivered,5
ORD-00608,9/28/2020,CUST06194,Nisha Joshi,24,Male,North,Chandigarh,Groceries,Dal (1kg),6,56.45,0.07,342.17,22.1,41.2,UPI,2,TRUE,Returned,6
ORD-00605,9/26/2020,CUST07202,Amit Shah,39,Other,South,Hyderabad,Beauty,Shampoo,7,387.9,0.09,2585.03,1269.63,57.88,EMI,1,FALSE,Pending,3
ORD-00604,9/26/2020,CUST47446,Arjun Gupta,23,Other,East,Guwahati,Furniture,Desk,4,10669.95,0.36,27756.98,9717.32,73.78,EMI,1,FALSE,Delivered,2
ORD-00603,9/26/2020,CUST11712,Deepa Nair,44,Male,Central,Raipur,Beauty,Face Cream,9,2256.35,0.31,13508.5,7604.3,80.48,Cash on Delivery,5,TRUE,Returned,2
ORD-00602,9/26/2020,CUST38438,Priya Das,50,Other,South,Bangalore,Groceries,Flour,9,60.08,0.36,346.37,13.3,67.3,UPI,4,FALSE,delivered,3
ORD-00601,9/25/2020,CUST39660,Priya Pillai,53,Male,South,Kochi,Books,Textbook,7,298.01,0.2,1735.77,683.51,71.67,EMI,2,TRUE,Returned,2
ORD-00600,9/25/2020,CUST85593,Aarav Mishra,33,Male,West,Pune,Books,Self-Help Book,2,1462.19,0.35,2078.34,1202.05,78.54,Cash on Delivery,5,FALSE,Delivered,2
ORD-00599,24/09/2020,CUST89927,Ritu Mehta,35,Other,West,Surat,Electronics,Laptop,7,32603.73,0.22,175205.59,16796.74,53.05,Net Banking,5,FALSE,Delivered,5
ORD-00596,9/24/2020,CUST30793,Shreya Mehta,29,Male,North,Chandigarh,Beauty,Face Cream,2,2372.24,0.18,3450.53,1389.92,51.38,EMI,5,FALSE,Delivered,1
ORD-00595,9/24/2020,CUST82726,Karan Rao,15,Other,North,Amritsar,Electronics,Laptop,6,51445.76,0.28,189220.35,22619.43,67.8,Credit Card,2,FALSE,Delivered,5
ORD-00594,9/22/2020,CUST06050,Ananya Mishra,37,Male,North,Amritsar,Clothing,T-Shirt,2,2579.57,0.02,5743.74,1991.02,37.72,EMI,4,FALSE,Delivered,1
ORD-00591,9/21/2020,CUST49777,Pooja Shah,33,Female,South,Hyderabad,Groceries,Tea,1,389.24,0.23,313.86,22.71,66.8,Net Banking,5,FALSE,delivered,10
ORD-00589,9/20/2020,CUST18414,Sanjay Reddy,24,Other,North,Delhi,Clothing,Dress,4,3802.14,0.16,11713.77,4073.09,63.7,Credit Card,4,FALSE,delivered,10
ORD-00588,9/19/2020,CUST24071,Pooja Joshi,40,Male,West,Ahmedabad,Beauty,Shampoo,3,2164.72,0.31,3914.75,2019.53,42.56,Cash on Delivery,1,FALSE,Shipped,7
ORD-00587,9/19/2020,CUST69337,Sunita Shah,30,Female,Central,Indore,Electronics,Tablet,10,5927.03,0.37,41239.82,4624.52,77.35,Cash on Delivery,4,FALSE,Delivered,4
ORD-00586,9/19/2020,CUST86530,Nikhil Das,40,Male,East,Patna,Sports,Yoga Mat,9,3643.69,0.07,28799.52,3724.9,81.76,Credit Card,4,FALSE,Delivered,8
ORD-00585,9/18/2020,CUST92797,Kavya Pillai,33,Other,South,Bangalore,Electronics,Camera,6,51958.82,0.09,296590.44,46515.89,67.94,UPI,5,FALSE,Pending,3
ORD-00584,9/18/2020,CUST21732,Nikhil Nair,15,Other,West,Surat,Sports,Yoga Mat,8,5733.61,0.13,40572.08,10225.36,74.43,Net Banking,1,FALSE,Delivered,3
ORD-00583,9/17/2020,CUST16103,Sunita Nair,31,Female,West,Ahmedabad,Books,Cook Book,7,477.86,0.36,2149.26,674.69,44.92,Net Banking,3,FALSE,Delivered,3
ORD-00582,9/17/2020,CUST42583,Nisha Rao,31,Other,South,Bangalore,Books,Cook Book,1,587.49,0.09,560.43,178.2,82.7,Debit Card,3,FALSE,Delivered,6
ORD-00581,9/17/2020,CUST52841,Priya Rao,35,Female,Central,Bhopal,Clothing,Jeans,8,3110.11,0.05,22849.8,7429.85,59.8,EMI,5,FALSE,Delivered,1
ORD-00580,9/17/2020,CUST77116,Deepa Chatterjee,55,Male,South,Bangalore,Electronics,Camera,10,74981.27,0.04,822702.48,98591.29,90.58,Debit Card,1,TRUE,Returned,5
ORD-00579,9/16/2020,CUST24871,Kavya Reddy,24,Other,North,Delhi,Electronics,Laptop,9,34058.9,0.13,239614.28,26529.36,35.69,Debit Card,5,FALSE,Pending,5
ORD-00577,9/15/2020,CUST53381,Aditya Pillai,54,Other,Central,Raipur,Sports,Cycle,8,10241.77,0.29,61888.65,13264.84,67.15,Debit Card,1,TRUE,Returned,6
ORD-00576,9/15/2020,CUST60901,Amit Mishra,38,Male,North,Delhi,Furniture,Bookshelf,10,2950.98,0.23,23921.04,3847.48,-4.29,Credit Card,3,FALSE,delivered,9
ORD-00575,9/14/2020,CUST39101,Sunita Mehta,32,Other,East,Guwahati,Furniture,Bookshelf,7,5932.53,0.39,23093.12,8164.97,84.41,UPI,3,FALSE,Delivered,1
ORD-00574,9/14/2020,CUST90504,Aarav Sharma,16,Female,West,Pune,Furniture,Sofa,3,8460.49,0.16,19748.43,6671.85,38.06,Cash on Delivery,3,FALSE,Delivered,3
ORD-00572,9/12/2020,CUST64941,Amit Nair,46,Other,North,Ludhiana,Sports,Yoga Mat,2,7907.75,0.23,11417.09,2439.26,30.79,UPI,4,FALSE,Pending,10
ORD-00571,9/10/2020,CUST29775,Deepa Sharma,16,Other,Central,Raipur,Books,Biography,1,565.12,0.08,539.57,249.41,49.52,UPI,4,FALSE,Delivered,4
ORD-00570,9/10/2020,CUST24704,Kavya Iyer,47,Other,South,Chennai,Sports,Cricket Bat,1,13770.41,0.07,14059.26,2621.88,56.12,UPI,1,FALSE,Cancelled,7
ORD-00569,9/10/2020,CUST30901,Ananya Kumar,49,Male,Central,Nagpur,Clothing,Dress,9,1086.28,0.01,10096.41,2991.15,60.79,UPI,5,FALSE,Shipped,5
ORD-00568,9/10/2020,CUST35377,Amit Reddy,49,Female,West,Ahmedabad,Furniture,Bed Frame,9,31653.11,0.37,185665.67,62381.83,74.88,Debit Card,3,FALSE,Delivered,2
ORD-00567,9/9/2020,CUST22945,Meera Kumar,52,Female,South,Kochi,Books,Fiction Novel,9,955.64,0.15,8375.59,2836.26,75.79,Credit Card,4,FALSE,Pending,9
ORD-00565,9/9/2020,CUST05627,Aarav Kumar,37,Female,West,Surat,Sports,Cricket Bat,1,3528.13,0.38,2038.22,420.96,53.63,Credit Card,1,TRUE,Returned,6
ORD-00564,9/7/2020,CUST18845,Sunita Reddy,37,Male,Central,Nagpur,Sports,Cricket Bat,8,1081.89,0.17,7052.66,1691.65,68.34,Net Banking,3,FALSE,Delivered,7
ORD-00562,9/6/2020,CUST35414,Rohan Joshi,39,Female,West,Surat,Beauty,Lipstick,6,1280.84,0.23,5974.92,2678.22,72.99,Net Banking,3,FALSE,Delivered,1
ORD-00561,9/6/2020,CUST12729,Amit Kumar,36,Male,East,Guwahati,Books,Comic Book,8,224.05,0.35,1031.47,454.3,63.62,Cash on Delivery,3,FALSE,Delivered,6
ORD-00560,9/6/2020,CUST38172,Arjun Singh,19,Other,East,Kolkata,Furniture,Bookshelf,5,26946.78,0.1,111598.98,37815.29,80.01,UPI,3,FALSE,Cancelled,6
ORD-00559,9/5/2020,CUST34558,Amit Bhat,46,Other,West,Mumbai,Clothing,Jeans,8,2151.16,0.12,15432.22,4651.88,67.35,Cash on Delivery,4,TRUE,Returned,4
ORD-00558,9/5/2020,CUST39230,Amit Gupta,33,Female,Central,Bhopal,Electronics,Smartphone,4,61889.58,0.28,188994.43,30756.01,79.61,EMI,2,FALSE,Delivered,5
ORD-00555,9/3/2020,CUST68739,Deepa Chatterjee,27,Other,West,Surat,Electronics,Camera,5,56264.15,0.28,197944.28,23405.15,58.56,Credit Card,4,FALSE,Delivered,8
ORD-00554,9/3/2020,CUST69638,Deepa Das,25,Other,North,Amritsar,Beauty,Lipstick,9,644.98,0.25,4487.87,1995.62,37.32,Credit Card,5,FALSE,Delivered,5
ORD-00553,9/2/2020,CUST75347,Nisha Singh,15,Other,North,Ludhiana,Groceries,Dal (1kg),3,101.86,0.13,278.9,25.03,47.2,Net Banking,5,FALSE,Delivered,7
ORD-00550,8/31/2020,CUST21538,Rahul Rao,55,Male,South,Hyderabad,Sports,Dumbbells,4,9806.37,0.07,42952.69,11804.27,84.11,Credit Card,2,FALSE,Delivered,3
ORD-00549,8/31/2020,CUST39184,Arjun Nair,27,Other,East,Guwahati,Groceries,Sugar,1,295.3,0.1,375.59,17.33,91.95,Credit Card,5,FALSE,Delivered,9
ORD-00548,8/30/2020,CUST25946,Aarav Gupta,27,Female,Central,Indore,Groceries,Cooking Oil,1,387.88,0.39,293.72,15.64,65.68,Credit Card,4,FALSE,Delivered,7
ORD-00547,8/30/2020,CUST60580,Vikram Nair,53,Female,South,Bangalore,Furniture,Sofa,8,13159.22,0.18,82824.15,28653.14,55.64,Credit Card,4,TRUE,Returned,8
ORD-00546,8/29/2020,CUST11171,Kavya Gupta,35,Female,West,Pune,Books,Self-Help Book,8,318.51,0.31,1966.41,790.49,72.37,Debit Card,5,FALSE,Shipped,9
ORD-00545,8/29/2020,CUST34020,Kavya Iyer,19,Male,East,Guwahati,Electronics,Smartwatch,3,17253.63,0.05,55070.91,5633.84,79.99,Net Banking,5,FALSE,Delivered,6
ORD-00544,29/08/2020,CUST71958,Kavya Mehta,14,Other,North,Ludhiana,Electronics,Laptop,2,15493.36,0.01,34301.93,4274.11,76.48,Net Banking,3,FALSE,Delivered,9
ORD-00542,8/29/2020,CUST19508,Arjun Rao,28,Male,West,Pune,Electronics,Smartwatch,0,9189.44,0.19,8306.29,916.95,59.91,Debit Card,4,FALSE,Delivered,5
ORD-00539,8/25/2020,CUST19345,Ananya Pillai,53,Other,Central,Indore,Clothing,Jacket,999,2567.4,0.31,2281458.22,899209.6,74.46,EMI,3,FALSE,Delivered,5
ORD-00538,8/25/2020,CUST99927,Nikhil Kapoor,41,Female,Central,Raipur,Groceries,Flour,5,195.75,0.23,857.03,70.85,48.01,Cash on Delivery,1,TRUE,Returned,7
ORD-00536,8/24/2020,CUST36425,Nikhil Bose,20,Female,North,Ludhiana,Clothing,Jacket,10,3376.68,0.25,25205.24,7511.03,52.49,EMI,2,FALSE,Delivered,6
ORD-00535,8/24/2020,CUST13641,Nikhil Sharma,48,Male,West,Mumbai,Furniture,Bed Frame,9,17744.35,0.29,136831.28,36127.08,59.78,Credit Card,4,FALSE,Delivered,9
ORD-00533,8/23/2020,CUST56679,Shreya Sharma,33,Other,North,Ludhiana,Clothing,Saree,-1,774.58,0.31,670.73,287.27,49.67,UPI,3,FALSE,Delivered,6
ORD-00532,8/23/2020,CUST60381,Vikram Mishra,41,Male,North,Chandigarh,Books,Biography,10,788.79,0.14,7024.12,3794.94,48.05,Net Banking,2,FALSE,delivered,9
ORD-00531,8/22/2020,CUST56061,Aarav Iyer,33,Female,Central,Raipur,Furniture,Bookshelf,1,11106.33,0.21,9670.53,3146.8,21.75,EMI,3,FALSE,Delivered,4
ORD-00530,8/22/2020,CUST91144,Sanjay Iyer,29,Male,East,Patna,Beauty,Lipstick,1,357.7,0.24,286.61,137.45,95.23,Credit Card,3,FALSE,Delivered,1
ORD-00529,22/08/2020,CUST06871,Arjun Sharma,27,Female,South,Chennai,Sports,Football,7,9110.75,0.25,47812.7,10019.9,90.53,Credit Card,2,FALSE,Delivered,7
ORD-00528,8/21/2020,CUST94563,Amit Das,56,Male,East,Bhubaneswar,Clothing,Dress,5,2614.79,0.12,12884.93,2796.07,55.45,Credit Card,4,TRUE,Returned,9
ORD-00527,8/20/2020,CUST81582,Karan Pillai,46,Male,East,Bhubaneswar,Electronics,Tablet,1,39870.46,0.14,42279.37,4768.46,76.58,Debit Card,4,FALSE,Delivered,1
ORD-00525,8/20/2020,CUST73074,Rohan Mehta,33,Female,South,Hyderabad,Clothing,Jacket,1,392.55,0.07,420.97,161.71,71.09,Credit Card,5,FALSE,Pending,4
ORD-00524,8/19/2020,CUST71429,Shreya Shah,26,Female,Central,Bhopal,Electronics,Tablet,1,24574.09,0.31,18570.7,1618.66,51.33,Net Banking,2,TRUE,Returned,9
ORD-00522,8/19/2020,CUST28496,Ritu Gupta,49,Female,South,Hyderabad,Furniture,Desk,3,28093.41,0.11,80865.4,14166.32,69.8,Net Banking,3,TRUE,Returned,3
ORD-00521,8/18/2020,CUST03527,Arjun Rao,16,Male,East,Bhubaneswar,Clothing,Saree,8,3254.74,0.38,17118.02,5544.03,75.02,Credit Card,2,TRUE,Returned,4
ORD-00520,8/18/2020,CUST37089,Meera Kapoor,49,Other,West,Mumbai,Books,Fiction Novel,1,1155.88,0.37,743.9,208.47,59.74,Debit Card,4,FALSE,Delivered,1
ORD-00519,18/08/2020,CUST46240,Sanjay Mishra,21,Male,Central,Indore,Sports,Tennis Racket,4,2245.26,0.05,10562.68,1551.12,67.36,Net Banking,1,FALSE,Delivered,8
ORD-00518,8/18/2020,CUST53973,Rohan Pillai,22,Male,East,Patna,Books,Self-Help Book,10,1445,0.31,12763.71,3313.53,74.73,Net Banking,4,FALSE,Delivered,3
ORD-00516,8/16/2020,CUST07356,Aditya Kumar,35,Male,South,Hyderabad,Groceries,Cooking Oil,10,322.15,0.26,2631.92,219.32,72.89,EMI,4,FALSE,Delivered,5
ORD-00515,8/15/2020,CUST29764,Ritu Patel,58,Female,North,Amritsar,Clothing,Jacket,9,3838.67,0.38,25652.22,9320.76,35.65,Credit Card,2,TRUE,Returned,8
ORD-00514,8/15/2020,CUST86166,Shreya Rao,48,Other,Central,Indore,Furniture,Bed Frame,2,17924.25,0.15,40170.17,13769.68,75.45,Cash on Delivery,5,FALSE,Delivered,10
ORD-00513,8/14/2020,CUST92623,Deepa Kapoor,44,Male,North,Delhi,Clothing,Kurta,8,310.3,0.25,2033.35,737.69,67.74,Credit Card,2,FALSE,Delivered,1
ORD-00512,8/14/2020,CUST98505,Shreya Das,27,Female,East,Guwahati,Beauty,Face Cream,2,1236.47,0.14,2416.41,1007.86,85.88,UPI,3,FALSE,Delivered,8
ORD-00510,8/14/2020,CUST90008,Deepa Nair,39,Other,North,Amritsar,Groceries,Dal (1kg),7,406.08,0.37,2000.38,109.82,1.6,Credit Card,5,FALSE,Delivered,7
ORD-00509,8/13/2020,CUST37820,Pooja Bhat,22,Other,Central,Bhopal,Books,Textbook,7,286.07,0.28,1349.48,474.55,52.35,Cash on Delivery,3,FALSE,Delivered,4
ORD-00508,8/13/2020,CUST12889,Priya Verma,21,Other,West,Surat,Groceries,Sugar,10,321.17,0.36,2171.58,181.47,51.28,Net Banking,5,FALSE,Delivered,1
ORD-00507,8/13/2020,CUST46786,Aditya Shah,31,Other,South,Chennai,Sports,Yoga Mat,6,1678.96,0.12,10018.4,2148.34,65.84,Cash on Delivery,5,FALSE,Delivered,2
ORD-00506,8/12/2020,CUST53218,Vikram Gupta,23,Other,North,Chandigarh,Electronics,Headphones,8,61264.42,0.05,463985.67,82726.06,50.65,Credit Card,2,TRUE,Returned,7
ORD-00505,12/8/2020,CUST37735,Kavya Mehta,51,Other,East,Bhubaneswar,Electronics,Tablet,8,43322.03,0.27,257970.06,20962.59,81.23,Credit Card,5,FALSE,Cancelled,3
ORD-00504,8/11/2020,CUST76030,Nisha Verma,37,Other,West,Ahmedabad,Clothing,Dress,10,2383.2,0.23,19650.37,10442.57,79.75,Credit Card,2,FALSE,Shipped,10
ORD-00503,8/11/2020,CUST41086,Ananya Kumar,38,Male,South,Hyderabad,Sports,Football,10,12293.17,0.28,106448.38,22757.35,56.34,EMI,4,FALSE,delivered,6
ORD-00502,10/8/2020,CUST52899,Shreya Kapoor,32,Other,West,Pune,Sports,Football,6,10767.52,0.2,51595.93,13803.27,52.86,UPI,3,FALSE,Shipped,9
ORD-00500,8/7/2020,CUST80941,Ananya Sharma,56,Male,South,Chennai,Sports,Yoga Mat,10,10625.78,0.17,105870.48,26797.52,51.49,Cash on Delivery,5,FALSE,Delivered,8
ORD-00499,8/7/2020,CUST68621,Sunita Nair,50,Other,East,Kolkata,Groceries,Cooking Oil,4,299.75,0.01,1339.61,109.11,106.26,EMI,2,FALSE,Cancelled,7
ORD-00498,8/6/2020,CUST22854,Arjun Patel,37,Female,South,Chennai,Beauty,Lipstick,4,1620.93,0,7373.98,3625.25,54.81,UPI,4,FALSE,Cancelled,6
ORD-00497,8/5/2020,CUST61540,Deepa Gupta,22,Male,Central,Indore,Furniture,Wardrobe,9,9703.47,0.12,91868.53,20614.96,74.73,Credit Card,1,FALSE,Delivered,7
ORD-00496,8/5/2020,CUST35738,Nikhil Verma,44,Other,East,Bhubaneswar,Furniture,Bookshelf,6,10121.63,0.2,61938.25,19909.16,79.23,UPI,1,FALSE,Shipped,2
ORD-00495,8/5/2020,CUST95892,Vikram Gupta,40,Other,East,Guwahati,Groceries,Rice (5kg),4,57.97,0.1,258.54,16.67,74.15,Net Banking,3,FALSE,Delivered,9
ORD-00494,4/8/2020,CUST45768,Amit Joshi,34,Male,West,Pune,Books,Self-Help Book,3,679.81,0.14,1958.24,663.49,49.8,Net Banking,4,FALSE,Delivered,3
ORD-00493,8/4/2020,CUST79400,Meera Shah,52,Other,West,Mumbai,Furniture,Wardrobe,3,14320.7,0.28,33717.7,8980.94,51.39,Debit Card,1,FALSE,delivered,3
ORD-00492,8/4/2020,CUST93700,Deepa Chatterjee,26,Other,North,Amritsar,Sports,Football,7,8179.73,0.1,61790.38,13078.48,40.31,Credit Card,1,FALSE,Delivered,1
ORD-00491,8/4/2020,CUST01461,Priya Kumar,28,Male,East,Patna,Sports,Dumbbells,10,9368.59,0.14,92987.57,23130.27,86.8,Net Banking,3,FALSE,Delivered,2
ORD-00490,8/4/2020,CUST00642,Kavya Das,40,Male,South,Chennai,Furniture,Wardrobe,5,12250.19,0.32,45443.23,11573.16,71.75,EMI,3,FALSE,Delivered,6
ORD-00489,8/3/2020,CUST85726,Ritu Verma,34,Male,Central,Raipur,Electronics,Tablet,2,52363.15,0.25,89225.91,14474.33,45.26,Net Banking,2,FALSE,Pending,9
ORD-00488,8/3/2020,CUST37691,Vikram Iyer,6,Female,West,Pune,Groceries,Dal (1kg),5,237.36,0.18,1026.71,69.95,52.18,EMI,3,FALSE,Delivered,9
ORD-00487,8/3/2020,CUST82166,Shreya Gupta,36,Female,North,Amritsar,Clothing,Jeans,1,2218.42,0.01,2825.18,885.38,25.22,Net Banking,2,FALSE,Delivered,6
ORD-00486,8/3/2020,CUST70631,Arjun Kapoor,42,Other,South,Hyderabad,Books,Comic Book,8,989.77,0.36,5866.43,2254.31,76.76,Cash on Delivery,5,FALSE,Pending,1
ORD-00484,8/1/2020,CUST47442,Sunita Shah,47,Female,South,Hyderabad,Books,Fiction Novel,1,658.73,0.32,486.04,224.09,56.27,Net Banking,1,FALSE,Cancelled,10
ORD-00483,8/1/2020,CUST65437,Deepa Verma,20,Female,Central,Bhopal,Beauty,Shampoo,7,1269.11,0.2,8655.36,3040.64,22.45,Net Banking,3,FALSE,Delivered,5
ORD-00481,8/1/2020,CUST68644,Sunita Verma,19,Male,North,Amritsar,Clothing,Dress,9,2544.25,0.11,21015.96,7378.5,50.92,Net Banking,2,TRUE,Returned,2
ORD-00480,7/31/2020,CUST64893,Nikhil Kumar,41,Female,West,Surat,Beauty,Sunscreen,1,765.68,0.21,780.12,338.31,66.83,Cash on Delivery,4,FALSE,Delivered,1
ORD-00479,7/31/2020,CUST08721,Priya Joshi,28,Female,West,Ahmedabad,Clothing,Jacket,8,3369.18,0.05,29990.07,10760.08,65.1,UPI,3,FALSE,delivered,10
ORD-00478,7/31/2020,CUST17040,Ritu Shah,43,Other,West,Pune,Clothing,T-Shirt,10,2139.09,0.23,21182.67,8554.34,72.73,Cash on Delivery,2,FALSE,Delivered,8
ORD-00476,7/29/2020,CUST99185,Rahul Das,46,Female,West,Surat,Clothing,T-Shirt,7,359.64,0.12,2673.78,1271.43,58.05,Debit Card,3,FALSE,Delivered,3
ORD-00475,7/28/2020,CUST88974,Arjun Reddy,48,Other,East,Patna,Clothing,Saree,6,3799.36,0.28,19572.07,5911.72,88.51,Net Banking,3,FALSE,Shipped,5
ORD-00474,7/28/2020,CUST88672,Deepa Verma,0,Male,South,Bangalore,Beauty,Hair Oil,8,2272.77,0.07,19727.54,5229.53,85.45,Debit Card,1,FALSE,Shipped,6
ORD-00473,7/28/2020,CUST19554,Arjun Mehta,34,Male,West,Mumbai,Furniture,Chair,1,16334.58,0.09,20183.9,5249.68,61.69,Cash on Delivery,5,FALSE,cancelled,10
ORD-00472,7/27/2020,CUST21284,Aarav Joshi,44,Other,East,Patna,Groceries,Flour,1,117.22,0.26,124.38,11.08,84.2,Credit Card,2,FALSE,Delivered,5
ORD-00471,7/26/2020,CUST70383,Vikram Bose,46,Female,North,Delhi,Electronics,Smartphone,7,64119.9,0.37,328579.52,27779.3,23.56,Credit Card,4,FALSE,Shipped,3
ORD-00470,7/26/2020,CUST56203,Rohan Mehta,47,Other,East,Patna,Books,Comic Book,8,744.9,0.28,6083.41,2337.37,84.44,Debit Card,2,FALSE,Delivered,100
ORD-00469,7/26/2020,CUST18174,Meera Reddy,36,Male,North,Amritsar,Groceries,Sugar,7,118.71,0.24,795.47,48.6,62.14,UPI,5,FALSE,Delivered,1
ORD-00468,7/26/2020,CUST87073,Arjun Nair,7,Male,East,Patna,Furniture,Bookshelf,7,17299.59,0.09,138425.43,43383.64,92.91,EMI,1,FALSE,Delivered,3
ORD-00467,7/25/2020,CUST24562,Aarav Shah,23,Male,North,Chandigarh,Groceries,Sugar,8,445.99,0.24,3881.14,281.9,72.48,Debit Card,2,FALSE,Delivered,9
ORD-00466,7/24/2020,CUST73065,Priya Das,35,Female,Central,Nagpur,Clothing,T-Shirt,1,2855.2,0.19,3015.82,1580.35,65.12,Cash on Delivery,1,FALSE,Delivered,1
ORD-00465,7/24/2020,CUST23609,Aditya Patel,44,Female,East,Patna,Books,Self-Help Book,8,495.77,0.37,2828.82,1338.88,84.5,Debit Card,1,FALSE,Cancelled,10
ORD-00464,7/23/2020,CUST22675,Priya Kumar,46,Other,West,Mumbai,Furniture,Bookshelf,6,12344.66,0.02,93910.03,32713,34.26,Credit Card,2,FALSE,Delivered,6
ORD-00463,7/23/2020,CUST44133,Karan Reddy,44,Other,Central,Raipur,Beauty,Perfume,2,988.43,0.35,1781.6,923.82,48.48,Credit Card,1,FALSE,Cancelled,5
ORD-00462,7/21/2020,CUST21355,Rohan Singh,15,Male,North,Chandigarh,Furniture,Bookshelf,6,13817.71,0.04,89542.82,19508.64,43.47,Net Banking,5,FALSE,Delivered,3
ORD-00461,7/21/2020,CUST87839,Priya Kumar,36,Other,North,Ludhiana,Sports,Yoga Mat,6,11043.66,0.36,52329.61,10394.78,45.19,UPI,1,FALSE,Delivered,3
ORD-00460,7/21/2020,CUST75610,Amit Shah,41,Female,North,Delhi,Sports,Cycle,5,14409.79,0.06,88266,14684.99,44.5,EMI,5,FALSE,Delivered,8
ORD-00459,7/20/2020,CUST05833,Pooja Mehta,28,Male,East,Bhubaneswar,Sports,Yoga Mat,7,10622.1,0.23,72296.8,14967.8,76.84,Cash on Delivery,3,FALSE,Delivered,10
ORD-00457,7/20/2020,CUST62741,Meera Pillai,39,Male,West,Pune,Books,Comic Book,6,214.61,0.1,1705.11,803.75,59.79,Net Banking,1,TRUE,Returned,5
ORD-00456,7/20/2020,CUST76466,Nikhil Singh,56,Female,Central,Raipur,Groceries,Rice (5kg),8,353.32,0.31,2484.78,174.59,72.56,Net Banking,3,FALSE,Shipped,5
ORD-00455,7/19/2020,CUST20908,Vikram Mehta,37,Female,South,Kochi,Electronics,Smartwatch,10,61673.76,0.15,681333.41,90844.4,76.69,Cash on Delivery,3,FALSE,Delivered,7
ORD-00454,7/19/2020,CUST32184,Kavya Mishra,27,Male,East,Patna,Groceries,Cooking Oil,1,456.21,0.05,516.4,43.61,72.68,UPI,4,FALSE,Delivered,2
ORD-00453,7/19/2020,CUST16095,Sunita Das,14,Female,West,Ahmedabad,Clothing,T-Shirt,5,526.99,0.37,2143.91,931.96,36.77,Debit Card,2,FALSE,Delivered,5
ORD-00451,7/17/2020,CUST68161,Shreya Chatterjee,21,Female,North,Delhi,Electronics,Camera,6,71791.71,0.22,410825.53,46770.76,45.98,EMI,4,FALSE,Delivered,1
ORD-00450,7/17/2020,CUST20483,Kavya Iyer,29,Other,South,Chennai,Furniture,Wardrobe,10,9945.43,0.24,94093.98,30233.13,76.34,Credit Card,3,FALSE,Delivered,10
ORD-00449,7/16/2020,CUST70202,Aditya Gupta,41,Male,Central,Nagpur,Clothing,Dress,8,1227.51,0.31,7184.61,2117.53,55.16,Credit Card,5,FALSE,Delivered,2
ORD-00448,7/16/2020,CUST82556,Kavya Verma,45,Other,Central,Raipur,Groceries,Tea,3,338.27,0.21,1105.54,91.98,65.89,Debit Card,3,FALSE,Pending,1
ORD-00447,7/16/2020,CUST75670,Kavya Mehta,20,Other,East,Patna,Books,Biography,4,585.03,0.39,1538.2,656.23,105.88,Net Banking,5,FALSE,Delivered,1
ORD-00446,7/16/2020,CUST01334,Nikhil Rao,22,Other,South,Chennai,Furniture,Desk,3,7359.98,0.26,18237.3,4022.85,82.84,Credit Card,1,FALSE,Delivered,8
ORD-00445,7/16/2020,CUST52068,Deepa Reddy,48,Male,East,Guwahati,Electronics,Smartphone,10,19028.6,0.16,211424.88,15185.24,90.95,UPI,4,FALSE,Delivered,7
ORD-00444,7/14/2020,CUST81670,Sunita Joshi,31,Male,Central,Bhopal,Books,Fiction Novel,4,1113.43,0.15,4962.42,2141.31,34.15,EMI,1,FALSE,Delivered,7
ORD-00443,7/14/2020,CUST99270,Sanjay Iyer,44,Other,North,Ludhiana,Sports,Tennis Racket,5,14604.49,0.14,84861.96,20545.89,79.68,UPI,5,FALSE,Delivered,4
ORD-00442,7/14/2020,CUST98850,Deepa Verma,49,Female,East,Guwahati,Clothing,Jacket,6,831.4,0.21,4736.01,1752.33,85.94,UPI,3,FALSE,Delivered,1
ORD-00441,7/12/2020,CUST63862,Sunita Kapoor,26,Other,East,Patna,Sports,Cricket Bat,2,1653.6,0.04,4503.3,970.42,65.98,UPI,2,FALSE,Cancelled,9
ORD-00439,7/12/2020,CUST45071,Aditya Nair,22,Male,West,Ahmedabad,Groceries,Cooking Oil,2,379.2,0.2,658.39,27.25,67.65,UPI,1,FALSE,Delivered,7
ORD-00438,7/12/2020,CUST95274,Priya Shah,26,Female,Central,Nagpur,Groceries,Tea,9,367.82,0.37,2214.56,189.16,74.74,Debit Card,3,FALSE,Delivered,9
ORD-00436,7/10/2020,CUST18887,Pooja Kapoor,43,Female,West,Pune,Books,Biography,2,449.62,0.4,661.09,247.72,68.85,Debit Card,1,FALSE,Delivered,6
ORD-00435,7/10/2020,CUST40017,Sunita Joshi,15,Male,North,Delhi,Books,Fiction Novel,1,702.36,0.39,539.18,184.49,59.64,EMI,1,FALSE,Delivered,4
ORD-00434,7/9/2020,CUST66878,Shreya Rao,28,Other,East,Kolkata,Books,Self-Help Book,2,472.49,0.2,1015.04,475.52,89.97,Credit Card,2,FALSE,Delivered,1
ORD-00433,7/9/2020,CUST34701,Sanjay Chatterjee,47,Other,Central,Indore,Electronics,Laptop,4,37472.7,0.01,218210.41,22304.92,43.11,Credit Card,4,FALSE,Delivered,10
ORD-00432,7/9/2020,CUST05737,Karan Bose,36,Other,South,Chennai,Clothing,T-Shirt,2,2956.54,0.38,4033.47,1730.04,80.22,Debit Card,4,FALSE,Delivered,3
ORD-00430,7/8/2020,CUST04699,Nikhil Pillai,23,Male,South,Chennai,Electronics,Laptop,9,57811.07,0.11,535096.15,69255.11,81.93,Credit Card,1,FALSE,Delivered,6
ORD-00428,8/7/2020,CUST48382,Priya Kumar,47,Female,Central,Nagpur,Groceries,Flour,4,443.03,0.32,1593.89,115.6,71.82,Debit Card,4,FALSE,Shipped,2
ORD-00427,7/8/2020,CUST70997,Nisha Iyer,46,Male,South,Hyderabad,Sports,Cycle,8,14501.84,0.35,102399.25,25057.46,74.64,Debit Card,1,FALSE,Delivered,5
ORD-00426,7/8/2020,CUST45896,Shreya Chatterjee,29,Male,Central,Bhopal,Beauty,Sunscreen,9,267.99,0.08,2666.59,1181.37,39.67,Net Banking,1,FALSE,Cancelled,4
ORD-00425,7/6/2020,CUST69172,Pooja Sharma,30,Female,West,Mumbai,Electronics,Camera,6,65523.97,0.22,395580.05,39810.19,79,Cash on Delivery,1,FALSE,Delivered,7
ORD-00424,7/6/2020,CUST80538,Rahul Kumar,50,Other,West,Surat,Beauty,Face Cream,8,122.16,0.04,1352.85,624.96,78.74,Credit Card,1,FALSE,Delivered,8
ORD-00423,7/6/2020,CUST04728,Nikhil Mehta,43,Male,Central,Raipur,Sports,Football,3,11793.71,0.32,29262.31,6296.56,63.2,Credit Card,4,FALSE,Delivered,9
ORD-00422,7/6/2020,CUST44523,Priya Sharma,35,Other,South,Bangalore,Clothing,Jacket,2,539.35,0.23,1124.22,289.25,64.96,Cash on Delivery,5,FALSE,Delivered,8
ORD-00421,7/5/2020,CUST80414,Karan Rao,40,Other,Central,Raipur,Beauty,Face Cream,6,682.35,0.15,4243.13,2395.37,66.53,Cash on Delivery,3,FALSE,Delivered,5
ORD-00420,7/5/2020,CUST53531,Kavya Patel,30,Female,Central,Bhopal,Electronics,Laptop,3,65806.63,0.38,148143.49,17001.53,32.06,EMI,2,FALSE,Delivered,10
ORD-00419,7/5/2020,CUST41041,Pooja Chatterjee,22,Male,West,Surat,Books,Textbook,2,1319.78,0.11,2893.27,758.61,53.87,Cash on Delivery,5,FALSE,Delivered,5
ORD-00417,7/2/2020,CUST24241,Meera Mehta,19,Male,Central,Indore,Groceries,Cooking Oil,6,170,0.36,834.1,50.58,64.22,Net Banking,2,FALSE,Pending,5
ORD-00415,7/1/2020,CUST39948,Nikhil Kapoor,-6,Female,North,Chandigarh,Furniture,Desk,2,33115.91,0.28,53911.88,13232.77,39.83,EMI,5,FALSE,Delivered,1
ORD-00413,7/1/2020,CUST24888,Nisha Mishra,30,Male,East,Guwahati,Beauty,Sunscreen,9,2148.56,0.13,20282.55,9481.52,85.42,Net Banking,5,FALSE,delivered,6
ORD-00412,7/1/2020,CUST88814,Rahul Kapoor,51,Other,West,Ahmedabad,Books,Comic Book,8,635.66,0.34,3704.84,1269.07,67.01,Cash on Delivery,1,FALSE,Delivered,3
ORD-00411,6/30/2020,CUST25002,Rahul Das,31,Other,South,Chennai,Electronics,Camera,10,55392.79,0.3,509672.92,47237.56,43.11,Net Banking,4,FALSE,Delivered,7
ORD-00410,6/29/2020,CUST64583,Aditya Bose,44,Male,South,Bangalore,Clothing,Dress,10,1705.06,0.23,16597.51,4467.97,63.43,Debit Card,1,TRUE,Returned,10
ORD-00409,6/27/2020,CUST97162,Sanjay Mehta,46,Female,East,Bhubaneswar,Sports,Cricket Bat,1,4889.3,0.16,5849.95,1406.77,63.96,Net Banking,1,FALSE,Delivered,6
ORD-00408,6/25/2020,CUST53614,Aditya Bhat,25,Other,North,Chandigarh,Clothing,Saree,1,338.51,0.27,309.09,73.93,31.18,UPI,4,FALSE,Delivered,9
ORD-00407,6/25/2020,CUST62236,Nisha Das,66,Male,West,Surat,Electronics,Tablet,5,46345.56,0.32,181476.52,25644.37,77.91,Cash on Delivery,3,FALSE,Pending,10
ORD-00406,6/25/2020,CUST55912,Rohan Iyer,41,Female,Central,Nagpur,Books,Cook Book,1,794.97,0.15,910.56,213.02,18.34,Debit Card,5,FALSE,Delivered,6
ORD-00405,6/25/2020,CUST07439,Vikram Pillai,58,Female,North,Ludhiana,Groceries,Cooking Oil,2,68.21,0.21,144.62,7.79,51.11,Cash on Delivery,2,FALSE,Delivered,6
ORD-00404,6/22/2020,CUST02130,Vikram Shah,16,Female,West,Ahmedabad,Books,Textbook,3,541.31,0.06,2139.34,731.39,56.62,Cash on Delivery,5,FALSE,Delivered,8
ORD-00403,6/22/2020,CUST52549,Pooja Rao,32,Other,North,Delhi,Clothing,T-Shirt,7,2701.8,0.09,22364.16,8609.23,56.32,Cash on Delivery,5,TRUE,Returned,2
ORD-00402,6/21/2020,CUST55018,Vikram Nair,37,Other,South,Chennai,Electronics,Headphones,5,28892.57,0.07,205453.46,25286.68,84.72,Debit Card,5,FALSE,Delivered,6
ORD-00401,6/21/2020,CUST43114,Karan Singh,35,Other,East,Patna,Furniture,Bed Frame,3,31841.24,0.32,78919.02,21204.15,78.26,Cash on Delivery,4,TRUE,Returned,6
ORD-00400,6/21/2020,CUST59064,Ananya Kumar,16,Female,West,Mumbai,Furniture,Sofa,2,8336.76,0.19,19728.32,5843.93,71.81,Credit Card,1,FALSE,Delivered,2
ORD-00399,6/21/2020,CUST01014,Aditya Chatterjee,27,Other,West,Pune,Sports,Dumbbells,9,14879.68,0.25,128980.52,28846.04,60,Credit Card,3,FALSE,Delivered,10
ORD-00398,6/21/2020,CUST35407,Aarav Rao,26,Female,North,Chandigarh,Beauty,Perfume,9,137.31,0.24,1114.76,516.92,64.95,EMI,1,FALSE,Delivered,1
ORD-00397,6/20/2020,CUST17107,Ritu Pillai,20,Other,East,Guwahati,Beauty,Face Cream,8,950.66,0.32,7094.52,3770.8,84.8,Debit Card,5,FALSE,Delivered,7
ORD-00396,6/20/2020,CUST01484,Priya Reddy,51,Male,West,Surat,Books,Textbook,4,579.35,0.35,1835.02,1058.65,60.19,EMI,2,FALSE,Shipped,7
ORD-00394,6/18/2020,CUST71699,Karan Iyer,39,Male,North,Delhi,Groceries,Dal (1kg),2,99.94,0.39,144.81,11.4,47.24,EMI,1,FALSE,Delivered,3
ORD-00393,6/17/2020,CUST84712,Arjun Mishra,27,Female,West,Surat,Clothing,Saree,1,1409.39,0.1,1762.59,761.88,58.09,UPI,3,FALSE,Delivered,3
ORD-00391,6/15/2020,CUST29649,Rahul Kapoor,42,Female,Central,Bhopal,Sports,Yoga Mat,3,13341.26,0.15,48831.45,11505.37,59.51,Net Banking,5,FALSE,Delivered,1
ORD-00389,6/14/2020,CUST75682,Ananya Mishra,36,Male,West,Pune,Sports,Tennis Racket,4,3136.59,0.12,14497.79,2492.75,79.4,EMI,2,TRUE,Returned,6
ORD-00386,6/13/2020,CUST61530,Rohan Nair,18,Female,South,Hyderabad,Groceries,Sugar,9,264.6,0.39,1805.25,107.92,70.83,Debit Card,5,FALSE,Delivered,1
ORD-00384,6/12/2020,CUST60562,Kavya Rao,25,Male,North,Ludhiana,Clothing,Dress,10,658.16,0.25,6367.6,1841.64,63.58,Cash on Delivery,1,FALSE,Delivered,7
ORD-00383,6/12/2020,CUST78014,Vikram Joshi,39,Male,Central,Raipur,Clothing,T-Shirt,8,2755.32,0.2,24539.81,6803.51,48.26,UPI,1,FALSE,Delivered,4
ORD-00382,6/12/2020,CUST28553,Nikhil Rao,25,Male,North,Chandigarh,Books,Textbook,9,1096.64,0.38,7522.38,2771.77,69.74,Debit Card,4,FALSE,Cancelled,8
ORD-00381,6/11/2020,CUST02130,Ananya Verma,29,Male,West,Surat,Sports,Tennis Racket,7,9615.9,0.34,53730.92,13253.84,48.62,EMI,3,TRUE,Returned,8
ORD-00380,6/10/2020,CUST14649,Karan Verma,34,Other,Central,Bhopal,Sports,Tennis Racket,3,6440.36,0.07,22706.45,4999.4,42.43,Credit Card,4,FALSE,Delivered,8
ORD-00379,6/10/2020,CUST57932,Rohan Bhat,24,Male,Central,Bhopal,Clothing,Jeans,2,1835.19,0.03,4360.69,1812.7,37.12,EMI,5,FALSE,Delivered,2
ORD-00376,6/9/2020,CUST08639,Rahul Kapoor,43,Female,West,Mumbai,Sports,Dumbbells,10,7388.77,0.35,67368.65,7907.83,79.13,Credit Card,2,TRUE,Returned,2
ORD-00375,6/9/2020,CUST69130,Nikhil Singh,40,Other,South,Kochi,Furniture,Bed Frame,3,32005.1,0.14,111222.15,40250.51,26.04,Net Banking,5,FALSE,Delivered,1
ORD-00372,6/8/2020,CUST53114,Rohan Mehta,26,Other,South,Kochi,Electronics,Tablet,3,74867.2,0.22,239862.52,27646.01,39.1,Cash on Delivery,4,FALSE,Delivered,8
ORD-00371,6/8/2020,CUST29938,Nikhil Das,19,Male,South,Chennai,Electronics,Laptop,9,29863.15,0.39,224550.81,26498.37,80.91,EMI,2,FALSE,Delivered,8
ORD-00370,6/7/2020,CUST93153,Shreya Gupta,42,Male,South,Bangalore,Beauty,Face Cream,1,304.89,0.26,259.14,106.14,52.86,EMI,4,FALSE,Delivered,6
ORD-00369,7/6/2020,CUST07373,Sunita Iyer,32,Female,East,Guwahati,Books,Fiction Novel,5,1078.72,0.03,6627.97,3203.59,78.46,Cash on Delivery,4,FALSE,Delivered,4
ORD-00368,6/7/2020,CUST91300,Aarav Iyer,42,Female,West,Mumbai,Beauty,Sunscreen,2,1372.94,0.24,2491.32,765.46,51.67,Net Banking,2,FALSE,Delivered,8
ORD-00367,6/6/2020,CUST80217,Meera Mishra,53,Female,South,Chennai,Groceries,Cooking Oil,9,324.66,0.14,3440.59,225.96,74.78,Debit Card,1,TRUE,Returned,5
ORD-00366,6/5/2020,CUST37493,Aditya Iyer,34,Male,South,Bangalore,Books,Self-Help Book,8,1191.17,0.39,7944.27,3452.54,91.97,Net Banking,5,FALSE,Shipped,2
ORD-00364,6/4/2020,CUST12024,Shreya Kumar,37,Male,West,Surat,Sports,Football,3,2684.91,0.15,9541.81,2543.29,67.28,Net Banking,2,FALSE,Delivered,9
ORD-00363,6/4/2020,CUST26055,Ananya Kapoor,49,Female,East,Bhubaneswar,Beauty,Shampoo,7,1638.61,0.04,15243.16,6526.33,72.09,Cash on Delivery,2,FALSE,Shipped,8
ORD-00362,6/4/2020,CUST80340,Meera Mishra,51,Other,Central,Raipur,Furniture,Wardrobe,3,24460.8,0.15,86997.39,14762.22,60.11,UPI,1,FALSE,Delivered,8
ORD-00361,6/4/2020,CUST34273,Deepa Nair,44,Male,West,Pune,Groceries,Tea,10,350.15,0.07,4245.67,346.67,62.1,Credit Card,3,TRUE,Returned,1
ORD-00360,6/3/2020,CUST65000,Vikram Chatterjee,23,Female,East,Kolkata,Groceries,Rice (5kg),1,362.29,0.22,379.74,23.08,80.1,UPI,3,FALSE,Delivered,8
ORD-00359,6/3/2020,CUST46631,Vikram Das,20,Other,South,Chennai,Sports,Dumbbells,4,3114.57,0.04,14254.8,2493.63,77.95,Cash on Delivery,5,FALSE,Delivered,5
ORD-00358,6/2/2020,CUST25786,Nikhil Verma,33,Male,Central,Nagpur,Clothing,Kurta,9,1720.87,0.07,18041.55,5490.24,62.42,Credit Card,1,FALSE,Cancelled,8
ORD-00357,6/2/2020,CUST75375,Priya Joshi,41,Female,Central,Nagpur,Clothing,Jeans,2,1548.43,0.38,2480.54,866.5,49.01,EMI,1,FALSE,Delivered,45
ORD-00356,6/2/2020,CUST08599,Priya Gupta,35,Male,Central,Indore,Beauty,Sunscreen,9,1088.49,0.18,9801.87,3831.73,58.48,Credit Card,1,FALSE,Delivered,6
ORD-00355,6/2/2020,CUST29275,Sunita Nair,28,Other,South,Chennai,Groceries,Cooking Oil,6,457.1,0.17,3525.53,394.03,69.69,UPI,2,FALSE,Delivered,8
ORD-00354,6/1/2020,CUST12677,Aditya Shah,41,Other,North,Chandigarh,Groceries,Rice (5kg),8,294.27,0.35,1927.79,96.62,53.97,Cash on Delivery,1,FALSE,Delivered,5
ORD-00353,5/31/2020,CUST09451,Arjun Iyer,35,Male,South,Bangalore,Furniture,Desk,4,14963.38,0.04,67902.84,22163.23,68.71,Cash on Delivery,3,FALSE,delivered,8
ORD-00352,5/31/2020,CUST23957,Aditya Joshi,36,Male,West,Ahmedabad,Sports,Dumbbells,3,5934.84,0.4,13742.69,3428.34,72.22,Cash on Delivery,4,FALSE,Shipped,2
ORD-00351,5/31/2020,CUST05560,Aditya Shah,36,Other,West,Ahmedabad,Sports,Yoga Mat,9,13555.14,0.2,120212,36132.18,93.89,UPI,5,FALSE,Delivered,7
ORD-00350,5/30/2020,CUST72810,Arjun Reddy,26,Male,East,Guwahati,Clothing,Kurta,10,2738.51,0.12,31229.97,10815.02,81.19,Credit Card,5,FALSE,Delivered,4
ORD-00349,5/30/2020,CUST70625,Aarav Bose,15,Other,South,Chennai,Clothing,Kurta,8,1005.57,0.3,8249.16,3467.63,54.2,Net Banking,4,FALSE,Delivered,7
ORD-00348,5/30/2020,CUST36817,Ritu Verma,29,Male,South,Hyderabad,Books,Biography,8,466.9,0.36,2857.33,1125,79.08,Cash on Delivery,2,FALSE,Delivered,10
ORD-00346,5/28/2020,CUST21580,Pooja Bhat,35,Other,East,Kolkata,Groceries,Sugar,9,213.6,0.32,1665.43,193.99,101.52,Net Banking,4,FALSE,Cancelled,4
ORD-00345,5/28/2020,CUST34954,Nikhil Kapoor,39,Other,Central,Nagpur,Groceries,Flour,9,253.54,0.26,2172.54,173.86,63.2,Net Banking,5,FALSE,Delivered,7
ORD-00344,5/28/2020,CUST09269,Shreya Kumar,40,Female,West,Pune,Groceries,Sugar,5,447.63,0.3,1817.68,140.38,65.87,Cash on Delivery,1,FALSE,Cancelled,10
ORD-00343,28/05/2020,CUST91659,Shreya Verma,20,Male,Central,Nagpur,Clothing,Kurta,1,1604.88,0.22,1620.42,414.75,71.08,Debit Card,3,TRUE,Returned,4
ORD-00342,5/28/2020,CUST87199,Shreya Mishra,32,Other,South,Hyderabad,Sports,Football,8,14818.6,0.11,121250.56,27352.51,79.9,UPI,5,FALSE,Delivered,6
ORD-00341,5/28/2020,CUST77930,Nisha Das,34,Male,Central,Nagpur,Groceries,Sugar,7,369.81,0.4,1896.12,92.88,65.27,Credit Card,2,FALSE,Shipped,4
ORD-00339,5/27/2020,CUST65020,Pooja Bhat,28,Other,West,Pune,Furniture,Wardrobe,10,2690.93,0.35,23373.24,7410.64,43.86,UPI,4,TRUE,Returned,4
ORD-00338,5/26/2020,CUST54853,Deepa Mehta,12,Male,Central,Indore,Groceries,Cooking Oil,4,446.87,0.37,1373.02,134.17,55.36,Net Banking,1,TRUE,Returned,1
ORD-00337,5/26/2020,CUST25152,Shreya Mishra,61,Female,West,Ahmedabad,Books,Cook Book,2,425.83,0.04,846.36,364.43,42.68,UPI,4,FALSE,Delivered,10
ORD-00336,5/25/2020,CUST51371,Sanjay Shah,27,Female,Central,Nagpur,Furniture,Desk,5,6765.44,0.33,31049.48,6138.52,54.05,UPI,2,FALSE,Cancelled,6
ORD-00335,5/25/2020,CUST11141,Aarav Chatterjee,45,Female,West,Pune,Clothing,Dress,2,2283.88,0.38,3053.06,1108.5,35.32,Debit Card,4,TRUE,Returned,5
ORD-00334,5/25/2020,CUST45698,Kavya Mehta,37,Male,West,Pune,Books,Comic Book,4,822.35,0.05,3604.16,1181.07,54.01,Net Banking,4,TRUE,Returned,9
ORD-00333,5/24/2020,CUST88068,Priya Kumar,28,Male,South,Chennai,Groceries,Tea,10,162.52,0.09,1867.23,150.49,86.74,Net Banking,5,FALSE,Delivered,10
ORD-00332,5/24/2020,CUST41074,Vikram Kumar,15,Female,East,Guwahati,Groceries,Flour,9,156.95,0.25,1244.96,125.48,101.17,Debit Card,3,FALSE,delivered,7
ORD-00330,5/23/2020,CUST60862,Meera Patel,42,Male,Central,Indore,Groceries,Tea,5,340.16,0.37,1501.76,96.24,58.79,UPI,1,FALSE,Delivered,3
ORD-00329,5/23/2020,CUST33284,Vikram Mishra,35,Male,West,Mumbai,Electronics,Camera,8,66799.88,0,700450.24,86189.72,63.99,Debit Card,1,FALSE,Delivered,2
ORD-00328,5/22/2020,CUST60147,Pooja Nair,33,Other,North,Amritsar,Electronics,Smartwatch,9,45918.69,0.29,357689.69,29447.82,48.88,Net Banking,4,FALSE,delivered,6
ORD-00327,5/22/2020,CUST35881,Priya Gupta,21,Female,Central,Indore,Electronics,Smartphone,4,62163.22,0.02,316644.27,39457.66,74.47,Credit Card,2,TRUE,Returned,9
ORD-00326,5/22/2020,CUST34992,Ananya Singh,42,Male,East,Bhubaneswar,Electronics,Headphones,10,62652.16,0.09,746724.9,76429.84,92.64,Net Banking,3,FALSE,Delivered,5
ORD-00325,22/05/2020,CUST90197,Ananya Sharma,38,Male,East,Patna,Electronics,Headphones,2,5256.57,0.26,10092.16,822.2,111.69,Net Banking,4,FALSE,Delivered,4
ORD-00324,5/22/2020,CUST46595,Amit Bhat,12,Male,North,Amritsar,Clothing,T-Shirt,10,2830.97,0.36,22010.44,5346.01,65.65,Net Banking,1,FALSE,Delivered,4
ORD-00323,5/21/2020,CUST57259,Nikhil Mishra,31,Male,West,Pune,Books,Textbook,1,680.85,0.12,794.6,338.98,44.99,Debit Card,3,FALSE,Delivered,2
ORD-00321,5/21/2020,CUST74301,Deepa Gupta,42,Male,Central,Indore,Electronics,Headphones,2,43853.55,0.03,99867.38,12392.88,71.03,Net Banking,4,FALSE,Delivered,5
ORD-00319,5/20/2020,CUST05463,Nisha Iyer,45,Male,Central,Bhopal,Clothing,Jeans,3,2323.36,0.25,7516.69,2847.01,61.23,Cash on Delivery,5,TRUE,Returned,4
ORD-00318,5/20/2020,CUST80292,Ritu Shah,20,Other,Central,Raipur,Sports,Tennis Racket,7,4673.19,0.33,25140.26,7454.48,59.8,Cash on Delivery,1,FALSE,Delivered,4
ORD-00317,5/19/2020,CUST52213,Kavya Iyer,53,Other,South,Bangalore,Groceries,Rice (5kg),4,429.54,0.06,2163.54,148.28,61.97,Credit Card,2,TRUE,Returned,7
ORD-00315,5/17/2020,CUST62709,Ananya Verma,30,Male,East,Guwahati,Books,Self-Help Book,10,635.99,0.16,7279.36,3155.48,88.69,EMI,2,FALSE,Delivered,1
ORD-00314,5/17/2020,CUST45424,Pooja Gupta,38,Male,West,Mumbai,Sports,Cricket Bat,6,3765.92,0.27,20744.7,5247.02,90.54,UPI,4,FALSE,Delivered,9
ORD-00313,5/17/2020,CUST46769,Meera Reddy,51,Female,West,Pune,Groceries,Dal (1kg),6,476.07,0.37,2456.4,258.13,45,Debit Card,3,FALSE,Delivered,1
ORD-00312,5/16/2020,CUST15821,Karan Kumar,39,Female,North,Amritsar,Clothing,Kurta,1,507.78,0.16,592.57,186.17,30.01,Cash on Delivery,1,FALSE,Delivered,10
ORD-00310,5/15/2020,CUST01960,Sunita Rao,39,Female,West,Ahmedabad,Electronics,Smartphone,5,30601.06,0.34,118310.73,14746.62,71.09,Cash on Delivery,4,FALSE,Shipped,2
ORD-00309,5/14/2020,CUST17538,Amit Verma,27,Female,North,Delhi,Books,Textbook,1,255.93,0.37,191.35,73.83,46.7,Cash on Delivery,5,FALSE,Cancelled,10
ORD-00308,5/13/2020,CUST07042,Priya Sharma,27,Female,North,Ludhiana,Beauty,Shampoo,4,1944.29,0.17,8759.65,5237.35,87.31,UPI,3,FALSE,Delivered,4
ORD-00307,5/13/2020,CUST09307,Meera Shah,27,Female,South,Hyderabad,Electronics,Camera,10,75021.17,0.13,834952.68,112520.6,68.07,EMI,1,TRUE,Returned,5
ORD-00306,5/12/2020,CUST49089,Meera Pillai,32,Male,North,Amritsar,Clothing,Dress,1,2507.91,0.29,2231.21,589.57,42.69,EMI,2,FALSE,Delivered,3
ORD-00305,5/12/2020,CUST10300,Vikram Joshi,35,Other,East,Bhubaneswar,Sports,Yoga Mat,5,6852.57,0.19,30208.26,8215.56,100.86,EMI,5,FALSE,Delivered,10
ORD-00304,5/12/2020,CUST28932,Arjun Kumar,41,Male,Central,Bhopal,Books,Fiction Novel,7,513.52,0.38,2985.15,1015.8,35.5,Net Banking,2,FALSE,Delivered,10
ORD-00303,5/11/2020,CUST62197,Amit Mehta,34,Male,North,Ludhiana,Groceries,Dal (1kg),4,87.62,0.26,338.94,30.3,56.98,Net Banking,3,TRUE,Returned,4
ORD-00301,5/11/2020,CUST15889,Sunita Chatterjee,26,Female,Central,Raipur,Electronics,Headphones,8,40911.48,0.09,361315.62,40799.74,67.15,Debit Card,1,FALSE,Delivered,4
ORD-00299,5/10/2020,CUST26567,Pooja Pillai,55,Other,Central,Nagpur,Clothing,T-Shirt,8,2351.57,0.34,17421.06,5554.48,71.02,EMI,2,FALSE,Cancelled,5
ORD-00298,10/5/2020,CUST02510,Ritu Reddy,25,Male,East,Bhubaneswar,Electronics,Headphones,1,66715.81,0.34,54095.7,5606.38,96.92,Net Banking,5,FALSE,cancelled,10
ORD-00297,5/10/2020,CUST79842,Aditya Sharma,26,Other,West,Mumbai,Sports,Yoga Mat,7,2073.13,0.36,10684.14,1902.76,39.27,UPI,3,TRUE,Returned,2
ORD-00294,5/9/2020,CUST22246,Ananya Kumar,23,Female,East,Kolkata,Books,Textbook,9,1441.87,0.09,15544.23,6061.53,61.52,Debit Card,4,FALSE,Shipped,1
ORD-00293,5/9/2020,CUST52570,Nikhil Kumar,7,Other,Central,Nagpur,Sports,Yoga Mat,8,2926.82,0.04,27176.51,8084.38,41.11,EMI,1,FALSE,Delivered,1
ORD-00292,5/8/2020,CUST37047,Nikhil Mishra,43,Male,North,Chandigarh,Beauty,Perfume,1,258.67,0.13,241.29,82.38,62.33,Net Banking,5,FALSE,Delivered,5
ORD-00291,8/5/2020,CUST36091,Meera Mehta,43,Other,North,Delhi,Electronics,Laptop,5,16919.29,0.06,117489.88,14930.93,59.99,UPI,5,TRUE,Returned,10
ORD-00290,5/8/2020,CUST46482,Sanjay Shah,18,Male,East,Bhubaneswar,Books,Self-Help Book,9,290.75,0.28,2143.4,1071.82,60.62,EMI,3,TRUE,Returned,7
ORD-00289,5/7/2020,CUST73246,Aarav Patel,46,Male,South,Bangalore,Books,Comic Book,6,366.68,0.22,2435.14,744.83,60.14,UPI,2,TRUE,Returned,2
ORD-00288,5/7/2020,CUST56916,Shreya Mishra,38,Male,West,Mumbai,Books,Cook Book,2,713.5,0.03,1825.08,867.87,54.38,Debit Card,3,FALSE,Delivered,3
ORD-00287,5/7/2020,CUST58035,Ritu Sharma,9,Male,Central,Nagpur,Groceries,Cooking Oil,1,320.06,0.31,323.95,31.38,48.81,Net Banking,4,FALSE,Pending,4
ORD-00286,5/7/2020,CUST11198,Aarav Gupta,26,Male,East,Guwahati,Beauty,Shampoo,3,2059.96,0.04,8056.36,3439.24,92.05,Net Banking,1,FALSE,Delivered,8
ORD-00284,5/6/2020,CUST68796,Ritu Sharma,37,Female,Central,Bhopal,Groceries,Flour,2,54.6,0.34,80.84,6.89,42.28,Cash on Delivery,4,FALSE,Delivered,3
ORD-00283,5/5/2020,CUST17741,Arjun Verma,32,Female,East,Patna,Books,Cook Book,10,1387.77,0.03,15244.18,5378.75,88.89,Net Banking,4,FALSE,Delivered,9
ORD-00282,5/5/2020,CUST51993,Ritu Kapoor,53,Other,East,Bhubaneswar,Beauty,Hair Oil,3,842.68,0.35,2239.49,716.54,89.81,UPI,4,FALSE,Delivered,10
ORD-00280,5/3/2020,CUST00544,Sanjay Joshi,26,Male,North,Ludhiana,Books,Textbook,10,1346.41,0.24,12502.33,5924.88,55.15,UPI,1,FALSE,Pending,2
ORD-00279,5/3/2020,CUST43418,Priya Gupta,47,Male,East,Kolkata,Clothing,Saree,5,1209.84,0.26,5409.13,1839.27,70.07,Credit Card,1,FALSE,Delivered,7
ORD-00278,5/3/2020,CUST14008,Sanjay Reddy,37,Other,East,Guwahati,Beauty,Perfume,4,206.46,0.08,835.93,232.93,62.51,Debit Card,1,FALSE,Delivered,9
ORD-00277,5/3/2020,CUST65185,Nisha Reddy,59,Other,South,Chennai,Groceries,Dal (1kg),10,217.3,0.05,2227.02,142.65,53.01,Debit Card,5,FALSE,Delivered,7
ORD-00276,5/2/2020,CUST77008,Meera Bhat,34,Other,Central,Nagpur,Books,Textbook,7,1479.71,0.18,9080.88,3968.87,53.15,Net Banking,4,FALSE,Delivered,2
ORD-00275,5/1/2020,CUST24667,Nikhil Kapoor,41,Other,Central,Nagpur,Furniture,Chair,8,31845.06,0.06,300720.72,100251.26,38.42,Credit Card,1,FALSE,Delivered,10
ORD-00274,5/1/2020,CUST60735,Aditya Reddy,35,Male,West,Surat,Clothing,Kurta,4,729.42,0.07,3601.48,1162.92,76.61,EMI,4,FALSE,Delivered,3
ORD-00273,5/1/2020,CUST92554,Nisha Joshi,34,Other,West,Pune,Electronics,Laptop,8,74156.48,0.02,789939.57,58250.48,75.8,Credit Card,5,FALSE,Delivered,2
ORD-00272,5/1/2020,CUST97522,Ananya Singh,6,Male,South,Bangalore,Clothing,Saree,10,2668.56,0.03,32567.59,10352.49,77.49,EMI,5,FALSE,Delivered,4
ORD-00271,4/29/2020,CUST41469,Rahul Bhat,44,Male,West,Surat,Electronics,Camera,5,20270.62,0.13,92969.99,10193.11,48.68,Debit Card,2,FALSE,Delivered,3
ORD-00270,28/04/2020,CUST73911,Ritu Patel,-5,Other,East,Kolkata,Clothing,Jeans,6,2934.92,0.1,18790.52,7715.18,74.02,Debit Card,5,FALSE,Cancelled,8
ORD-00269,4/28/2020,CUST87129,Nikhil Reddy,3,Male,Central,Raipur,Clothing,T-Shirt,1,1990.76,0.12,2195.65,834.05,42.24,UPI,1,FALSE,Delivered,4
ORD-00268,4/27/2020,CUST64785,Sunita Reddy,32,Female,West,Mumbai,Books,Cook Book,7,257.18,0.29,1452.88,604.81,60.36,Credit Card,1,FALSE,Cancelled,5
ORD-00267,4/27/2020,CUST76356,Aditya Pillai,21,Female,East,Kolkata,Sports,Football,6,7876.81,0.02,58868.95,12406.43,62.09,Debit Card,4,FALSE,Shipped,3
ORD-00266,4/26/2020,CUST87993,Karan Pillai,16,Male,South,Bangalore,Books,Comic Book,10,1159.84,0.23,10186.88,4652.66,88.51,Debit Card,5,FALSE,Delivered,8
ORD-00265,4/26/2020,CUST32861,Priya Joshi,36,Other,East,Guwahati,Sports,Cricket Bat,9,12444.32,0.12,106749.94,24509.37,90.94,UPI,4,FALSE,Cancelled,9
ORD-00262,4/25/2020,CUST33827,Rahul Bose,24,Male,West,Surat,Furniture,Wardrobe,2,3582.55,0.08,8506.99,2610.08,54.88,Debit Card,3,FALSE,Delivered,7
ORD-00260,4/24/2020,CUST61424,Ananya Gupta,33,Other,East,Bhubaneswar,Furniture,Bed Frame,5,26679.1,0.14,122018.19,34943.36,84.72,Cash on Delivery,4,FALSE,Shipped,6
ORD-00259,4/23/2020,CUST68265,Vikram Rao,37,Female,East,Bhubaneswar,Electronics,Smartphone,3,76008.49,0.07,287543.2,19589.55,67.43,Credit Card,5,FALSE,shipped,4
ORD-00257,4/23/2020,CUST54277,Amit Rao,53,Other,West,Mumbai,Groceries,Cooking Oil,10,396.88,0.2,3258.96,349.2,85.52,EMI,4,FALSE,Delivered,8
ORD-00256,4/22/2020,CUST86402,Rohan Sharma,18,Male,Central,Bhopal,Groceries,Tea,7,224.96,0.22,1195.3,91.79,52.6,Credit Card,2,FALSE,Delivered,8
ORD-00255,4/22/2020,CUST21352,Nisha Verma,47,Other,North,Chandigarh,Groceries,Rice (5kg),2,194.68,0.03,459.04,32.11,16.1,UPI,3,FALSE,Cancelled,4
ORD-00254,4/22/2020,CUST17284,Nikhil Bhat,44,Other,West,Surat,Groceries,Rice (5kg),4,270.71,0.07,1316.63,117.56,77.76,Net Banking,2,FALSE,Shipped,3
ORD-00253,4/22/2020,CUST11397,Aarav Verma,50,Male,East,Patna,Books,Comic Book,8,724.91,0.39,3949.85,1441.05,80.32,Net Banking,3,FALSE,Pending,1
ORD-00252,4/21/2020,CUST23212,Rahul Pillai,29,Other,North,Delhi,Beauty,Shampoo,6,802.39,0.36,3040.88,993.67,47.04,Debit Card,3,FALSE,Delivered,6
ORD-00251,4/20/2020,CUST66007,Sunita Bose,26,Male,North,Ludhiana,Furniture,Sofa,1,6470.7,0.34,4394.74,1235.03,66.87,Net Banking,4,FALSE,Delivered,7
ORD-00250,4/20/2020,CUST60360,Aditya Pillai,54,Female,Central,Indore,Beauty,Sunscreen,5,1643.32,0.11,9008.47,4000.95,84.55,Cash on Delivery,4,FALSE,Delivered,4
ORD-00249,4/20/2020,CUST09291,Arjun Mehta,46,Female,West,Mumbai,Books,Biography,6,877.7,0.34,3376.89,1107.53,53.93,Credit Card,4,FALSE,Cancelled,1
ORD-00248,4/20/2020,CUST27111,Deepa Reddy,39,Male,West,Pune,Furniture,Bed Frame,9,20578.89,0.1,193354.91,46837.64,76.42,EMI,2,FALSE,Delivered,1
ORD-00247,4/18/2020,CUST50948,Amit Kapoor,31,Other,North,Amritsar,Sports,Cricket Bat,2,10120.93,0.3,14109.98,2053.92,26.6,EMI,1,FALSE,Delivered,9
ORD-00246,4/18/2020,CUST40327,Shreya Mishra,60,Male,Central,Nagpur,Beauty,Sunscreen,8,336.17,0.18,2459.79,1286.21,63.3,Debit Card,4,FALSE,Delivered,10
ORD-00245,4/17/2020,CUST17070,Aditya Kapoor,30,Female,Central,Raipur,Groceries,Flour,4,368.44,0.05,1419.14,133.75,54.97,Credit Card,2,FALSE,Delivered,2
ORD-00244,4/17/2020,CUST99038,Shreya Verma,40,Female,East,Kolkata,Groceries,Rice (5kg),3,211.24,0.18,628.26,55.71,90.81,Credit Card,3,FALSE,Delivered,10
ORD-00243,4/16/2020,CUST09436,Deepa Nair,30,Male,South,Hyderabad,Clothing,Dress,3,995.86,0.13,2883.96,919.54,83.09,Debit Card,2,TRUE,Returned,3
ORD-00242,4/15/2020,CUST17001,Ananya Kumar,31,Male,Central,Nagpur,Furniture,Desk,3,14067.89,0.13,40312.78,8649.34,64.02,EMI,1,FALSE,Delivered,10
ORD-00241,4/15/2020,CUST62809,Rahul Gupta,49,Male,East,Patna,Electronics,Camera,2,46584.64,0.32,74700.63,5374.6,75.26,UPI,1,FALSE,Delivered,4
ORD-00240,4/14/2020,CUST66088,Shreya Pillai,18,Other,South,Bangalore,Sports,Dumbbells,4,11868.91,0.19,43004.45,13078.71,70.61,EMI,3,FALSE,Delivered,6
ORD-00239,4/14/2020,CUST33340,Ananya Chatterjee,18,Male,West,Ahmedabad,Furniture,Bookshelf,9,32644.01,0.28,229301.96,68294.46,41.37,UPI,4,FALSE,Shipped,7
ORD-00237,4/13/2020,CUST46907,Sanjay Bhat,17,Male,Central,Nagpur,Clothing,T-Shirt,10,2140.31,0.03,22941.18,8449.72,73.35,Net Banking,4,FALSE,Delivered,3
ORD-00236,4/13/2020,CUST00024,Rohan Bhat,35,Other,North,Amritsar,Books,Self-Help Book,5,966.73,0.32,4041.53,1436.4,27.61,EMI,5,FALSE,Shipped,4
ORD-00234,4/12/2020,CUST16850,Meera Rao,33,Female,East,Bhubaneswar,Beauty,Face Cream,9,2037.1,0.35,12133.55,4748.44,81.71,Net Banking,5,FALSE,Delivered,10
ORD-00233,4/11/2020,CUST32440,Ritu Nair,39,Female,East,Kolkata,Electronics,Smartwatch,5,71617.52,0.36,255897.86,28898.92,75.49,EMI,4,TRUE,Returned,2
ORD-00232,4/11/2020,CUST30800,Rohan Chatterjee,36,Other,Central,Nagpur,Beauty,Perfume,4,171.85,0.03,902.31,591.14,34.27,Debit Card,3,FALSE,Shipped,8
ORD-00231,4/11/2020,CUST27455,Ritu Bose,29,Female,East,Kolkata,Books,Self-Help Book,3,859.03,0.07,3048.93,1479.26,81.27,UPI,4,FALSE,Delivered,7
ORD-00230,4/10/2020,CUST62810,Meera Kumar,31,Female,North,Delhi,Sports,Football,6,13425.83,0.09,83316.58,14180.23,54.3,Net Banking,5,FALSE,Delivered,8
ORD-00228,4/9/2020,CUST20422,Amit Pillai,47,Female,East,Guwahati,Clothing,Jacket,4,657.77,0.03,3207.24,961.26,83.48,Credit Card,3,FALSE,Delivered,9
ORD-00226,4/8/2020,CUST29979,Karan Sharma,35,Male,Central,Nagpur,Electronics,Smartphone,10,19136.16,0,220448.39,31074.73,24.88,Debit Card,3,FALSE,Delivered,4
ORD-00225,4/8/2020,CUST97307,Ritu Gupta,37,Male,Central,Nagpur,Sports,Tennis Racket,1,5935.12,0.08,6293.66,1165.63,47.97,Credit Card,5,FALSE,Delivered,7
ORD-00224,4/7/2020,CUST28783,Rahul Rao,25,Female,West,Ahmedabad,Groceries,Cooking Oil,2,62.44,0.3,90.55,8.37,56.9,Credit Card,5,TRUE,Returned,7
ORD-00222,4/7/2020,CUST35116,Shreya Reddy,41,Other,Central,Indore,Electronics,Smartphone,9,5129.67,0.32,38513.55,4662.1,46.85,Cash on Delivery,5,FALSE,Delivered,2
ORD-00221,4/5/2020,CUST73936,Kavya Singh,19,Male,East,Patna,Sports,Cricket Bat,3,10399.3,0.02,32336.4,7236.11,59.2,Debit Card,5,FALSE,Delivered,2
ORD-00220,4/5/2020,CUST34125,Arjun Das,53,Male,South,Kochi,Electronics,Smartwatch,7,9567.57,0.15,74980.19,6346.79,57.59,UPI,2,TRUE,Returned,5
ORD-00218,4/4/2020,CUST80333,Kavya Mehta,58,Other,South,Kochi,Books,Fiction Novel,2,640.98,0.05,1372.2,437.79,68.68,UPI,2,FALSE,Delivered,5
ORD-00217,4/4/2020,CUST42012,Sanjay Joshi,34,Male,North,Chandigarh,Clothing,Jacket,4,3945.85,0.34,11190.58,5301.46,63.9,Cash on Delivery,4,FALSE,Cancelled,7
ORD-00216,4/4/2020,CUST86362,Rahul Bose,44,Male,West,Surat,Clothing,Jacket,1,1784.28,0.07,2034.49,543.72,26.17,Debit Card,3,FALSE,Delivered,10
ORD-00215,4/4/2020,CUST24370,Priya Bhat,32,Male,North,Amritsar,Groceries,Cooking Oil,4,274.86,0.34,738.23,64.05,67.36,UPI,2,FALSE,Delivered,2
ORD-00214,4/3/2020,CUST08244,Karan Patel,46,Female,Central,Raipur,Furniture,Sofa,10,7854.56,0.3,69661.01,15316.65,56.25,EMI,1,FALSE,Delivered,3
ORD-00213,4/2/2020,CUST16925,Rohan Sharma,33,Male,Central,Nagpur,Beauty,Lipstick,3,538.36,0.03,1938.58,978.3,42,UPI,1,FALSE,Delivered,10
ORD-00212,4/2/2020,CUST28918,Amit Gupta,27,Female,Central,Nagpur,Groceries,Flour,3,263.48,0.27,622.58,55.39,77.89,Debit Card,2,FALSE,Shipped,3
ORD-00210,4/1/2020,CUST41794,Arjun Kapoor,29,Female,Central,Raipur,Electronics,Headphones,7,48050.22,0.32,237090.85,29156.24,35.88,Debit Card,4,FALSE,Cancelled,3
ORD-00208,4/1/2020,CUST69756,Karan Bhat,25,Other,Central,Bhopal,Electronics,Camera,5,74661.96,0.1,413676.41,38409.75,43.58,Debit Card,3,FALSE,Delivered,9
ORD-00207,4/1/2020,CUST97019,Nikhil Mehta,31,Male,North,Chandigarh,Beauty,Shampoo,4,2105.61,0.37,5688.97,2865.09,70.93,UPI,4,FALSE,Delivered,6
ORD-00206,4/1/2020,CUST71469,Aarav Sharma,48,Female,North,Amritsar,Clothing,Jeans,7,3924.19,0.02,29835.57,10552.45,38.12,Debit Card,5,FALSE,Delivered,2
ORD-00205,3/31/2020,CUST44095,Aarav Nair,24,Female,Central,Bhopal,Groceries,Flour,9,122.54,0.04,928.75,82.76,60.82,UPI,3,FALSE,Delivered,1
ORD-00201,3/30/2020,CUST39806,Sanjay Bhat,27,Other,West,Mumbai,Beauty,Face Cream,4,2430.1,0.03,8709.27,5472.38,60.42,Debit Card,5,FALSE,Delivered,1
ORD-00200,3/30/2020,CUST79644,Aarav Verma,23,Female,West,Mumbai,Sports,Cycle,5,9009.65,0.08,44971.39,10004.34,58.16,EMI,3,FALSE,Delivered,4
ORD-00198,3/29/2020,CUST42117,Pooja Gupta,34,Other,South,Chennai,Furniture,Desk,9,20805.29,0.24,146348.3,36051.94,59.05,UPI,5,FALSE,Delivered,7
ORD-00197,3/28/2020,CUST04223,Pooja Joshi,12,Other,North,Amritsar,Sports,Cycle,8,10282.68,0.11,66340.96,13106.07,65.44,Net Banking,1,FALSE,Delivered,3
ORD-00196,3/28/2020,CUST37557,Arjun Chatterjee,45,Other,West,Ahmedabad,Clothing,Kurta,1,1971.81,0.05,1592.69,732.33,57.58,EMI,1,FALSE,Delivered,6
ORD-00195,3/27/2020,CUST10870,Deepa Bhat,26,Female,Central,Raipur,Beauty,Shampoo,10,2466.88,0.25,17991.29,5973.34,34.92,Net Banking,4,FALSE,Delivered,9
ORD-00194,3/27/2020,CUST96692,Aarav Joshi,35,Female,North,Delhi,Sports,Dumbbells,9,6747.04,0.07,53191.17,13938.07,74.53,Credit Card,3,FALSE,Delivered,1
ORD-00193,3/27/2020,CUST20505,Amit Kapoor,21,Other,West,Pune,Furniture,Wardrobe,6,2910.04,0.13,15810.15,5082.48,63.67,Credit Card,5,FALSE,Shipped,4
ORD-00191,3/26/2020,CUST37196,Pooja Chatterjee,37,Other,South,Chennai,Clothing,T-Shirt,2,2822.43,0.32,3893.81,1101.47,41.8,Cash on Delivery,2,FALSE,Delivered,4
ORD-00188,3/24/2020,CUST84898,Deepa Mishra,45,Male,East,Kolkata,Electronics,Smartphone,1,6658.64,0.06,6373.28,702.66,108.65,UPI,4,FALSE,Delivered,10
ORD-00187,3/23/2020,CUST95299,Amit Rao,44,Other,East,Guwahati,Groceries,Sugar,3,315.98,0.2,801.2,62.11,104.89,Credit Card,4,FALSE,Delivered,3
ORD-00186,3/23/2020,CUST86352,Meera Gupta,21,Female,Central,Indore,Sports,Cricket Bat,7,7173.46,0.37,38067.28,7608.14,52.84,Cash on Delivery,1,FALSE,Shipped,4
ORD-00185,3/23/2020,CUST40829,Nikhil Bhat,37,Female,Central,Nagpur,Sports,Football,8,7246.65,0.34,43301.82,7525.66,68.12,Net Banking,2,TRUE,Returned,1
ORD-00183,3/22/2020,CUST16395,Sunita Pillai,19,Other,Central,Raipur,Beauty,Sunscreen,9,646.01,0.38,3807.56,1281.84,51.72,Credit Card,2,FALSE,Pending,3
ORD-00182,3/21/2020,CUST63049,Arjun Reddy,61,Male,East,Kolkata,Sports,Yoga Mat,9,2019.71,0.21,14642.06,3698.35,55.65,UPI,2,FALSE,Delivered,3
ORD-00181,3/20/2020,CUST09112,Sanjay Gupta,47,Other,Central,Nagpur,Beauty,Sunscreen,10,1799.76,0.15,15785.6,5681.65,56.65,Credit Card,4,FALSE,Delivered,1
ORD-00180,3/19/2020,CUST29334,Kavya Joshi,35,Other,Central,Indore,Sports,Tennis Racket,7,2367.09,0.04,16292.28,2663.65,42.41,Credit Card,1,FALSE,Shipped,8
ORD-00179,3/19/2020,CUST72035,Ritu Pillai,39,Male,South,Chennai,Beauty,Hair Oil,2,691.8,0.4,832.4,369.92,65.91,Debit Card,5,FALSE,Delivered,9
ORD-00178,3/19/2020,CUST56675,Rohan Sharma,24,Male,Central,Raipur,Electronics,Camera,6,15086.96,0.13,83619.76,10183.25,74.72,Credit Card,1,FALSE,Delivered,4
ORD-00176,3/18/2020,CUST81366,Vikram Sharma,15,Female,East,Patna,Furniture,Bookshelf,6,14217.54,0.36,54182.97,16528.59,65.56,EMI,5,FALSE,Pending,9
ORD-00175,3/18/2020,CUST47786,Nisha Rao,35,Male,West,Ahmedabad,Beauty,Lipstick,9,2028.03,0.12,15078.05,8126.73,55.01,Net Banking,4,FALSE,Delivered,9
ORD-00174,3/16/2020,CUST91348,Meera Reddy,35,Other,North,Chandigarh,Groceries,Flour,9,167.67,0.25,1072.27,93.59,68.23,Cash on Delivery,1,FALSE,Delivered,7
ORD-00173,3/16/2020,CUST46878,Sunita Mishra,33,Female,East,Bhubaneswar,Books,Biography,8,1355.07,0.25,7286.92,3585.8,86.98,Debit Card,4,FALSE,Shipped,5
ORD-00172,3/15/2020,CUST40704,Aarav Rao,16,Other,East,Guwahati,Clothing,Saree,2,2448.31,0.35,3584.88,1270.16,79.97,Credit Card,4,FALSE,Delivered,7
ORD-00170,3/15/2020,CUST53622,Aditya Chatterjee,31,Male,South,Bangalore,Groceries,Sugar,9,236.54,0.19,1658.66,140.16,101.07,Credit Card,3,TRUE,Returned,1
ORD-00169,3/15/2020,CUST14141,Nikhil Das,43,Male,Central,Raipur,Clothing,T-Shirt,2,3471.87,0.15,5928.17,1972.09,48.98,Credit Card,1,FALSE,Shipped,4
ORD-00168,3/15/2020,CUST93790,Nisha Singh,33,Female,Central,Indore,Clothing,Jeans,2,344.95,0.01,675.21,315.71,45.42,UPI,3,FALSE,Delivered,3
ORD-00167,3/13/2020,CUST51864,Amit Mishra,27,Female,West,Surat,Clothing,Dress,4,2696.21,0.22,8113.08,2313.16,51.64,UPI,1,FALSE,Delivered,3
ORD-00165,3/13/2020,CUST08515,Amit Mishra,25,Male,East,Bhubaneswar,Electronics,Headphones,3,21835.15,0.3,48564.04,6796.88,108.99,Net Banking,1,TRUE,Returned,3
ORD-00162,3/9/2020,CUST45896,Aditya Reddy,26,Male,Central,Indore,Electronics,Tablet,6,79957.92,0.21,431664.73,54036.34,51.2,Cash on Delivery,3,FALSE,Delivered,10
ORD-00160,3/8/2020,CUST53976,Sanjay Kapoor,35,Female,South,Kochi,Groceries,Rice (5kg),1,430.25,0.17,361.14,25.31,56.91,Credit Card,2,TRUE,Returned,5
ORD-00159,3/7/2020,CUST53040,Rahul Joshi,32,Other,Central,Bhopal,Sports,Yoga Mat,8,6252.97,0.2,42140.22,7612.27,48.73,Credit Card,3,FALSE,Delivered,3
ORD-00158,3/7/2020,CUST56042,Deepa Rao,35,Female,East,Bhubaneswar,Furniture,Desk,8,25624.31,0.12,188109.47,45753.79,65.63,Credit Card,1,FALSE,Delivered,3
ORD-00156,3/6/2020,CUST57074,Priya Singh,32,Male,Central,Indore,Clothing,T-Shirt,7,634.01,0.35,2632.38,1034.24,76.53,UPI,4,FALSE,Delivered,9
ORD-00155,3/5/2020,CUST46589,Sanjay Singh,29,Female,West,Mumbai,Groceries,Tea,7,363.04,0.17,1919.38,104.66,54.23,EMI,5,FALSE,Delivered,5
ORD-00154,3/5/2020,CUST48876,Sunita Singh,42,Male,South,Bangalore,Beauty,Sunscreen,6,1391.35,0.11,7920.74,3630.28,103.09,Credit Card,5,TRUE,Returned,1
ORD-00153,3/3/2020,CUST65087,Sunita Reddy,35,Female,East,Kolkata,Books,Cook Book,1,928.19,0.29,699.17,249.77,65.35,Net Banking,5,FALSE,Cancelled,9
ORD-00152,3/3/2020,CUST55982,Meera Bose,33,Male,Central,Nagpur,Sports,Yoga Mat,3,13678.04,0.12,35996.57,7972.68,67.88,Credit Card,4,FALSE,Delivered,8
ORD-00151,3/2/2020,CUST17244,Pooja Verma,36,Male,Central,Raipur,Furniture,Chair,3,5678.86,0.33,10585.41,3430.87,66.63,Debit Card,5,FALSE,delivered,6
ORD-00150,3/2/2020,CUST65041,Sunita Shah,28,Other,North,Delhi,Beauty,Shampoo,8,2402.3,0.14,17325.76,7864.22,28.34,Credit Card,2,FALSE,Delivered,5
ORD-00149,3/1/2020,CUST13333,Deepa Iyer,32,Male,West,Pune,Furniture,Bookshelf,5,31560.75,0.37,117876.02,35282.21,38.48,Cash on Delivery,4,FALSE,Delivered,5
ORD-00148,3/1/2020,CUST87452,Rohan Verma,15,Other,Central,Bhopal,Beauty,Hair Oil,6,1264.54,0.34,5200.08,2565.09,30.54,UPI,2,FALSE,Delivered,5
ORD-00147,3/1/2020,CUST66395,Arjun Sharma,15,Male,South,Hyderabad,Beauty,Perfume,3,584.36,0.36,1260.05,445.33,92.76,Credit Card,4,FALSE,Shipped,4
ORD-00145,2/28/2020,CUST49284,Meera Bhat,25,Male,South,Kochi,Electronics,Camera,6,35454.89,0.15,175411.87,19968.6,54.28,Credit Card,5,FALSE,Delivered,1
ORD-00142,2/27/2020,CUST82516,Ritu Joshi,40,Female,East,Bhubaneswar,Sports,Tennis Racket,1,11227.96,0.31,6220.68,1706.13,87.6,Net Banking,2,FALSE,Shipped,3
ORD-00141,2/25/2020,CUST83686,Ananya Iyer,42,Other,East,Guwahati,Beauty,Face Cream,9,900.37,0.12,6635.38,2823.39,81.17,Cash on Delivery,5,FALSE,Delivered,2
ORD-00140,2/24/2020,CUST51057,Rohan Verma,49,Female,Central,Bhopal,Beauty,Shampoo,3,2127.17,0.32,3803.64,1419.85,67.56,UPI,1,FALSE,Delivered,1
ORD-00138,2/24/2020,CUST54691,Priya Shah,27,Female,East,Patna,Beauty,Sunscreen,3,1655.54,0.25,2825.92,1777.23,81.69,UPI,3,FALSE,Delivered,5
ORD-00137,2/24/2020,CUST00764,Karan Bose,40,Male,West,Surat,Clothing,Jeans,7,2365.37,0.23,11584.23,4400.45,58.83,Net Banking,5,FALSE,Delivered,3
ORD-00135,2/23/2020,CUST09673,Ritu Nair,41,Male,West,Mumbai,Electronics,Tablet,9,39365.34,0.15,210085.4,19908.38,56.84,Debit Card,4,FALSE,Delivered,8
ORD-00134,2/22/2020,CUST26802,Sunita Nair,45,Female,North,Chandigarh,Clothing,Jacket,5,1949.23,0.3,6061.73,1667.61,64.71,Debit Card,5,FALSE,Delivered,9
ORD-00133,2/20/2020,CUST06416,Aditya Iyer,28,Male,West,Pune,Books,Textbook,9,657.44,0,5550.8,1842.41,53.36,EMI,1,FALSE,Cancelled,9
ORD-00132,2/20/2020,CUST20387,Ritu Mishra,26,Female,South,Kochi,Beauty,Lipstick,2,959.97,0.05,1563.91,630.51,71.85,EMI,4,FALSE,Delivered,2
ORD-00131,2/20/2020,CUST95462,Pooja Iyer,24,Female,North,Delhi,Groceries,Rice (5kg),10,378.08,0.08,2872.67,204.71,40.81,Debit Card,1,FALSE,Cancelled,2
ORD-00130,2/20/2020,CUST73625,Nisha Bose,28,Other,East,Guwahati,Books,Textbook,10,327.54,0.15,2755.17,1528.85,80.58,Debit Card,5,TRUE,Returned,2
ORD-00129,2/19/2020,CUST20302,Aditya Gupta,48,Other,South,Bangalore,Clothing,Saree,8,967.73,0.36,4117.6,1596.92,73.93,Credit Card,3,TRUE,Returned,6
ORD-00127,18/02/2020,CUST88548,Shreya Mishra,30,Other,East,Guwahati,Beauty,Hair Oil,3,1886.27,0.33,3436.09,1565.04,95.79,Net Banking,2,FALSE,Delivered,3
ORD-00125,17/02/2020,CUST87260,Aarav Chatterjee,46,Other,East,Kolkata,Groceries,Sugar,5,308.01,0.04,1315.86,56.05,55.47,Cash on Delivery,2,FALSE,Delivered,2
ORD-00124,2/16/2020,CUST06506,Vikram Mishra,32,Female,West,Mumbai,Electronics,Tablet,10,53531.64,0.13,400722.8,51938.51,58.35,Cash on Delivery,4,TRUE,Returned,10
ORD-00121,2/16/2020,CUST87494,Deepa Verma,62,Male,South,Hyderabad,Beauty,Shampoo,4,965.04,0.32,2121.23,1209.88,58.85,EMI,1,TRUE,Returned,6
ORD-00120,2/16/2020,CUST90788,Karan Singh,47,Other,North,Ludhiana,Sports,Cricket Bat,4,2203.36,0.17,7194.38,1176.36,73.93,Credit Card,1,FALSE,Cancelled,1
ORD-00119,2/12/2020,CUST18259,Shreya Patel,33,Other,North,Chandigarh,Beauty,Hair Oil,4,2389.73,0.01,8141.15,3856.93,52.24,EMI,1,TRUE,Returned,4
ORD-00118,2/12/2020,CUST27542,Rahul Shah,32,Female,North,Chandigarh,Sports,Cricket Bat,2,9059.97,0.28,10634.92,2775.6,59.56,EMI,3,FALSE,Delivered,7
ORD-00117,2/12/2020,CUST33188,Sanjay Joshi,48,Female,South,Kochi,Sports,Cycle,3,6047.51,0.08,13365.94,2741.49,36.15,Debit Card,4,FALSE,Delivered,3
ORD-00116,2/12/2020,CUST51634,Sunita Bose,52,Male,East,Patna,Sports,Tennis Racket,4,5949.42,0.34,11315.53,2670.63,82.54,EMI,5,FALSE,Delivered,4
ORD-00115,2/12/2020,CUST05374,Aditya Chatterjee,39,Female,South,Chennai,Beauty,Hair Oil,6,1270.36,0.06,5747.77,2669,62.46,EMI,3,FALSE,Delivered,8
ORD-00114,2/11/2020,CUST09240,Ananya Das,30,Male,North,Delhi,Books,Textbook,9,334.26,0.33,1656.41,547.21,64.37,Credit Card,3,TRUE,Returned,9
ORD-00113,2/11/2020,CUST93734,Meera Das,49,Other,North,Chandigarh,Groceries,Dal (1kg),7,315.99,0.13,1630.03,123.62,76.22,Credit Card,1,FALSE,Delivered,4
ORD-00112,2/11/2020,CUST64249,Kavya Kumar,31,Female,South,Hyderabad,Books,Comic Book,4,514.81,0.29,1258.03,506.71,90.95,Net Banking,3,TRUE,Returned,8
ORD-00110,2/10/2020,CUST80843,Vikram Mishra,5,Other,Central,Raipur,Groceries,Flour,8,426.33,0.16,2378.41,182.8,70.06,Debit Card,2,FALSE,Cancelled,8
ORD-00109,2/10/2020,CUST69131,Karan Reddy,37,Male,North,Ludhiana,Furniture,Wardrobe,8,18758.18,0.11,112518.3,31415.21,56.55,Net Banking,5,FALSE,Cancelled,6
ORD-00108,2/10/2020,CUST71620,Sunita Pillai,26,Male,South,Hyderabad,Furniture,Wardrobe,10,26170.61,0.14,206121.15,64822.6,51.37,Cash on Delivery,5,FALSE,Cancelled,10
ORD-00107,2/10/2020,CUST65665,Aarav Reddy,42,Male,North,Chandigarh,Books,Fiction Novel,6,1324.58,0.04,5636.59,2151.68,32.81,Net Banking,1,FALSE,Delivered,5
ORD-00106,2/10/2020,CUST55820,Deepa Reddy,24,Other,West,Pune,Books,Comic Book,1,747.6,0.35,467.87,188.11,49.6,Debit Card,1,FALSE,Delivered,9
ORD-00105,2/9/2020,CUST75337,Arjun Das,17,Female,East,Patna,Clothing,Kurta,9,2128.77,0.1,14568.16,4173.45,75.33,UPI,3,FALSE,Delivered,8
ORD-00104,2/9/2020,CUST30691,Ritu Mishra,47,Other,Central,Indore,Sports,Tennis Racket,9,13043.73,0.25,74033.85,18187.78,74.92,Debit Card,3,FALSE,Delivered,3
ORD-00103,2/9/2020,CUST60692,Sunita Kumar,38,Other,West,Pune,Electronics,Laptop,5,79820.4,0.39,221917.54,22317.55,38.44,Net Banking,1,FALSE,Pending,8
ORD-00102,2/8/2020,CUST59146,Nikhil Kapoor,39,Other,East,Kolkata,Groceries,Cooking Oil,4,151.09,0.02,515.74,42.51,80.21,Debit Card,2,FALSE,Delivered,10
ORD-00101,8/2/2020,CUST45487,Sunita Joshi,34,Other,West,Pune,Books,Cook Book,8,1325.02,0.09,8717.89,3265.49,41.67,Debit Card,2,FALSE,Cancelled,5
ORD-00100,2/8/2020,CUST38913,Rohan Nair,20,Male,South,Kochi,Groceries,Tea,9,125.81,0.24,845.95,45.94,75.38,Debit Card,1,FALSE,Shipped,3
ORD-00097,2/7/2020,CUST92061,Aditya Kumar,27,Other,South,Kochi,Beauty,Hair Oil,1,918.65,0.09,643.64,333.85,73.92,Credit Card,3,FALSE,Shipped,10
ORD-00096,2/7/2020,CUST66932,Shreya Reddy,38,Other,North,Amritsar,Sports,Dumbbells,3,2728.31,0.24,5207.64,802.54,36.26,Credit Card,1,TRUE,Returned,10
ORD-00095,2/6/2020,CUST17595,Ritu Iyer,30,Male,Central,Nagpur,Beauty,Face Cream,5,1398.56,0.11,5755.36,2371.83,41.33,Cash on Delivery,1,FALSE,Delivered,2
ORD-00094,2/6/2020,CUST12581,Sanjay Gupta,56,Female,West,Ahmedabad,Clothing,Kurta,5,1920.61,0.27,5697.27,2295.66,69.18,Credit Card,5,FALSE,Delivered,10
ORD-00093,2/6/2020,CUST28742,Kavya Bhat,38,Female,East,Kolkata,Beauty,Hair Oil,3,1535.87,0.04,3186.03,1346.8,86.51,Cash on Delivery,5,TRUE,Returned,7
ORD-00092,2/5/2020,CUST33858,Sunita Bose,37,Male,West,Surat,Sports,Yoga Mat,10,8101.49,0.21,51880.09,7573.04,83.71,Net Banking,2,TRUE,Returned,7
ORD-00091,2/5/2020,CUST57456,Sanjay Chatterjee,16,Female,West,Mumbai,Furniture,Chair,2,23012.97,0.03,33590.83,8197.84,60.46,Debit Card,5,FALSE,Delivered,9
ORD-00089,2/4/2020,CUST25767,Nisha Sharma,28,Female,Central,Nagpur,Books,Self-Help Book,8,466.79,0.13,2614.74,1118.74,75.51,Net Banking,1,TRUE,Returned,10
ORD-00088,2/4/2020,CUST25625,Meera Kapoor,34,Other,North,Delhi,Electronics,Camera,7,60474.12,0.04,377022.96,37668.94,62.96,Net Banking,4,FALSE,Shipped,7
ORD-00087,2/4/2020,CUST92405,Aditya Nair,19,Female,South,Hyderabad,Furniture,Desk,9,31457.07,0.1,190620.36,52175.19,103.27,Cash on Delivery,3,FALSE,Delivered,6
ORD-00085,2/3/2020,CUST18248,Ananya Mehta,48,Other,East,Patna,Sports,Football,2,4104.31,0.08,5892.6,1384.77,72.46,EMI,1,FALSE,Delivered,6
ORD-00084,2/3/2020,CUST43984,Meera Kumar,58,Male,North,Ludhiana,Clothing,Kurta,2,1849.33,0.36,2115.12,453.68,31.92,UPI,5,FALSE,Delivered,5
ORD-00083,2/1/2020,CUST84754,Meera Shah,45,Other,Central,Nagpur,Clothing,Jeans,8,1746.58,0.14,9981.19,3692.11,25.32,Debit Card,3,FALSE,Shipped,3
ORD-00082,2/1/2020,CUST20826,Ananya Bose,38,Female,East,Guwahati,Clothing,Jeans,2,2078.45,0.17,2642.47,1089.57,80.23,Debit Card,5,FALSE,Delivered,4
ORD-00080,1/29/2020,CUST06153,Nisha Iyer,63,Female,Central,Raipur,Clothing,Kurta,8,2567.53,0.19,11109.98,3121.39,65.38,Credit Card,3,FALSE,Delivered,2
ORD-00079,1/29/2020,CUST80503,Sunita Bhat,32,Other,Central,Raipur,Books,Biography,10,1068.22,0.28,6120.48,1959.21,71.19,Net Banking,5,FALSE,Delivered,10
ORD-00078,1/29/2020,CUST03970,Arjun Kumar,21,Other,South,Bangalore,Furniture,Chair,7,4470.73,0.09,22350.68,8417.62,45.52,Cash on Delivery,4,FALSE,Delivered,6
ORD-00077,1/29/2020,CUST29476,Pooja Mishra,32,Female,Central,Raipur,Groceries,Cooking Oil,3,111.25,0.34,169.55,14.81,67.44,Net Banking,4,TRUE,Returned,2
ORD-00076,1/29/2020,CUST67944,Vikram Singh,13,Other,Central,Indore,Sports,Dumbbells,2,13459.3,0.24,17258.31,2829,42.24,UPI,1,FALSE,Delivered,4
ORD-00075,1/28/2020,CUST92174,Amit Iyer,46,Male,West,Surat,Groceries,Cooking Oil,9,225.4,0.26,1125.86,112.52,48.11,Net Banking,1,TRUE,Returned,2
ORD-00074,1/28/2020,CUST91087,Meera Shah,40,Female,East,Patna,Furniture,Chair,8,33648.87,0.27,165959.55,58848.22,90.58,Net Banking,4,TRUE,Returned,9
ORD-00073,1/28/2020,CUST44662,Ananya Nair,999,Male,North,Delhi,Sports,Dumbbells,4,12945.28,0.13,31129.56,7042.29,65.38,Credit Card,5,FALSE,Delivered,4
ORD-00072,1/28/2020,CUST86139,Nisha Mishra,35,Male,South,Bangalore,Beauty,Hair Oil,3,464.07,0.37,595.39,342.46,60.75,UPI,5,FALSE,Delivered,5
ORD-00071,1/27/2020,CUST06330,Priya Kapoor,24,Female,West,Pune,Books,Biography,8,493.36,0.34,1942.7,742.64,52.85,Credit Card,4,FALSE,Delivered,6
ORD-00070,1/27/2020,CUST26658,Pooja Kapoor,19,Other,South,Hyderabad,Electronics,Camera,4,17422.66,0.07,52626.5,6738.52,87.09,EMI,2,TRUE,Returned,2
ORD-00068,25/01/2020,CUST52906,Rohan Bose,22,Other,North,Ludhiana,Clothing,Kurta,9,3803.5,0.19,20906.55,4385.49,29.15,UPI,5,FALSE,Delivered,10
ORD-00065,1/24/2020,CUST46511,Aditya Mehta,38,Male,Central,Bhopal,Sports,Tennis Racket,7,11809.1,0.37,39451.25,8489.59,52.58,UPI,1,TRUE,Returned,5
ORD-00064,1/23/2020,CUST37898,Shreya Patel,53,Female,North,Ludhiana,Clothing,Kurta,1,3054,0.03,2217.29,558.25,82.49,EMI,4,FALSE,Delivered,9
ORD-00062,1/23/2020,CUST64715,Aarav Rao,37,Female,North,Delhi,Sports,Football,1,2554.77,0.07,1705.43,376.62,65.44,Credit Card,2,FALSE,Delivered,2
ORD-00061,1/22/2020,CUST42186,Priya Mehta,10,Female,West,Mumbai,Sports,Football,9,6264.59,0.37,26063.19,6986.91,56.65,Net Banking,2,TRUE,Returned,4
ORD-00059,1/22/2020,CUST44752,Rahul Chatterjee,17,Male,East,Kolkata,Furniture,Sofa,8,16934.64,0.35,65194.48,16163.86,73.23,Debit Card,5,TRUE,Returned,4
ORD-00058,1/22/2020,CUST60127,Ritu Kapoor,16,Other,South,Bangalore,Books,Textbook,4,363.32,0.07,1026.5,410.28,89.93,EMI,5,FALSE,Shipped,5
ORD-00055,1/21/2020,CUST98423,Arjun Kumar,37,Other,East,Guwahati,Groceries,Flour,2,61.44,0.12,83.9,6.89,72.83,UPI,2,FALSE,Delivered,1
ORD-00054,1/21/2020,CUST65539,Meera Patel,37,Other,East,Guwahati,Furniture,Chair,5,27804.49,0.3,77191.05,24198.91,77.82,UPI,3,FALSE,Delivered,4
ORD-00053,1/21/2020,CUST07190,Deepa Kapoor,33,Other,East,Guwahati,Beauty,Lipstick,9,1931.61,0.35,10532.18,5257.88,98.73,Net Banking,5,FALSE,Delivered,3
ORD-00052,1/21/2020,CUST08694,Shreya Nair,30,Other,East,Patna,Groceries,Flour,8,93.43,0.03,527.34,58.06,67.75,Credit Card,5,FALSE,Shipped,3
ORD-00051,1/20/2020,CUST27973,Shreya Pillai,13,Male,South,Hyderabad,Beauty,Perfume,6,1952.59,0.14,6658.21,3867.94,38.17,Credit Card,1,FALSE,Shipped,8
ORD-00050,1/19/2020,CUST20234,Rahul Patel,30,Other,South,Hyderabad,Clothing,Jacket,9,1560.64,0.03,9605.16,2702.45,71.03,Cash on Delivery,5,FALSE,Delivered,4
ORD-00049,1/19/2020,CUST43401,Sanjay Bose,21,Other,North,Delhi,Furniture,Sofa,3,34890.63,0.29,64727.53,18067.63,40.97,Net Banking,5,FALSE,Shipped,3
ORD-00048,1/19/2020,CUST66040,Amit Chatterjee,39,Female,West,Surat,Furniture,Wardrobe,2,27360.86,0.37,23527.01,6855.56,58.81,UPI,4,FALSE,Cancelled,4
ORD-00047,1/19/2020,CUST03104,Nisha Shah,33,Female,South,Hyderabad,Sports,Dumbbells,3,2208.38,0.02,5472.63,1191.19,87.33,Net Banking,2,FALSE,Delivered,5
ORD-00046,1/18/2020,CUST01705,Priya Iyer,29,Female,West,Pune,Clothing,Dress,1,2597.86,0.22,1513.98,537.05,56.63,Cash on Delivery,4,FALSE,Cancelled,8
ORD-00045,1/18/2020,CUST28149,Amit Nair,35,Male,West,Ahmedabad,Beauty,Sunscreen,4,1072.98,0.33,2172.24,728.67,54.1,Net Banking,2,FALSE,delivered,8
ORD-00044,1/17/2020,CUST88344,Arjun Nair,21,Other,West,Mumbai,Groceries,Cooking Oil,7,134.49,0.17,553.96,54.43,58.18,EMI,1,TRUE,Returned,9
ORD-00043,1/17/2020,CUST34094,Ananya Pillai,34,Other,East,Guwahati,Furniture,Chair,9,20878.86,0,146912.47,46428.4,74.6,Credit Card,2,FALSE,Cancelled,4
ORD-00042,1/17/2020,CUST56144,Shreya Singh,29,Male,East,Patna,Beauty,Shampoo,4,487.69,0.27,999.41,440.68,86.54,Credit Card,3,FALSE,Delivered,6
ORD-00041,1/16/2020,CUST87348,Karan Patel,57,Female,Central,Nagpur,Electronics,Smartphone,7,52597.3,0.26,203835.56,25641.97,41.61,UPI,2,FALSE,Delivered,1
ORD-00039,1/15/2020,CUST51057,Aarav Pillai,15,Male,West,Mumbai,Beauty,Perfume,6,1616.14,0.37,4074.48,1744.23,70.31,Net Banking,2,FALSE,Delivered,3
ORD-00038,1/14/2020,CUST79223,Sunita Reddy,20,Male,East,Kolkata,Books,Fiction Novel,1,1172.06,0.18,613.66,243.99,62.05,Cash on Delivery,4,FALSE,Delivered,1
ORD-00037,1/14/2020,CUST89513,Nisha Sharma,48,Female,East,Patna,Furniture,Wardrobe,7,6792.29,0.32,21828,4870.2,107.06,Cash on Delivery,1,FALSE,Shipped,5
ORD-00036,1/14/2020,CUST38423,Kavya Nair,26,Female,East,Patna,Furniture,Desk,3,12822.15,0.01,29713.41,10599.17,86.21,UPI,2,TRUE,Returned,9
ORD-00035,1/13/2020,CUST07419,Priya Nair,33,Female,West,Ahmedabad,Sports,Tennis Racket,3,14820.82,0.39,21635.72,4987.3,45,Debit Card,3,FALSE,Delivered,5
ORD-00034,1/12/2020,CUST21613,Arjun Das,49,Other,West,Mumbai,Groceries,Flour,0,315.85,0.13,203.41,13.82,60.46,Cash on Delivery,5,FALSE,Delivered,10
ORD-00033,1/12/2020,CUST74345,Shreya Patel,18,Male,South,Hyderabad,Books,Textbook,2,626.54,0.21,805.43,364.25,56.69,UPI,3,FALSE,Delivered,8
ORD-00032,1/12/2020,CUST11636,Deepa Rao,33,Female,South,Chennai,Clothing,Jacket,5,982.12,0.14,3024.95,1479.25,87.03,Debit Card,1,FALSE,Cancelled,6
ORD-00030,1/11/2020,CUST05185,Sanjay Rao,35,Other,East,Kolkata,Books,Fiction Novel,2,1132.17,0.12,1451.01,458.01,90.46,UPI,5,FALSE,Cancelled,6
ORD-00029,1/11/2020,CUST78062,Arjun Bhat,29,Other,West,Ahmedabad,Clothing,Jeans,8,2738.08,0.04,15129.46,7413.18,61.16,Debit Card,1,FALSE,Delivered,9
ORD-00028,1/11/2020,CUST03400,Karan Mishra,23,Male,Central,Indore,Sports,Football,7,12178.99,0.01,66009.55,17076.44,51.51,UPI,5,FALSE,Cancelled,10
ORD-00027,1/11/2020,CUST34383,Kavya Chatterjee,20,Female,West,Pune,Sports,Football,5,2324.58,0.2,8032.2,1662.26,52.62,EMI,3,FALSE,Cancelled,4
ORD-00026,1/10/2020,CUST14542,Kavya Chatterjee,31,Female,South,Kochi,Groceries,Flour,7,423.99,0.21,1984.26,189.37,45.05,Cash on Delivery,1,FALSE,Delivered,8
ORD-00025,1/10/2020,CUST91373,Karan Iyer,52,Female,West,Mumbai,Books,Cook Book,10,324.41,0.32,1810.18,903.99,48.24,UPI,3,FALSE,Delivered,4
ORD-00024,1/10/2020,CUST27593,Nikhil Mehta,23,Male,South,Bangalore,Sports,Yoga Mat,9,14375.13,0.19,85772.89,14206.15,58.57,Net Banking,5,FALSE,Delivered,2
ORD-00023,1/9/2020,CUST78914,Ritu Rao,44,Female,West,Pune,Furniture,Desk,8,12654.92,0.37,44039.5,13136.75,75.7,Cash on Delivery,1,FALSE,Delivered,1
ORD-00022,1/9/2020,CUST85754,Meera Bose,54,Male,South,Kochi,Groceries,Sugar,1,454.8,0.36,220.25,21.68,67.9,Cash on Delivery,2,FALSE,Delivered,6
ORD-00021,1/8/2020,CUST80727,Shreya Pillai,49,Other,North,Amritsar,Sports,Cycle,10,510.46,0.33,3117.15,595.15,69.01,EMI,4,FALSE,Delivered,3
ORD-00020,8/1/2020,CUST05879,Nisha Nair,12,Other,Central,Nagpur,Sports,Dumbbells,2,2448.88,0.08,3192.22,355.63,47.54,Cash on Delivery,3,FALSE,Delivered,9
ORD-00019,1/7/2020,CUST27279,Sunita Iyer,26,Male,Central,Nagpur,Groceries,Sugar,6,435.26,0.24,1450.57,128.4,57.95,Net Banking,5,FALSE,Pending,3
ORD-00018,1/7/2020,CUST36404,Pooja Iyer,13,Other,West,Pune,Electronics,Laptop,9,77654.78,0.22,381614.84,51058.62,52.7,Credit Card,2,FALSE,Cancelled,10
ORD-00017,1/7/2020,CUST24691,Pooja Reddy,40,Female,West,Ahmedabad,Furniture,Desk,5,5040.09,0.17,16406.42,4616.87,51.71,UPI,3,FALSE,delivered,9
ORD-00015,1/5/2020,CUST32301,Arjun Bhat,41,Male,South,Kochi,Groceries,Tea,6,375.14,0.19,1288.33,89.5,54.85,Debit Card,1,FALSE,delivered,9
ORD-00014,1/5/2020,CUST18131,Karan Sharma,52,Male,West,Surat,Clothing,Dress,3,471.05,0.16,815.57,414.35,64.24,Cash on Delivery,2,FALSE,Delivered,6
ORD-00013,4/1/2020,CUST86980,Rahul Sharma,31,Male,East,Bhubaneswar,Groceries,Rice (5kg),5,380.73,0.38,891.35,63.05,69.35,UPI,5,FALSE,Shipped,4
ORD-00012,1/4/2020,CUST61608,Karan Singh,21,Male,West,Ahmedabad,Electronics,Laptop,9,29868.65,0.32,117822.65,12480.5,51.76,UPI,1,FALSE,Delivered,9
ORD-00011,1/3/2020,CUST64950,Nisha Mehta,23,Female,South,Hyderabad,Furniture,Sofa,8,22523.15,0.34,95036.79,29818.97,65.72,EMI,2,FALSE,Delivered,5
ORD-00010,3/1/2020,CUST07407,Amit Bose,26,Other,South,Hyderabad,Clothing,Jacket,1,1792.52,0.38,862.61,322.56,69.84,EMI,4,TRUE,Returned,8
ORD-00009,1/2/2020,CUST92855,Rahul Chatterjee,57,Female,Central,Indore,Electronics,Smartphone,7,7248.51,0.04,35721.05,2520.31,54.45,Cash on Delivery,1,FALSE,Cancelled,3
ORD-00008,1/2/2020,CUST27101,Shreya Kumar,45,Male,East,Patna,Books,Cook Book,2,435.28,0.32,400.93,152.9,54.81,Cash on Delivery,2,FALSE,Cancelled,9
ORD-00007,1/2/2020,CUST36722,Pooja Nair,40,Male,West,Mumbai,Clothing,Saree,8,3870.61,0.06,21825.83,9142,72.61,Net Banking,1,TRUE,Returned,2
ORD-00006,1/2/2020,CUST13639,Karan Bose,50,Female,North,Chandigarh,Groceries,Dal (1kg),7,238.66,0.05,1361.86,110.98,46.42,Debit Card,4,FALSE,Delivered,2
ORD-00005,1/2/2020,CUST66045,Aditya Singh,45,Other,East,Kolkata,Books,Textbook,6,682.59,0.22,2460.25,680.71,76.22,Debit Card,1,TRUE,Returned,3
ORD-00004,1/1/2020,CUST59539,Aarav Rao,43,Male,Central,Raipur,Beauty,Shampoo,1,2179.09,0.26,1240,548.45,71,Debit Card,5,FALSE,Pending,9
ORD-00002,1/1/2020,CUST51802,Sunita Das,29,Male,West,Pune,Clothing,Jeans,4,2870.76,0.08,7950.72,2135.16,55.33,UPI,3,FALSE,Cancelled,1
ORD-00001,1/1/2020,CUST20767,Amit Mishra,67,Female,Central,Indore,Sports,Cricket Bat,4,2355.25,0.33,5079.04,1080.08,44.79,Credit Card,3,FALSE,Delivered,8
,,,,,,,,,,,,,,,,,,,,
,,,,,,,,,,,,,,,,,,,,
,,,,,,,,,,,,,,,,,,,,
,,,,,,,,,,,,,,,,,,,,
,,,,,,,,,,,,,,,,,,,,
,,,,,,,,,,,,,,,,,,,,
,,,,,,,,,,,,,,,,,,,,
,,,,,,,,,,,,,,,,,,,,
,,,,,,,,,,,,,,,,,,,,
,,,,,,,,,,,,,,,,,,,,
,,,,,,,,,,,,,,,,,,,,
,,,,,,,,,,,,,,,,,,,,
,,,,,,,,,,,,,,,,,,,,
,,,,,,,,,,,,,,,,,,,,
,,,,,,,,,,,,,,,,,,,,
,,,,,,,,,,,,,,,,,,,,
,,,,,,,,,,,,,,,,,,,,
,,,,,,,,,,,,,,,,,,,,
,,,,,,,,,,,,,,,,,,,,
,,,,,,,,,,,,,,,,,,,,
,,,,,,,,,,,,,,,,,,,,
,,,,,,,,,,,,,,,,,,,,
,,,,,,,,,,,,,,,,,,,,
,,,,,,,,,,,,,,,,,,,,
,,,,,,,,,,,,,,,,,,,,
,,,,,,,,,,,,,,,,,,,,
,,,,,,,,,,,,,,,,,,,,
,,,,,,,,,,,,,,,,,,,,
,,,,,,,,,,,,,,,,,,,,
,,,,,,,,,,,,,,,,,,,,
,,,,,,,,,,,,,,,,,,,,
,,,,,,,,,,,,,,,,,,,,
,,,,,,,,,,,,,,,,,,,,
,,,,,,,,,,,,,,,,,,,,
,,,,,,,,,,,,,,,,,,,,
,,,,,,,,,,,,,,,,,,,,
,,,,,,,,,,,,,,,,,,,,
,,,,,,,,,,,,,,,,,,,,
,,,,,,,,,,,,,,,,,,,,
,,,,,,,,,,,,,,,,,,,,
,,,,,,,,,,,,,,,,,,,,
,,,,,,,,,,,,,,,,,,,,
,,,,,,,,,,,,,,,,,,,,
,,,,,,,,,,,,,,,,,,,,
,,,,,,,,,,,,,,,,,,,,
,,,,,,,,,,,,,,,,,,,,
,,,,,,,,,,,,,,,,,,,,
,,,,,,,,,,,,,,,,,,,,
,,,,,,,,,,,,,,,,,,,,
,,,,,,,,,,,,,,,,,,,,
,,,,,,,,,,,,,,,,,,,,
,,,,,,,,,,,,,,,,,,,,
,,,,,,,,,,,,,,,,,,,,
,,,,,,,,,,,,,,,,,,,,
,,,,,,,,,,,,,,,,,,,,
,,,,,,,,,,,,,,,,,,,,
,,,,,,,,,,,,,,,,,,,,
,,,,,,,,,,,,,,,,,,,,
,,,,,,,,,,,,,,,,,,,,
,,,,,,,,,,,,,,,,,,,,
,,,,,,,,,,,,,,,,,,,,
,,,,,,,,,,,,,,,,,,,,
,,,,,,,,,,,,,,,,,,,,
,,,,,,,,,,,,,,,,,,,,
,,,,,,,,,,,,,,,,,,,,
,,,,,,,,,,,,,,,,,,,,
,,,,,,,,,,,,,,,,,,,,
